User,Card,Year,Month,Day,Time,Amount,Use Chip,Merchant Name,Merchant City,Merchant State,Zip,MCC,Errors?
1206,0,2019,9,5,18:51,$61.99,Chip Transaction,-1.6423E+18,Rome,Italy,,5912,
1996,3,2019,6,22,19:16,$4.30,Chip Transaction,3.18952E+18,Rome,Italy,,5311,
0,3,2019,2,19,06:25,$117.41,Swipe Transaction,-7.27612E+17,Monterey Park,CA,91754,5411,
1364,2,2019,5,11,14:46,$44.82,Chip Transaction,-7.27612E+17,Rome,Italy,,5411,
940,2,2019,10,12,15:57,$0.31,Chip Transaction,2.91975E+18,Rome,Italy,,5932,
1099,3,2019,6,18,14:14,$7.24,Chip Transaction,-2.45178E+17,Rome,Italy,,5311,
2,0,2019,10,13,07:54,$9.74,Chip Transaction,-6.03533E+18,Alhambra,CA,91801,5812,
0,2,2019,2,11,06:38,$44.38,Chip Transaction,4.06065E+18,La Verne,CA,91750,5411,
2,0,2019,1,30,13:02,$10.41,Chip Transaction,-3.89612E+17,West Covina,CA,91792,7230,
1725,0,2019,8,10,15:02,$6.08,Chip Transaction,3.18952E+18,Rome,Italy,,5311,
365,2,2019,5,9,14:48,$130.25,Chip Transaction,6.0514E+18,Rome,Italy,,5310,"Bad PIN,"
1298,2,2019,9,3,15:44,$367.00,Swipe Transaction,-7.80705E+18,Rome,Italy,,3684,
1505,1,2019,9,7,14:27,$0.58,Chip Transaction,4.57388E+18,Rome,Italy,,5045,
1620,3,2019,8,27,13:51,$16.63,Chip Transaction,3.18952E+18,Rome,Italy,,5311,
1558,2,2019,5,11,17:21,$78.79,Chip Transaction,3.41453E+18,Rome,Italy,,5651,
0,3,2019,7,30,20:08,$103.19,Swipe Transaction,-4.50054E+18,La Verne,CA,91750,5814,
643,0,2019,4,5,11:56,$79.65,Chip Transaction,6.0514E+18,Rome,Italy,,5310,
0,3,2019,5,10,06:06,$134.57,Swipe Transaction,5.81722E+18,La Verne,CA,91750,5912,
0,2,2020,2,27,14:55,$-150.00,Chip Transaction,1.27047E+18,Waianae,HI,96792,3730,
1206,0,2019,9,16,15:20,$32.20,Chip Transaction,4.8349E+17,Rome,Italy,,3504,
2,0,2019,8,17,04:24,$23.07,Swipe Transaction,-1.64421E+18,West Covina,CA,91792,5813,
0,3,2020,1,24,06:57,$50.60,Swipe Transaction,5.81722E+18,La Verne,CA,91750,5912,
1,2,2019,9,11,13:58,$94.00,Chip Transaction,-6.47164E+18,Edna,TX,77957,7538,
478,0,2019,10,27,14:54,$2.55,Chip Transaction,-1.12121E+17,Rome,Italy,,3509,
1366,1,2019,5,21,19:59,$294.00,Chip Transaction,4.8349E+17,Rome,Italy,,3504,
2,0,2019,8,9,11:18,$9.70,Chip Transaction,4.72291E+18,Alhambra,CA,91801,5411,
1478,3,2019,6,4,10:34,$54.38,Chip Transaction,7.48862E+18,Rome,Italy,,5651,
1895,0,2019,2,2,14:52,$63.34,Chip Transaction,7.06958E+18,Rome,Italy,,5812,
0,0,2019,3,4,09:40,$61.21,Chip Transaction,-3.34594E+18,La Verne,CA,91750,7538,
0,2,2019,6,4,06:08,$71.98,Chip Transaction,-3.45515E+16,La Verne,CA,91750,5912,
2,0,2020,1,1,04:35,$53.08,Online Transaction,-6.45844E+18, ONLINE,,,4784,
2,0,2019,7,24,04:39,$42.69,Online Transaction,-6.45844E+18, ONLINE,,,4784,
0,2,2019,1,19,18:28,$15.32,Online Transaction,-7.42109E+18, ONLINE,,,5311,
2,0,2019,12,4,14:42,$46.05,Online Transaction,-6.45844E+18, ONLINE,,,4784,
1717,4,2019,8,1,17:11,$60.94,Swipe Transaction,6.99836E+18,Rome,Italy,,5411,
1581,1,2019,6,15,14:37,$19.04,Chip Transaction,2.02755E+18,Rome,Italy,,5541,
0,1,2019,4,5,06:45,$31.37,Chip Transaction,-5.47568E+18,Monterey Park,CA,91755,5942,
0,3,2020,2,4,13:57,$58.22,Online Transaction,-7.42109E+18, ONLINE,,,5311,
1802,0,2019,2,19,12:27,$240.84,Swipe Transaction,-7.81388E+17,Rome,Italy,,3009,
2,0,2020,1,14,06:36,$11.62,Chip Transaction,4.72291E+18,Alhambra,CA,91801,5411,
1,3,2019,5,24,15:13,$12.65,Chip Transaction,6.09856E+18,Elmhurst,NY,11373,4214,
1003,5,2019,9,28,16:15,$8.01,Chip Transaction,-1.6423E+18,Rome,Italy,,5912,
1620,3,2019,9,2,13:39,$320.20,Chip Transaction,4.8349E+17,Rome,Italy,,3504,
1,1,2019,11,2,10:16,$89.03,Chip Transaction,1.10189E+18,Little Neck,NY,11363,5310,
520,3,2019,2,23,11:08,$0.65,Chip Transaction,7.06958E+18,Rome,Italy,,5812,
0,3,2019,12,1,06:29,$125.44,Swipe Transaction,4.06065E+18,La Verne,CA,91750,5411,
2,0,2019,7,18,23:18,$1.90,Chip Transaction,6.6665E+18,West Covina,CA,91792,5499,
2,0,2019,2,7,23:56,$1.15,Chip Transaction,6.6665E+18,West Covina,CA,91792,5499,
0,0,2019,2,16,09:41,$74.53,Chip Transaction,3.95215E+18,La Verne,CA,91750,7538,
165,0,2019,5,16,11:14,$249.90,Chip Transaction,4.8349E+17,Rome,Italy,,3504,
1926,4,2019,6,13,10:53,$71.78,Chip Transaction,6.0514E+18,Rome,Italy,,5310,
2,0,2020,2,11,06:58,$11.86,Chip Transaction,-5.86136E+18,West Covina,CA,91792,5912,
1,2,2019,9,11,20:15,$187.07,Chip Transaction,1.90253E+17,Hallettsville,TX,77964,3359,
0,3,2019,8,3,14:23,$3.38,Swipe Transaction,3.56025E+17,La Verne,CA,91750,5921,
1,3,2019,3,20,10:05,$75.27,Chip Transaction,-6.76107E+18,Corona,NY,11368,5310,
908,1,2019,10,1,19:06,$42.08,Chip Transaction,-1.6423E+18,Rome,Italy,,5912,
1781,1,2019,5,21,15:20,$5.83,Chip Transaction,6.99836E+18,Rome,Italy,,5411,
1996,3,2019,7,1,11:15,$57.38,Chip Transaction,1.90253E+17,Rome,Italy,,3359,
370,0,2019,9,24,16:41,$89.51,Chip Transaction,-2.45178E+17,Rome,Italy,,5311,
2,1,2019,1,6,09:37,$45.53,Online Transaction,-6.45844E+18, ONLINE,,,4784,
0,3,2019,9,14,09:49,$64.37,Swipe Transaction,-3.34594E+18,La Verne,CA,91750,7538,
1,2,2019,7,30,18:31,$57.27,Chip Transaction,-7.05207E+18,Little Neck,NY,11363,5814,
1,1,2019,5,11,14:05,$488.00,Chip Transaction,-7.80705E+18,Rome,Italy,,3684,
1320,5,2019,8,8,18:23,$0.16,Chip Transaction,-4.75206E+18,Rome,Italy,,4214,
2,0,2019,5,17,14:52,$41.30,Online Transaction,-6.45844E+18, ONLINE,,,4784,
1776,0,2019,9,17,11:00,$10.48,Chip Transaction,-4.75206E+18,Rome,Italy,,4214,
643,0,2019,4,4,11:07,$70.03,Chip Transaction,-3.39554E+18,Rome,Italy,,5311,"Bad PIN,Insufficient Balance,"
0,3,2019,10,28,06:44,$39.10,Swipe Transaction,-3.45515E+16,La Verne,CA,91750,5912,
509,1,2019,1,4,15:12,$13.52,Swipe Transaction,1.79919E+18,Rome,Italy,,5499,
0,3,2019,4,20,07:36,$45.54,Swipe Transaction,4.06065E+18,La Verne,CA,91750,5411,
0,3,2019,5,24,13:02,$206.81,Swipe Transaction,7.94533E+18,La Verne,CA,91750,4900,
1487,0,2019,8,6,10:54,$9.88,Chip Transaction,5.50735E+18,Rome,Italy,,4121,
2,0,2020,2,9,14:39,$41.84,Online Transaction,-6.45844E+18, ONLINE,,,4784,
2,0,2019,8,3,14:46,$142.24,Swipe Transaction,-3.69365E+18,Alhambra,CA,91801,4814,
2,0,2019,9,26,05:06,$40.91,Online Transaction,-6.45844E+18, ONLINE,,,4784,
0,3,2019,7,26,07:29,$145.00,Swipe Transaction,-3.45515E+16,La Verne,CA,91750,5912,
1,2,2019,8,8,18:59,$77.92,Chip Transaction,-7.61276E+18,Ogdensburg,NJ,7439,5812,
0,3,2019,2,16,05:03,$135.01,Swipe Transaction,5.81722E+18,La Verne,CA,91750,5912,
1,2,2019,6,2,06:56,$108.48,Chip Transaction,1.91348E+18,Fresh Meadows,NY,11366,5300,
0,2,2019,4,21,09:25,$72.95,Chip Transaction,4.05526E+18,La Verne,CA,91750,7538,
0,0,2019,12,2,06:21,$135.58,Chip Transaction,-7.27612E+17,Monterey Park,CA,91754,5411,
2,0,2020,2,20,09:38,$50.66,Online Transaction,-6.45844E+18, ONLINE,,,4784,
0,1,2019,8,26,09:58,$73.19,Chip Transaction,-3.34594E+18,La Verne,CA,91750,7538,
0,3,2019,8,8,06:13,$127.83,Swipe Transaction,2.02755E+18,Mira Loma,CA,91752,5541,
0,2,2019,9,10,06:18,$119.24,Online Transaction,7.0356E+18, ONLINE,,,5311,
450,0,2019,4,4,12:36,$257.00,Chip Transaction,4.8349E+17,Rome,Italy,,3504,
1,2,2019,5,7,06:29,$14.05,Chip Transaction,1.79919E+18,Little Neck,NY,11363,5499,
2,0,2020,1,28,14:30,$66.74,Online Transaction,-6.45844E+18, ONLINE,,,4784,
0,3,2020,1,6,23:31,$128.30,Swipe Transaction,-1.12121E+17,Brownsville,TX,78520,3509,
1790,0,2019,3,19,13:51,$9.45,Chip Transaction,6.0514E+18,Rome,Italy,,5310,
1002,1,2019,6,20,16:33,$17.32,Chip Transaction,-7.27612E+17,Rome,Italy,,5411,
182,0,2019,1,26,12:42,$86.00,Chip Transaction,-5.16204E+18,Rome,Italy,,5541,
2,0,2020,1,10,09:32,$49.66,Online Transaction,-6.45844E+18, ONLINE,,,4784,
0,3,2019,9,20,06:58,$38.28,Swipe Transaction,-5.47568E+18,Monterey Park,CA,91755,5942,
914,4,2019,1,26,13:08,$117.51,Chip Transaction,-1.6423E+18,Rome,Italy,,5912,"Bad PIN,"
190,2,2019,8,29,17:57,$18.66,Chip Transaction,-7.5187E+18,Rome,Italy,,5813,
901,1,2019,4,19,15:29,$54.85,Chip Transaction,9.05774E+18,Rome,Italy,,5311,
2,0,2019,11,6,14:05,$118.04,Chip Transaction,-3.63592E+18,West Covina,CA,91792,8041,
50,2,2019,4,20,18:28,$1.78,Chip Transaction,-6.01867E+18,Rome,Italy,,5947,
441,0,2019,6,25,17:58,$0.64,Chip Transaction,6.0514E+18,Rome,Italy,,5310,
0,3,2019,2,12,06:18,$117.18,Swipe Transaction,-3.45515E+16,La Verne,CA,91750,5912,
0,1,2019,7,17,14:17,$59.79,Chip Transaction,-7.27612E+17,Monterey Park,CA,91754,5411,
2,0,2019,8,22,06:42,$12.14,Chip Transaction,-5.47568E+18,Spring Valley,CA,91977,5942,
0,1,2019,11,11,06:47,$25.54,Chip Transaction,5.81722E+18,La Verne,CA,91750,5912,
1,1,2020,2,4,05:37,$17.56,Online Transaction,-2.04205E+18, ONLINE,,,5815,
0,1,2019,4,17,19:37,$15.68,Chip Transaction,-7.27612E+17,Monterey Park,CA,91754,5411,
1734,5,2019,6,29,11:14,$33.43,Chip Transaction,-1.6423E+18,Rome,Italy,,5912,
854,3,2019,10,1,18:06,$92.51,Chip Transaction,9.05774E+18,Rome,Italy,,5311,
0,2,2019,6,7,16:52,$153.79,Chip Transaction,-2.45178E+17,La Verne,CA,91750,5311,
0,0,2019,10,27,06:29,$137.30,Chip Transaction,-2.45178E+17,La Verne,CA,91750,5311,
1236,2,2019,1,15,14:29,$11.17,Chip Transaction,5.50735E+18,Rome,Italy,,4121,
1945,1,2019,9,24,18:23,$3.97,Chip Transaction,-7.27612E+17,Rome,Italy,,5411,"Bad PIN,"
1049,1,2019,9,3,18:38,$144.00,Chip Transaction,-7.80705E+18,Rome,Italy,,3684,
0,0,2019,5,9,13:30,$60.60,Chip Transaction,5.81722E+18,La Verne,CA,91750,5912,
1,2,2020,1,14,18:53,$76.47,Chip Transaction,-5.0235E+18,Little Neck,NY,11363,5812,
1304,4,2019,3,21,17:45,$288.00,Chip Transaction,-7.80705E+18,Rome,Italy,,3684,
1717,4,2019,8,2,18:58,$70.52,Swipe Transaction,-3.15872E+18,Rome,Italy,,5812,
165,0,2019,5,24,14:54,$44.35,Chip Transaction,6.0514E+18,Rome,Italy,,5310,
2,0,2019,6,23,09:52,$42.55,Online Transaction,-6.45844E+18, ONLINE,,,4784,
1249,3,2019,6,13,14:41,$4.41,Chip Transaction,-8.40529E+18,Rome,Italy,,5651,
0,3,2019,2,18,06:51,$138.47,Swipe Transaction,-7.27612E+17,Monterey Park,CA,91754,5411,
0,3,2019,5,4,06:57,$36.47,Swipe Transaction,-7.27612E+17,Monterey Park,CA,91754,5411,
785,0,2019,6,6,19:22,$3.16,Chip Transaction,7.06958E+18,Rome,Italy,,5812,
1945,1,2019,10,4,11:59,$125.24,Chip Transaction,-2.45178E+17,Rome,Italy,,5311,
2,0,2019,7,14,10:50,$13.16,Chip Transaction,-4.89106E+18,West Covina,CA,91792,5411,
0,0,2019,2,20,13:07,$12.94,Chip Transaction,-4.50054E+18,La Verne,CA,91750,5814,
2,0,2019,12,25,22:17,$37.38,Chip Transaction,-6.03533E+18,Alhambra,CA,91801,5812,
0,1,2019,7,24,19:17,$10.40,Chip Transaction,8.08093E+18,Monterey Park,CA,91754,5310,
41,1,2019,8,23,18:41,$13.90,Chip Transaction,6.99836E+18,Rome,Italy,,5411,
0,2,2019,4,4,06:42,$44.28,Chip Transaction,-3.45515E+16,La Verne,CA,91750,5912,
0,1,2019,11,25,20:29,$89.93,Chip Transaction,2.59357E+18,New York,NY,10116,5812,
658,0,2019,9,28,11:14,$78.51,Chip Transaction,6.99836E+18,Rome,Italy,,5411,
0,1,2019,11,9,13:00,$8.94,Chip Transaction,-4.50054E+18,La Verne,CA,91750,5814,
2,0,2019,2,23,09:52,$42.32,Online Transaction,-6.45844E+18, ONLINE,,,4784,
1926,4,2019,5,28,18:33,$23.74,Chip Transaction,4.11333E+18,Rome,Italy,,5814,
1,1,2019,12,19,03:23,$81.55,Swipe Transaction,1.27047E+18,Waianae,HI,96792,3730,
0,3,2019,9,19,06:04,$120.04,Swipe Transaction,4.06065E+18,La Verne,CA,91750,5411,"Insufficient Balance,"
777,2,2019,7,26,11:15,$36.51,Chip Transaction,-8.40529E+18,Rome,Italy,,5651,
0,3,2019,6,5,09:47,$62.01,Swipe Transaction,4.05526E+18,La Verne,CA,91750,7538,
2,0,2020,2,14,03:56,$43.04,Online Transaction,-6.45844E+18, ONLINE,,,4784,
41,1,2019,8,24,14:05,$100.57,Chip Transaction,3.41453E+18,Rome,Italy,,5651,
0,0,2019,5,27,13:49,$66.81,Chip Transaction,-3.22076E+18,Spring Valley,CA,91978,5311,
0,1,2019,4,1,06:12,$194.62,Chip Transaction,3.52721E+18,La Verne,CA,91750,5300,
2,0,2019,10,14,09:36,$32.25,Online Transaction,-6.45844E+18, ONLINE,,,4784,
0,1,2019,8,23,06:57,$18.15,Chip Transaction,-7.27612E+17,Monterey Park,CA,91754,5411,
450,0,2019,4,4,14:40,$-275.00,Chip Transaction,1.7153E+18,Rome,Italy,,3722,
1206,0,2019,9,10,17:48,$336.00,Chip Transaction,4.8349E+17,Rome,Italy,,3504,
1,1,2019,6,16,08:01,$92.00,Chip Transaction,1.79919E+18,Little Neck,NY,11363,5499,
1978,0,2019,4,18,17:41,$13.20,Chip Transaction,5.50735E+18,Rome,Italy,,4121,
785,0,2019,5,18,17:35,$241.00,Chip Transaction,-3.36283E+18,Rome,Italy,,7011,
1249,3,2019,6,29,11:45,$250.00,Chip Transaction,1.7153E+18,Rome,Italy,,3722,
0,3,2019,5,21,11:53,$43.21,Swipe Transaction,-3.03858E+17,La Verne,CA,91750,5251,
0,1,2020,2,2,11:53,$1.07,Chip Transaction,6.6665E+18,La Verne,CA,91750,5499,
0,3,2019,8,6,20:22,$93.51,Swipe Transaction,-4.50054E+18,La Verne,CA,91750,5814,
205,2,2019,10,5,12:03,$150.73,Chip Transaction,-3.36283E+18,Rome,Italy,,7011,
0,0,2019,1,26,06:03,$82.98,Chip Transaction,1.91348E+18,La Verne,CA,91750,5300,
0,2,2019,6,23,16:46,$7.24,Chip Transaction,-8.68256E+16,La Verne,CA,91750,7230,
0,0,2019,10,21,13:15,$14.34,Chip Transaction,-8.7334E+18,Detroit,MI,48204,5814,
0,0,2020,2,10,20:14,$14.16,Chip Transaction,5.81722E+18,La Verne,CA,91750,5912,
840,3,2019,1,5,11:51,$5.35,Chip Transaction,-7.27612E+17,Rome,Italy,,5411,
2,0,2019,7,21,14:39,$56.69,Online Transaction,-6.45844E+18, ONLINE,,,4784,
2,0,2019,7,18,10:57,$13.01,Swipe Transaction,2.02755E+18,West Covina,CA,91792,5541,
165,0,2019,5,16,13:35,$105.17,Chip Transaction,7.06958E+18,Rome,Italy,,5812,
0,3,2019,11,5,06:07,$103.24,Swipe Transaction,-2.45178E+17,La Verne,CA,91750,5311,
0,0,2019,9,2,06:24,$134.88,Chip Transaction,5.81722E+18,La Verne,CA,91750,5912,
1,2,2020,1,9,21:21,$145.86,Chip Transaction,-1.12121E+17,Beijing,China,,3509,
0,1,2019,6,3,06:19,$154.80,Chip Transaction,1.91348E+18,La Verne,CA,91750,5300,
1,2,2019,6,11,13:38,$104.49,Chip Transaction,-6.73834E+18,Corona,NY,11368,7538,
0,0,2019,1,13,06:02,$159.13,Chip Transaction,-3.45515E+16,La Verne,CA,91750,5912,
1,2,2020,1,2,06:51,$114.89,Chip Transaction,-6.76107E+18,Corona,NY,11368,5310,
410,1,2019,9,20,13:18,$22.05,Chip Transaction,6.66197E+18,Rome,Italy,,5211,
0,1,2019,5,18,06:17,$133.74,Chip Transaction,5.81722E+18,La Verne,CA,91750,5912,
0,3,2019,7,29,06:55,$36.80,Swipe Transaction,-7.27612E+17,Monterey Park,CA,91754,5411,
946,1,2019,5,18,13:41,$900.44,Chip Transaction,-3.94366E+18,Rome,Italy,,5712,
764,1,2019,1,4,15:24,$19.00,Chip Transaction,-8.83014E+18,Rome,Italy,,5211,
0,2,2019,9,19,13:11,$64.61,Chip Transaction,-1.28808E+18,La Verne,CA,91750,5499,
1885,1,2019,7,25,15:31,$8.20,Chip Transaction,3.18952E+18,Rome,Italy,,5311,
1709,2,2019,4,30,11:36,$60.98,Swipe Transaction,7.48862E+18,Rome,Italy,,5651,
1776,2,2019,1,29,13:49,$3.57,Chip Transaction,-2.45178E+17,Rome,Italy,,5311,
1641,1,2019,5,31,19:31,$94.72,Chip Transaction,2.91975E+18,Rome,Italy,,5932,
0,0,2019,6,25,06:12,$138.29,Chip Transaction,2.02755E+18,Mira Loma,CA,91752,5541,
597,0,2019,10,4,12:08,$126.15,Chip Transaction,9.05774E+18,Rome,Italy,,5311,
441,0,2019,6,25,10:18,$44.17,Chip Transaction,1.90253E+17,Rome,Italy,,3359,
1885,1,2019,8,3,14:00,$5.02,Chip Transaction,-8.40529E+18,Rome,Italy,,5651,
0,3,2019,8,16,06:46,$43.04,Swipe Transaction,5.81722E+18,La Verne,CA,91750,5912,
1709,2,2019,5,3,12:37,$31.24,Swipe Transaction,2.02755E+18,Rome,Italy,,5541,
1,1,2019,7,18,13:53,$106.50,Chip Transaction,-6.73834E+18,Corona,NY,11368,7538,
0,3,2019,8,6,06:29,$142.38,Swipe Transaction,-3.45515E+16,La Verne,CA,91750,5912,
0,3,2019,10,3,06:12,$110.03,Swipe Transaction,3.52721E+18,La Verne,CA,91750,5300,
0,1,2019,11,5,13:34,$60.10,Chip Transaction,-3.22076E+18,Spring Valley,CA,91978,5311,
2,0,2020,2,21,04:25,$61.08,Online Transaction,-6.45844E+18, ONLINE,,,4784,
165,0,2019,5,30,19:35,$171.83,Chip Transaction,-2.45178E+17,Rome,Italy,,5311,
0,0,2020,2,18,06:10,$119.87,Chip Transaction,4.06065E+18,La Verne,CA,91750,5411,
2,0,2019,10,6,09:32,$47.45,Online Transaction,-6.45844E+18, ONLINE,,,4784,
0,0,2019,9,26,06:28,$132.61,Chip Transaction,5.81722E+18,La Verne,CA,91750,5912,
1,1,2019,3,12,08:27,$93.00,Chip Transaction,-5.16204E+18,Little Neck,NY,11363,5541,
0,2,2020,2,8,13:54,$68.86,Chip Transaction,-8.12952E+18,La Verne,CA,91750,5211,
406,1,2019,10,4,11:59,$11.42,Chip Transaction,5.50735E+18,Rome,Italy,,4121,
0,2,2019,12,26,07:03,$111.11,Chip Transaction,3.52721E+18,La Verne,CA,91750,5300,
1576,3,2019,5,21,11:16,$7.87,Chip Transaction,-7.27612E+17,Rome,Italy,,5411,
114,1,2019,10,10,15:16,$8.47,Chip Transaction,5.50735E+18,Rome,Italy,,4121,
509,1,2019,1,4,15:18,$86.00,Swipe Transaction,1.79919E+18,Rome,Italy,,5499,
1776,2,2019,1,29,13:53,$66.15,Chip Transaction,3.41453E+18,Rome,Italy,,5651,
0,3,2019,3,31,06:51,$45.02,Swipe Transaction,-3.45515E+16,La Verne,CA,91750,5912,
0,2,2019,12,19,06:53,$37.16,Chip Transaction,-5.47568E+18,Monterey Park,CA,91755,5942,
0,2,2019,4,26,09:59,$52.41,Chip Transaction,4.05526E+18,La Verne,CA,91750,7538,
2,0,2019,6,4,23:56,$1.78,Chip Transaction,6.6665E+18,West Covina,CA,91792,5499,
0,3,2020,2,9,07:14,$34.88,Swipe Transaction,-3.45515E+16,La Verne,CA,91750,5912,
0,3,2020,1,19,13:03,$12.14,Swipe Transaction,2.02755E+18,Mira Loma,CA,91752,5541,
1571,4,2019,3,28,13:05,$2.48,Chip Transaction,9.05774E+18,Rome,Italy,,5311,
0,1,2019,9,28,06:00,$134.71,Chip Transaction,-7.27612E+17,Monterey Park,CA,91754,5411,
768,1,2019,4,9,16:40,$177.88,Chip Transaction,4.57388E+18,Rome,Italy,,5045,
2,0,2019,12,2,04:42,$39.41,Online Transaction,-6.45844E+18, ONLINE,,,4784,
1201,3,2019,5,23,14:59,$49.68,Swipe Transaction,-8.40529E+18,Rome,Italy,,5651,
0,2,2019,12,14,06:27,$119.77,Chip Transaction,1.91348E+18,La Verne,CA,91750,5300,
0,2,2019,5,17,06:26,$156.87,Chip Transaction,3.52721E+18,La Verne,CA,91750,5300,
1366,1,2019,6,8,13:56,$6.10,Chip Transaction,-1.28808E+18,Rome,Italy,,5499,
0,3,2019,10,22,13:25,$63.00,Swipe Transaction,-4.33423E+18,Highland Park,MI,48203,5541,
1,1,2019,7,2,05:05,$16.33,Online Transaction,6.45521E+18, ONLINE,,,5815,"Insufficient Balance,"
854,3,2019,10,3,18:55,$126.77,Chip Transaction,-2.45178E+17,Rome,Italy,,5311,
2,0,2019,2,22,14:37,$41.93,Online Transaction,-6.45844E+18, ONLINE,,,4784,
1455,1,2019,2,1,16:35,$398.56,Chip Transaction,-3.94366E+18,Rome,Italy,,5712,
913,0,2019,2,5,16:21,$2.37,Chip Transaction,-8.90095E+18,Rome,Italy,,5621,
1298,2,2019,9,3,17:09,$42.50,Swipe Transaction,5.12297E+17,Rome,Italy,,7230,
1780,3,2019,6,14,11:33,$93.00,Swipe Transaction,-1.28808E+18,Rome,Italy,,5499,"Bad PIN,"
126,0,2019,8,15,11:30,$25.85,Chip Transaction,-1.28808E+18,Rome,Italy,,5499,
0,3,2019,1,15,06:07,$112.50,Swipe Transaction,3.52721E+18,La Verne,CA,91750,5300,
0,3,2019,9,12,06:08,$129.84,Swipe Transaction,4.06065E+18,La Verne,CA,91750,5411,
0,2,2019,6,6,20:14,$71.07,Chip Transaction,-5.0235E+18,Mira Loma,CA,91752,5812,
0,3,2019,11,16,06:28,$100.73,Swipe Transaction,4.06065E+18,La Verne,CA,91750,5411,
1,1,2019,4,6,04:54,$149.56,Chip Transaction,-6.09472E+18,Little Neck,NY,11363,4900,
1103,1,2019,3,16,12:55,$95.02,Chip Transaction,-2.45178E+17,Rome,Italy,,5311,
822,3,2019,7,30,19:31,$4.25,Chip Transaction,6.0514E+18,Rome,Italy,,5310,
0,0,2019,8,22,06:35,$39.19,Chip Transaction,-7.27612E+17,Monterey Park,CA,91754,5411,
1478,3,2019,5,31,11:51,$94.10,Chip Transaction,-2.45178E+17,Rome,Italy,,5311,
1717,4,2019,8,9,09:33,$-290.00,Swipe Transaction,-7.80705E+18,Rome,Italy,,3684,
162,2,2019,7,5,10:53,$-167.00,Swipe Transaction,4.8349E+17,Rome,Italy,,3504,
1731,0,2019,8,8,15:30,$116.00,Chip Transaction,4.57388E+18,Rome,Italy,,5045,"Bad PIN,"
1,1,2019,9,19,08:00,$92.00,Chip Transaction,-5.16204E+18,Little Neck,NY,11363,5541,
773,0,2019,1,8,17:46,$33.33,Chip Transaction,9.05774E+18,Rome,Italy,,5311,
1169,4,2019,8,17,13:11,$69.40,Chip Transaction,-8.31922E+18,Rome,Italy,,5661,
365,2,2019,5,7,14:51,$44.69,Chip Transaction,-2.45178E+17,Rome,Italy,,5311,
0,0,2019,2,24,06:26,$139.51,Online Transaction,-7.42109E+18, ONLINE,,,5311,
1476,0,2019,2,16,16:33,$14.14,Chip Transaction,-2.45178E+17,Rome,Italy,,5311,
1163,5,2019,1,31,14:11,$75.96,Chip Transaction,6.0514E+18,Rome,Italy,,5310,
0,2,2019,2,19,06:43,$35.24,Chip Transaction,-7.27612E+17,Monterey Park,CA,91754,5411,"Bad PIN,"
736,0,2019,10,19,14:18,$6.79,Chip Transaction,5.50735E+18,Rome,Italy,,4121,
1977,0,2019,10,17,19:37,$4.15,Chip Transaction,-2.45178E+17,Rome,Italy,,5311,
628,0,2019,7,16,18:20,$8.84,Chip Transaction,6.66197E+18,Rome,Italy,,5211,
1983,4,2019,8,20,17:31,$1.38,Chip Transaction,-1.6423E+18,Rome,Italy,,5912,
2,0,2019,12,5,10:00,$41.41,Online Transaction,-6.45844E+18, ONLINE,,,4784,
410,1,2019,9,10,17:15,$3.25,Chip Transaction,-7.14667E+18,Rome,Italy,,5970,
1607,3,2019,10,22,11:27,$83.74,Chip Transaction,6.0514E+18,Rome,Italy,,5310,
2,0,2019,9,26,08:00,$7.23,Chip Transaction,-6.03533E+18,Alhambra,CA,91801,5812,
1885,1,2019,7,6,11:09,$44.86,Chip Transaction,3.18952E+18,Rome,Italy,,5311,
1,1,2019,1,25,06:37,$15.02,Chip Transaction,1.79919E+18,Little Neck,NY,11363,5499,
729,6,2019,10,24,17:24,$84.96,Chip Transaction,2.02755E+18,Rome,Italy,,5541,
0,1,2019,4,18,05:48,$86.14,Chip Transaction,3.52721E+18,La Verne,CA,91750,5300,
0,3,2019,5,6,06:55,$42.85,Swipe Transaction,-5.47568E+18,Monterey Park,CA,91755,5942,
0,3,2020,1,7,06:07,$129.17,Swipe Transaction,3.52721E+18,La Verne,CA,91750,5300,
1683,1,2019,9,27,10:54,$284.00,Chip Transaction,-6.16179E+18,Rome,Italy,,3389,
2,0,2019,9,23,10:01,$35.41,Online Transaction,-6.45844E+18, ONLINE,,,4784,
2,0,2019,9,16,10:18,$67.61,Chip Transaction,-1.36149E+18,Rosemead,CA,91772,4111,
2,0,2019,2,19,13:21,$115.28,Chip Transaction,-2.63745E+18,West Covina,CA,91792,5651,
1572,3,2019,3,14,10:50,$74.64,Chip Transaction,6.66197E+18,Rome,Italy,,5211,
1242,4,2019,9,5,12:03,$40.71,Chip Transaction,6.99836E+18,Rome,Italy,,5411,
1683,1,2019,9,28,14:13,$136.30,Chip Transaction,-8.83014E+18,Rome,Italy,,5211,
745,1,2019,10,8,16:28,$6.47,Swipe Transaction,-3.39554E+18,Rome,Italy,,5311,
0,1,2019,1,29,06:27,$118.10,Chip Transaction,2.02755E+18,Mira Loma,CA,91752,5541,
1129,0,2019,5,23,16:16,$45.59,Chip Transaction,-8.40529E+18,Rome,Italy,,5651,
2,0,2019,7,24,10:30,$16.54,Chip Transaction,4.72291E+18,Alhambra,CA,91801,5411,
1231,1,2019,9,21,19:27,$0.33,Chip Transaction,3.18952E+18,Rome,Italy,,5311,
1,2,2019,7,12,16:48,$104.00,Swipe Transaction,4.55289E+18,Oakland,CA,94606,3596,
0,0,2019,4,30,07:12,$140.00,Chip Transaction,-4.28247E+18,Mira Loma,CA,91752,4829,
0,1,2019,1,6,13:07,$10.97,Chip Transaction,-2.74491E+18,North Grafton,MA,1536,5812,
0,3,2019,1,6,06:25,$134.50,Swipe Transaction,1.91348E+18,Sturbridge,MA,1566,5300,
6,1,2019,3,16,10:34,$12.47,Chip Transaction,-1.6423E+18,Rome,Italy,,5912,
1546,2,2019,3,25,10:31,$148.77,Chip Transaction,-6.16179E+18,Rome,Italy,,3389,
1,3,2019,1,16,10:14,$65.00,Chip Transaction,1.76341E+18,Little Neck,NY,11363,5912,
0,0,2019,5,10,09:15,$74.56,Chip Transaction,-2.45178E+17,La Verne,CA,91750,5311,
0,2,2019,6,15,06:38,$157.42,Chip Transaction,-3.45515E+16,La Verne,CA,91750,5912,
0,3,2019,7,7,06:22,$135.06,Swipe Transaction,1.91348E+18,La Verne,CA,91750,5300,
0,3,2019,4,12,13:40,$48.48,Swipe Transaction,4.06065E+18,La Verne,CA,91750,5411,
1364,2,2019,5,18,11:47,$438.24,Chip Transaction,1.7153E+18,Rome,Italy,,3722,
1579,2,2019,3,2,11:42,$21.37,Chip Transaction,-7.5187E+18,Rome,Italy,,5813,
1,2,2019,4,14,22:55,$187.78,Chip Transaction,8.24686E+18,Camden,AR,71701,7011,
0,2,2019,2,27,06:55,$28.64,Chip Transaction,4.06065E+18,La Verne,CA,91750,5411,
1505,1,2019,8,29,14:29,$143.33,Chip Transaction,6.99836E+18,Rome,Italy,,5411,
1996,3,2019,6,28,14:59,$9.64,Chip Transaction,-7.14667E+18,Rome,Italy,,5970,
0,3,2019,7,7,09:06,$123.06,Swipe Transaction,3.18952E+18,La Verne,CA,91750,5311,
0,3,2019,11,30,06:10,$94.57,Swipe Transaction,2.02755E+18,Mira Loma,CA,91752,5541,
1206,0,2019,8,31,17:27,$0.30,Chip Transaction,9.05774E+18,Rome,Italy,,5311,
583,2,2019,5,7,16:49,$24.55,Chip Transaction,-1.59553E+18,Rome,Italy,,3005,
0,3,2019,1,30,06:14,$125.57,Swipe Transaction,1.91348E+18,La Verne,CA,91750,5300,
1223,2,2019,10,19,14:33,$97.47,Chip Transaction,6.99836E+18,Rome,Italy,,5411,
341,2,2019,4,12,16:36,$37.67,Chip Transaction,3.18952E+18,Rome,Italy,,5311,
0,0,2019,9,14,20:29,$154.33,Online Transaction,4.24134E+18, ONLINE,,,4814,
0,1,2019,9,20,19:39,$556.22,Online Transaction,8.15048E+17, ONLINE,,,6300,
0,3,2019,2,18,06:29,$139.70,Swipe Transaction,-7.27612E+17,Monterey Park,CA,91754,5411,
278,1,2019,4,5,17:48,$10.57,Chip Transaction,-7.27612E+17,Rome,Italy,,5411,
2,1,2019,1,5,23:51,$1.75,Swipe Transaction,6.6665E+18,West Covina,CA,91792,5499,
611,0,2019,1,29,11:42,$48.93,Chip Transaction,-2.91654E+18,Rome,Italy,,5712,
736,0,2019,10,12,14:06,$114.72,Chip Transaction,-2.45178E+17,Rome,Italy,,5311,
1167,5,2019,3,9,13:27,$83.80,Chip Transaction,6.0514E+18,Rome,Italy,,5310,
1122,1,2019,10,8,19:18,$18.06,Chip Transaction,-1.6423E+18,Rome,Italy,,5912,
628,0,2019,7,30,10:43,$0.03,Chip Transaction,6.99836E+18,Rome,Italy,,5411,
1,4,2019,9,14,13:51,$23.40,Chip Transaction,6.12657E+18,Little Neck,NY,11363,7538,
1163,5,2019,1,29,16:06,$12.31,Chip Transaction,-8.40529E+18,Rome,Italy,,5651,
0,3,2019,12,16,13:29,$54.24,Swipe Transaction,2.02755E+18,Mira Loma,CA,91752,5541,
742,2,2019,7,23,14:17,$46.18,Chip Transaction,3.18952E+18,Rome,Italy,,5311,
1581,1,2019,6,18,10:13,$-475.00,Chip Transaction,-7.80705E+18,Rome,Italy,,3684,
2,0,2019,4,8,04:50,$43.20,Online Transaction,-6.45844E+18, ONLINE,,,4784,
0,3,2019,7,12,13:15,$11.37,Swipe Transaction,-7.27612E+17,Monterey Park,CA,91754,5411,
1062,6,2019,7,23,17:54,$2.33,Chip Transaction,-2.45178E+17,Rome,Italy,,5311,
1744,1,2019,5,28,19:53,$30.61,Chip Transaction,6.99836E+18,Rome,Italy,,5411,
0,1,2019,12,26,06:14,$150.98,Chip Transaction,1.91348E+18,La Verne,CA,91750,5300,
322,1,2019,5,28,17:10,$6.22,Chip Transaction,7.48862E+18,Rome,Italy,,5651,
1689,1,2019,3,21,12:33,$5.76,Chip Transaction,-1.6423E+18,Rome,Italy,,5912,
0,3,2019,1,21,06:37,$41.78,Swipe Transaction,4.06065E+18,La Verne,CA,91750,5411,
2,1,2019,1,7,14:37,$46.61,Online Transaction,-6.45844E+18, ONLINE,,,4784,
0,2,2019,4,6,06:35,$49.23,Chip Transaction,-7.27612E+17,Monterey Park,CA,91754,5411,
1885,1,2019,7,20,17:36,$2.17,Chip Transaction,6.0514E+18,Rome,Italy,,5310,
1398,0,2019,3,8,15:01,$0.04,Chip Transaction,-2.45178E+17,Rome,Italy,,5311,
1,2,2019,6,4,06:39,$123.09,Chip Transaction,-3.39554E+18,Oakland Gardens,NY,11364,5311,
1528,0,2019,4,9,15:22,$607.23,Chip Transaction,-7.81388E+17,Rome,Italy,,3009,
1945,1,2019,9,26,19:43,$0.40,Chip Transaction,9.05774E+18,Rome,Italy,,5311,
100,3,2019,3,30,11:26,$29.00,Chip Transaction,3.01718E+18,Rome,Italy,,5921,
1993,1,2019,6,7,10:48,$106.65,Chip Transaction,6.0514E+18,Rome,Italy,,5310,
634,5,2019,10,26,12:28,$4.03,Chip Transaction,1.79919E+18,Rome,Italy,,5499,
1,1,2019,6,7,05:07,$19.49,Online Transaction,6.45521E+18, ONLINE,,,5815,
1212,5,2019,3,8,13:40,$6.60,Swipe Transaction,3.41453E+18,Rome,Italy,,5651,
1191,3,2019,3,22,15:42,$0.14,Chip Transaction,-8.80451E+18,Rome,Italy,,5712,
1455,1,2019,2,1,17:52,$68.23,Chip Transaction,6.99836E+18,Rome,Italy,,5411,"Bad PIN,"
0,1,2019,1,4,13:15,$91.00,Chip Transaction,1.79919E+18,Princeton,MA,1541,5499,
441,0,2019,6,22,15:23,$307.00,Chip Transaction,1.90253E+17,Rome,Italy,,3359,
1681,3,2019,1,1,13:11,$58.58,Chip Transaction,-2.45178E+17,Rome,Italy,,5311,
2,0,2019,9,14,06:33,$11.69,Chip Transaction,4.72291E+18,Alhambra,CA,91801,5411,
0,2,2020,1,25,06:46,$44.00,Chip Transaction,-3.45515E+16,La Verne,CA,91750,5912,
628,0,2019,7,26,15:29,$118.71,Chip Transaction,4.57388E+18,Rome,Italy,,5045,
162,2,2019,6,29,10:39,$167.00,Swipe Transaction,4.8349E+17,Rome,Italy,,3504,
1,1,2019,11,12,13:44,$85.39,Chip Transaction,-3.49962E+18,Little Neck,NY,11363,7538,
1174,1,2019,6,7,14:15,$24.03,Chip Transaction,-4.75206E+18,Rome,Italy,,4214,
1,4,2019,12,28,10:02,$45.47,Chip Transaction,1.10189E+18,Little Neck,NY,11363,5310,
204,1,2019,5,4,12:40,$3.66,Chip Transaction,-1.6423E+18,Rome,Italy,,5912,
1576,3,2019,6,13,17:19,$89.13,Chip Transaction,-1.6423E+18,Rome,Italy,,5912,
1249,3,2019,6,28,11:29,$363.00,Chip Transaction,4.8349E+17,Rome,Italy,,3504,
2,0,2019,6,10,13:25,$11.41,Chip Transaction,-3.89612E+17,West Covina,CA,91792,7230,
283,0,2019,7,9,18:23,$197.51,Chip Transaction,-2.45178E+17,Rome,Italy,,5311,
50,2,2019,4,23,19:28,$42.72,Chip Transaction,6.99836E+18,Rome,Italy,,5411,
0,2,2019,9,2,12:22,$13.28,Chip Transaction,-5.0235E+18,Mira Loma,CA,91752,5812,
0,2,2019,11,10,10:06,$59.24,Chip Transaction,3.95215E+18,La Verne,CA,91750,7538,
1178,1,2019,9,6,16:07,$46.91,Chip Transaction,-2.45178E+17,Rome,Italy,,5311,
0,1,2020,2,11,06:00,$115.56,Chip Transaction,5.81722E+18,La Verne,CA,91750,5912,
1473,1,2019,10,10,15:55,$2.12,Chip Transaction,-6.16179E+18,Rome,Italy,,3389,
0,0,2019,7,8,12:50,$52.86,Chip Transaction,2.02755E+18,Mira Loma,CA,91752,5541,
2,0,2019,12,12,14:35,$42.76,Online Transaction,-6.45844E+18, ONLINE,,,4784,
1414,0,2019,3,12,15:40,$14.48,Chip Transaction,-2.45178E+17,Rome,Italy,,5311,
1,2,2019,10,10,18:34,$61.49,Swipe Transaction,-1.04662E+18,Detroit,MI,48228,5812,
2,0,2019,8,12,23:57,$2.37,Chip Transaction,6.6665E+18,West Covina,CA,91792,5499,
946,2,2019,5,9,14:15,$5.66,Chip Transaction,6.0514E+18,Rome,Italy,,5310,
1,3,2019,2,26,22:03,$74.07,Chip Transaction,5.56161E+18,Little Neck,NY,11363,7230,
2,0,2019,6,12,14:44,$58.52,Online Transaction,-6.45844E+18, ONLINE,,,4784,
156,0,2019,10,12,10:42,$57.17,Chip Transaction,-8.40529E+18,Rome,Italy,,5651,
1,4,2019,3,3,05:49,$16.78,Online Transaction,6.45521E+18, ONLINE,,,5815,
0,0,2019,4,14,06:52,$29.13,Chip Transaction,5.81722E+18,La Verne,CA,91750,5912,
44,0,2019,6,22,15:07,$11.20,Swipe Transaction,-5.16204E+18,Rome,Italy,,5541,
748,1,2019,4,4,13:42,$-58.00,Chip Transaction,2.02755E+18,Rome,Italy,,5541,
1926,4,2019,6,13,13:11,$177.05,Chip Transaction,-8.40529E+18,Rome,Italy,,5651,
240,3,2019,9,17,11:36,$25.25,Chip Transaction,3.01718E+18,Rome,Italy,,5921,
2,0,2019,10,4,23:37,$2.64,Chip Transaction,6.6665E+18,West Covina,CA,91792,5499,
0,0,2020,2,26,09:41,$63.90,Chip Transaction,2.43885E+18,New York,NY,10113,7538,
204,1,2019,5,15,12:10,$179.58,Chip Transaction,4.8349E+17,Rome,Italy,,3504,
2,0,2020,2,1,09:41,$31.37,Online Transaction,-6.45844E+18, ONLINE,,,4784,
2,0,2019,11,29,14:33,$44.38,Online Transaction,-6.45844E+18, ONLINE,,,4784,
1,2,2020,2,20,06:46,$105.50,Chip Transaction,1.91348E+18,Fresh Meadows,NY,11366,5300,
901,0,2019,5,9,10:42,$125.50,Swipe Transaction,-3.15872E+18,Rome,Italy,,5812,"Bad PIN,"
0,1,2020,2,26,20:46,$84.61,Chip Transaction,2.59357E+18,New York,NY,10116,5812,
0,1,2019,4,3,13:24,$58.00,Chip Transaction,1.79919E+18,San Ysidro,CA,92173,5499,
0,2,2019,11,9,06:25,$149.70,Chip Transaction,-7.27612E+17,Monterey Park,CA,91754,5411,
0,3,2019,11,4,21:54,$31.36,Swipe Transaction,-5.41338E+18,La Verne,CA,91750,5813,
2,0,2020,2,3,04:53,$45.59,Online Transaction,-6.45844E+18, ONLINE,,,4784,
1,2,2019,8,23,19:43,$66.65,Chip Transaction,-7.05207E+18,Little Neck,NY,11363,5814,
162,2,2019,6,28,18:15,$3.81,Swipe Transaction,-2.45178E+17,Rome,Italy,,5311,
425,2,2019,2,12,11:23,$70.69,Chip Transaction,6.99836E+18,Rome,Italy,,5411,
256,0,2019,7,6,11:15,$30.43,Chip Transaction,-5.16204E+18,Rome,Italy,,5541,
1958,4,2019,2,15,18:19,$59.54,Chip Transaction,6.0514E+18,Rome,Italy,,5310,
0,0,2019,8,19,06:08,$124.96,Chip Transaction,-7.27612E+17,Monterey Park,CA,91754,5411,
1455,1,2019,1,31,12:45,$2.06,Chip Transaction,2.91975E+18,Rome,Italy,,5932,
1709,2,2019,5,2,16:21,$62.23,Swipe Transaction,-7.27612E+17,Rome,Italy,,5411,
1,1,2019,9,6,11:15,$1051.01,Chip Transaction,-2.91654E+18,Fresh Meadows,NY,11365,5712,
1709,2,2019,5,2,15:25,$0.81,Swipe Transaction,-7.27612E+17,Rome,Italy,,5411,
0,0,2019,7,21,06:02,$100.00,Chip Transaction,-4.28247E+18,Mira Loma,CA,91752,4829,
0,3,2019,7,23,05:46,$173.22,Swipe Transaction,-7.27612E+17,Monterey Park,CA,91754,5411,
204,1,2019,5,4,11:00,$66.00,Chip Transaction,-5.16204E+18,Rome,Italy,,5541,
0,3,2019,5,31,06:10,$121.75,Swipe Transaction,-3.45515E+16,La Verne,CA,91750,5912,"Insufficient Balance,"
597,0,2019,10,5,16:02,$71.66,Chip Transaction,5.90183E+17,Rome,Italy,,5094,
1895,0,2019,2,2,18:35,$16.56,Chip Transaction,6.66197E+18,Rome,Italy,,5211,
946,1,2019,5,28,11:57,$107.61,Chip Transaction,2.91975E+18,Rome,Italy,,5932,
2,0,2019,5,30,07:52,$8.37,Chip Transaction,-6.03533E+18,Alhambra,CA,91801,5812,
0,3,2019,3,13,06:02,$116.32,Swipe Transaction,-7.27612E+17,Toronto,Canada,,5411,
1597,2,2019,7,18,15:32,$586.59,Chip Transaction,-8.80451E+18,Rome,Italy,,5712,
0,1,2020,2,17,06:13,$153.86,Chip Transaction,2.02755E+18,Mira Loma,CA,91752,5541,
0,0,2019,8,21,05:45,$129.06,Chip Transaction,-2.45178E+17,La Verne,CA,91750,5311,
2,0,2019,3,14,14:31,$37.07,Online Transaction,-6.45844E+18, ONLINE,,,4784,
509,1,2019,1,4,17:42,$66.07,Swipe Transaction,3.18952E+18,Rome,Italy,,5311,
0,3,2019,5,27,06:25,$162.27,Swipe Transaction,2.02755E+18,Mira Loma,CA,91752,5541,
1473,1,2019,10,15,17:41,$70.89,Chip Transaction,7.48862E+18,Rome,Italy,,5651,
0,3,2019,1,12,05:39,$120.15,Swipe Transaction,1.91348E+18,Sturbridge,MA,1566,5300,"Insufficient Balance,"
182,0,2019,1,25,17:52,$0.00,Chip Transaction,-7.14667E+18,Rome,Italy,,5970,
579,1,2019,3,19,13:28,$387.00,Chip Transaction,-6.16179E+18,Rome,Italy,,3389,
0,0,2019,9,12,06:52,$32.06,Chip Transaction,-5.47568E+18,Monterey Park,CA,91755,5942,
1,2,2019,2,17,09:28,$58.26,Chip Transaction,6.4899E+18,Little Neck,NY,11363,5211,
41,1,2019,8,23,12:08,$8.47,Chip Transaction,5.50735E+18,Rome,Italy,,4121,
0,0,2019,1,30,13:02,$11.29,Chip Transaction,4.06065E+18,La Verne,CA,91750,5411,
190,1,2019,2,19,15:55,$2.70,Chip Transaction,6.0514E+18,Rome,Italy,,5310,
767,0,2019,6,21,12:36,$2.22,Chip Transaction,-3.15872E+18,Rome,Italy,,5812,
0,1,2020,2,15,06:45,$41.34,Chip Transaction,-3.45515E+16,La Verne,CA,91750,5912,
1,1,2020,1,11,06:41,$163.55,Chip Transaction,-3.22224E+18,Little Neck,NY,11363,5651,
2,0,2019,6,27,07:44,$8.68,Swipe Transaction,2.02755E+18,West Covina,CA,91792,5541,
0,3,2019,11,9,20:57,$75.52,Swipe Transaction,-4.50054E+18,La Verne,CA,91750,5814,
1378,0,2019,3,8,16:59,$59.79,Chip Transaction,-5.67429E+18,Rome,Italy,,5733,
0,3,2019,7,27,06:47,$36.23,Swipe Transaction,-3.45515E+16,La Verne,CA,91750,5912,
1207,0,2019,9,17,18:11,$31.34,Chip Transaction,-1.6423E+18,Rome,Italy,,5912,
1,2,2019,8,19,15:11,$191.53,Chip Transaction,-3.22076E+18,South Ozone Park,NY,11420,5311,"Insufficient Balance,"
0,0,2019,7,25,21:50,$23.17,Chip Transaction,-3.26567E+18,Monterey Park,CA,91754,7832,
1,1,2019,3,19,15:42,$198.91,Chip Transaction,-4.76596E+18,Fresh Meadows,NY,11365,4131,
1,2,2019,5,20,08:04,$88.00,Chip Transaction,1.79919E+18,Little Neck,NY,11363,5499,
946,2,2019,5,10,16:58,$25.50,Chip Transaction,6.0514E+18,Rome,Italy,,5310,
1675,0,2019,10,17,18:18,$111.08,Chip Transaction,4.57388E+18,Rome,Italy,,5045,
262,0,2019,4,23,18:46,$0.46,Chip Transaction,1.90253E+17,Rome,Italy,,3359,
1353,1,2019,1,26,16:09,$20.73,Chip Transaction,2.91975E+18,Rome,Italy,,5932,
1,2,2019,2,13,10:05,$64.12,Chip Transaction,9.70328E+16,Oakland Gardens,NY,11364,5411,
1579,2,2019,2,15,12:25,$13.67,Chip Transaction,6.0514E+18,Rome,Italy,,5310,
556,0,2019,8,3,19:21,$0.89,Chip Transaction,6.0514E+18,Rome,Italy,,5310,
1508,4,2019,6,14,12:02,$238.39,Chip Transaction,-5.54669E+17,Rome,Italy,,3008,
1,2,2020,2,20,07:25,$15.22,Chip Transaction,-4.79124E+18,Little Neck,NY,11363,5921,
1725,0,2019,7,26,12:37,$12.73,Chip Transaction,6.66197E+18,Rome,Italy,,5211,
611,0,2019,1,17,12:26,$17.39,Chip Transaction,6.99836E+18,Rome,Italy,,5411,
81,2,2019,5,16,16:32,$17.62,Chip Transaction,1.79919E+18,Rome,Italy,,5499,
1378,0,2019,3,19,18:14,$37.60,Chip Transaction,7.06958E+18,Rome,Italy,,5812,
1364,2,2019,5,21,12:18,$9.85,Chip Transaction,9.05774E+18,Rome,Italy,,5311,
2,0,2019,3,13,04:50,$34.81,Online Transaction,-6.45844E+18, ONLINE,,,4784,
1,1,2019,1,6,06:35,$68.65,Chip Transaction,-3.22224E+18,Little Neck,NY,11363,5651,
0,3,2019,11,3,13:04,$13.44,Swipe Transaction,2.02755E+18,Mira Loma,CA,91752,5541,
1,4,2019,4,8,13:24,$9.99,Chip Transaction,4.31886E+18,Little Neck,NY,11363,5812,
2,0,2019,5,30,23:49,$1.30,Chip Transaction,6.6665E+18,West Covina,CA,91792,5499,
2,0,2019,10,26,06:11,$14.42,Chip Transaction,-4.89106E+18,West Covina,CA,91792,5411,
2,0,2019,1,27,23:54,$1.26,Chip Transaction,6.6665E+18,West Covina,CA,91792,5499,
0,3,2019,8,10,06:13,$114.96,Swipe Transaction,2.02755E+18,Mira Loma,CA,91752,5541,
1933,2,2019,8,8,19:50,$46.46,Swipe Transaction,6.99836E+18,Rome,Italy,,5411,
1,2,2019,4,24,15:29,$11.22,Chip Transaction,6.09856E+18,Elmhurst,NY,11373,4214,
1983,4,2019,8,13,12:18,$3.89,Chip Transaction,4.57388E+18,Rome,Italy,,5045,
1,1,2019,8,23,06:55,$123.63,Chip Transaction,1.98019E+18,Little Neck,NY,11363,5661,
2,0,2019,11,24,10:26,$44.68,Online Transaction,-6.45844E+18, ONLINE,,,4784,
0,1,2019,5,28,05:38,$95.87,Chip Transaction,-7.27612E+17,Monterey Park,CA,91754,5411,
531,2,2019,7,27,16:13,$1.92,Chip Transaction,-7.27612E+17,Rome,Italy,,5411,
0,3,2019,10,1,06:22,$143.71,Swipe Transaction,3.52721E+18,La Verne,CA,91750,5300,
0,1,2019,3,6,20:18,$199.08,Online Transaction,4.24134E+18, ONLINE,,,4814,
1324,0,2019,6,13,16:53,$53.59,Chip Transaction,6.0514E+18,Rome,Italy,,5310,
0,3,2019,8,18,06:00,$121.25,Swipe Transaction,1.91348E+18,La Verne,CA,91750,5300,"Insufficient Balance,"
1477,2,2019,3,15,10:38,$34.22,Chip Transaction,2.02755E+18,Rome,Italy,,5541,
2,0,2019,2,27,06:42,$5.66,Chip Transaction,4.72291E+18,Alhambra,CA,91801,5411,
1003,5,2019,10,5,13:32,$41.55,Chip Transaction,-2.45178E+17,Rome,Italy,,5311,
0,0,2019,6,12,06:13,$162.44,Chip Transaction,-3.45515E+16,La Verne,CA,91750,5912,
1607,3,2019,10,22,13:16,$18.03,Chip Transaction,-1.28808E+18,Rome,Italy,,5499,
729,6,2019,10,26,14:16,$120.30,Chip Transaction,-7.80705E+18,Rome,Italy,,3684,
2,0,2019,1,27,07:59,$4.90,Swipe Transaction,2.02755E+18,West Covina,CA,91792,5541,
0,3,2019,6,20,16:54,$18.44,Swipe Transaction,5.81722E+18,La Verne,CA,91750,5912,
2,0,2019,1,20,14:49,$38.44,Online Transaction,-6.45844E+18, ONLINE,,,4784,
0,3,2019,2,3,13:23,$61.00,Swipe Transaction,2.02755E+18,Mira Loma,CA,91752,5541,
0,3,2019,8,23,06:06,$144.15,Swipe Transaction,4.06065E+18,La Verne,CA,91750,5411,
680,1,2019,7,27,18:13,$98.00,Chip Transaction,-5.16204E+18,Rome,Italy,,5541,
1122,1,2019,10,15,13:50,$13.97,Chip Transaction,3.18952E+18,Rome,Italy,,5311,
1790,0,2019,3,29,19:00,$7.27,Chip Transaction,5.90183E+17,Rome,Italy,,5094,
2,0,2019,1,29,14:41,$45.73,Online Transaction,-6.45844E+18, ONLINE,,,4784,
1323,1,2019,2,14,19:24,$2.94,Chip Transaction,9.05774E+18,Rome,Italy,,5311,
1790,0,2019,3,23,19:15,$22.76,Chip Transaction,-8.29162E+18,Rome,Italy,,5193,
0,1,2019,4,19,11:31,$1.87,Chip Transaction,6.6665E+18,La Verne,CA,91750,5499,
620,1,2019,8,8,11:52,$116.12,Chip Transaction,4.57388E+18,Rome,Italy,,5045,
1174,1,2019,6,1,14:44,$115.00,Chip Transaction,-2.45178E+17,Rome,Italy,,5311,
0,3,2019,8,12,06:17,$30.64,Swipe Transaction,4.06065E+18,La Verne,CA,91750,5411,
1008,4,2019,10,4,14:59,$1.17,Chip Transaction,-6.01867E+18,Rome,Italy,,5947,
727,1,2019,9,5,12:48,$909.40,Chip Transaction,-2.91654E+18,Rome,Italy,,5712,
1,1,2019,9,4,01:21,$996.37,Chip Transaction,1.83964E+18,Bay Shore,NY,11706,3000,
0,3,2019,1,1,06:28,$178.32,Swipe Transaction,1.91348E+18,Sturbridge,MA,1566,5300,
1477,2,2019,3,30,15:01,$6.98,Chip Transaction,-2.91654E+18,Rome,Italy,,5712,
1,1,2019,2,14,18:24,$101.56,Swipe Transaction,-2.16533E+18,Fresh Meadows,NY,11365,5311,
1,2,2020,2,16,10:13,$74.60,Chip Transaction,6.66197E+18,Fresh Meadows,NY,11365,5211,
2,0,2019,11,26,09:37,$41.67,Online Transaction,-6.45844E+18, ONLINE,,,4784,
1249,3,2019,6,28,15:16,$31.09,Chip Transaction,3.18952E+18,Rome,Italy,,5311,
1734,5,2019,7,11,17:38,$38.56,Chip Transaction,3.18952E+18,Rome,Italy,,5311,
1,2,2019,1,1,13:49,$67.11,Chip Transaction,6.12657E+18,Little Neck,NY,11363,7538,
748,1,2019,4,6,18:42,$42.79,Chip Transaction,-1.6423E+18,Rome,Italy,,5912,
1576,3,2019,6,15,13:14,$5.25,Chip Transaction,-2.45178E+17,Rome,Italy,,5311,
1207,0,2019,9,24,18:32,$11.39,Chip Transaction,-7.5187E+18,Rome,Italy,,5813,
0,1,2019,9,5,13:13,$8.13,Chip Transaction,-4.50054E+18,La Verne,CA,91750,5814,
0,2,2019,11,28,06:25,$41.24,Chip Transaction,-3.45515E+16,La Verne,CA,91750,5912,
0,3,2019,5,25,13:13,$89.00,Swipe Transaction,2.02755E+18,Mira Loma,CA,91752,5541,
1,2,2019,1,1,06:42,$110.52,Chip Transaction,4.93736E+18,Little Neck,NY,11363,5300,
0,2,2019,4,8,20:28,$69.58,Chip Transaction,-5.0235E+18,Mira Loma,CA,91752,5812,
1103,1,2019,3,14,17:38,$13.30,Chip Transaction,5.50735E+18,Rome,Italy,,4121,
1191,3,2019,4,16,18:52,$499.93,Chip Transaction,6.66197E+18,Rome,Italy,,5211,
0,3,2019,8,20,21:38,$19.68,Swipe Transaction,-3.26567E+18,Monterey Park,CA,91754,7832,
1689,2,2019,1,25,14:15,$18.95,Chip Transaction,5.90183E+17,Rome,Italy,,5094,
1,1,2019,9,11,10:02,$62.90,Chip Transaction,-7.14667E+18,Laredo,TX,78045,5970,
790,1,2019,1,26,19:06,$14.85,Chip Transaction,-1.6423E+18,Rome,Italy,,5912,
0,3,2019,2,24,06:43,$38.85,Swipe Transaction,-7.27612E+17,Monterey Park,CA,91754,5411,
711,1,2019,3,7,11:37,$62.37,Chip Transaction,6.0514E+18,Rome,Italy,,5310,
0,2,2019,5,9,06:55,$37.17,Chip Transaction,-3.45515E+16,La Verne,CA,91750,5912,
1641,1,2019,6,13,12:20,$79.73,Chip Transaction,6.0514E+18,Rome,Italy,,5310,
1398,0,2019,3,14,12:30,$149.34,Chip Transaction,1.7153E+18,Rome,Italy,,3722,
2,0,2019,11,1,09:44,$45.46,Online Transaction,-6.45844E+18, ONLINE,,,4784,
283,0,2019,7,23,19:46,$20.79,Chip Transaction,-7.27612E+17,Rome,Italy,,5411,
0,3,2019,11,21,13:37,$118.43,Online Transaction,-9.09268E+18, ONLINE,,,4900,
0,3,2019,6,11,06:16,$113.58,Swipe Transaction,3.52721E+18,La Verne,CA,91750,5300,
182,0,2019,1,26,12:37,$13.34,Chip Transaction,-5.16204E+18,Rome,Italy,,5541,
2,0,2019,6,22,07:45,$9.55,Chip Transaction,-6.03533E+18,Alhambra,CA,91801,5812,
1115,2,2019,5,3,18:50,$0.44,Chip Transaction,-7.5187E+18,Rome,Italy,,5813,
0,0,2019,10,18,20:00,$62.80,Chip Transaction,-1.04662E+18,Detroit,MI,48202,5812,
1003,5,2019,10,17,12:02,$1.11,Chip Transaction,-7.5187E+18,Rome,Italy,,5813,
0,0,2019,3,29,13:26,$6.56,Swipe Transaction,-1.60579E+18,La Verne,CA,91750,5812,
2,0,2019,11,11,09:56,$82.69,Chip Transaction,-1.36149E+18,Rosemead,CA,91772,4111,"Insufficient Balance,"
2,0,2019,12,13,04:37,$45.62,Online Transaction,-6.45844E+18, ONLINE,,,4784,
230,1,2019,1,18,11:43,$235.00,Chip Transaction,-1.12121E+17,Rome,Italy,,3509,
0,3,2019,12,9,07:54,$46.10,Swipe Transaction,-3.45515E+16,La Verne,CA,91750,5912,
0,3,2019,2,8,20:54,$44.14,Online Transaction,-9.09268E+18, ONLINE,,,4900,
0,3,2019,12,10,13:45,$73.14,Swipe Transaction,6.66197E+18,Ontario,CA,91761,5211,
1,1,2019,4,26,18:48,$45.19,Chip Transaction,8.91968E+18,Eufaula,AL,36072,5814,
1,1,2019,8,21,22:23,$82.22,Chip Transaction,5.56161E+18,Little Neck,NY,11363,7230,
162,2,2019,6,28,12:29,$16.46,Swipe Transaction,5.90183E+17,Rome,Italy,,5094,
2,0,2019,5,2,04:53,$44.04,Online Transaction,-6.45844E+18, ONLINE,,,4784,
2,0,2020,2,28,15:51,$40.00,Chip Transaction,-4.28247E+18,Chula Vista,CA,91910,4829,
1,2,2020,1,7,23:51,$371.00,Chip Transaction,-6.16179E+18,Beijing,China,,3389,
1877,1,2019,8,31,13:06,$106.63,Chip Transaction,7.06958E+18,Rome,Italy,,5812,
1,1,2020,1,25,13:13,$70.29,Chip Transaction,6.12657E+18,Little Neck,NY,11363,7538,
432,2,2019,5,10,16:56,$45.32,Chip Transaction,3.18952E+18,Rome,Italy,,5311,
1,3,2019,12,15,06:33,$97.16,Chip Transaction,6.69846E+18,Fresh Meadows,NY,11366,4814,
0,3,2019,3,21,21:24,$92.42,Swipe Transaction,-4.50054E+18,La Verne,CA,91750,5814,
0,2,2019,5,25,11:32,$36.08,Chip Transaction,-3.03858E+17,La Verne,CA,91750,5251,
2,0,2020,1,20,06:40,$11.27,Chip Transaction,6.04253E+18,West Covina,CA,91792,5912,
0,3,2019,8,6,06:22,$24.67,Swipe Transaction,-3.45515E+16,La Verne,CA,91750,5912,
1581,1,2019,6,13,16:46,$3.56,Chip Transaction,-7.5187E+18,Rome,Italy,,5813,
632,2,2019,10,10,17:30,$19.11,Chip Transaction,3.41453E+18,Rome,Italy,,5651,
1324,0,2019,5,24,14:07,$92.92,Chip Transaction,2.91975E+18,Rome,Italy,,5932,
1581,1,2019,6,18,10:03,$93.69,Chip Transaction,-7.80705E+18,Rome,Italy,,3684,
1,1,2019,1,25,13:57,$113.51,Chip Transaction,-3.49962E+18,Little Neck,NY,11363,7538,
1,1,2019,8,18,08:19,$96.00,Chip Transaction,-5.16204E+18,Little Neck,NY,11363,5541,
1324,0,2019,5,31,14:23,$14.34,Chip Transaction,3.18952E+18,Rome,Italy,,5311,
1487,4,2019,5,9,11:16,$123.62,Chip Transaction,4.57388E+18,Rome,Italy,,5045,
2,0,2019,11,1,05:09,$42.98,Online Transaction,-6.45844E+18, ONLINE,,,4784,
0,2,2020,1,16,09:34,$164.81,Online Transaction,-9.09268E+18, ONLINE,,,4900,
1743,0,2019,1,26,14:57,$49.78,Chip Transaction,-5.16204E+18,Rome,Italy,,5541,
1167,5,2019,3,9,15:33,$151.96,Chip Transaction,-1.6423E+18,Rome,Italy,,5912,
0,1,2019,4,30,09:39,$35.10,Chip Transaction,-3.34594E+18,La Verne,CA,91750,7538,
1,3,2019,7,6,15:22,$15.13,Chip Transaction,6.09856E+18,Elmhurst,NY,11373,4214,
1,1,2019,8,5,13:38,$43.57,Chip Transaction,-3.49962E+18,Little Neck,NY,11363,7538,
1316,2,2019,2,1,13:55,$179.30,Chip Transaction,-1.6423E+18,Rome,Italy,,5912,
0,2,2019,6,29,06:37,$40.38,Chip Transaction,4.06065E+18,La Verne,CA,91750,5411,
1487,0,2019,8,15,10:39,$230.00,Chip Transaction,1.90253E+17,Rome,Italy,,3359,
2,0,2019,7,5,09:42,$43.07,Online Transaction,-6.45844E+18, ONLINE,,,4784,
854,3,2019,10,19,17:11,$110.44,Chip Transaction,2.91975E+18,Rome,Italy,,5932,
0,0,2019,2,10,06:53,$161.20,Chip Transaction,-7.27612E+17,Monterey Park,CA,91754,5411,
1958,4,2019,2,9,19:06,$67.50,Chip Transaction,-7.27612E+17,Rome,Italy,,5411,
1353,1,2019,1,8,12:17,$13.59,Chip Transaction,5.50735E+18,Rome,Italy,,4121,
1364,2,2019,5,21,12:09,$10.30,Chip Transaction,2.02755E+18,Rome,Italy,,5541,
824,0,2019,2,8,15:13,$4.91,Chip Transaction,-3.39554E+18,Rome,Italy,,5311,
0,1,2019,12,13,21:58,$39.41,Swipe Transaction,-6.73317E+18,Mira Loma,CA,91752,7832,
0,3,2019,11,3,06:22,$129.67,Swipe Transaction,-3.45515E+16,La Verne,CA,91750,5912,
0,2,2019,10,12,06:47,$36.11,Chip Transaction,4.06065E+18,La Verne,CA,91750,5411,
1576,3,2019,6,7,14:54,$878.03,Chip Transaction,3.18952E+18,Rome,Italy,,5311,
1741,2,2019,8,6,18:53,$60.05,Chip Transaction,5.90183E+17,Rome,Italy,,5094,
2,0,2019,11,22,10:39,$9.27,Chip Transaction,8.7556E+17,West Covina,CA,91792,5921,
50,2,2019,4,20,18:20,$3.06,Chip Transaction,-7.27612E+17,Rome,Italy,,5411,
1487,0,2019,8,10,11:11,$139.83,Chip Transaction,-1.6423E+18,Rome,Italy,,5912,
0,3,2019,9,1,20:56,$107.31,Online Transaction,1.10833E+18, ONLINE,,,4899,
0,0,2019,12,14,13:36,$61.66,Chip Transaction,4.06065E+18,La Verne,CA,91750,5411,
1477,2,2019,3,15,13:12,$44.01,Chip Transaction,4.7517E+18,Rome,Italy,,5814,
2,0,2019,2,18,14:31,$59.05,Online Transaction,-6.45844E+18, ONLINE,,,4784,
611,0,2019,1,19,18:22,$44.14,Chip Transaction,3.41453E+18,Rome,Italy,,5651,
1607,4,2019,10,1,18:08,$10.38,Chip Transaction,6.66197E+18,Rome,Italy,,5211,
1398,0,2019,3,2,14:45,$8.73,Chip Transaction,2.02755E+18,Rome,Italy,,5541,
1744,1,2019,5,23,11:38,$283.85,Chip Transaction,4.8349E+17,Rome,Italy,,3504,
0,3,2019,11,1,22:05,$154.14,Swipe Transaction,-3.45515E+16,La Verne,CA,91750,5912,
824,0,2019,2,2,14:21,$115.14,Chip Transaction,5.90183E+17,Rome,Italy,,5094,
1223,2,2019,10,15,13:26,$69.75,Chip Transaction,6.99836E+18,Rome,Italy,,5411,
0,3,2019,4,26,12:49,$177.91,Online Transaction,-9.09268E+18, ONLINE,,,4900,
0,3,2019,4,1,20:24,$147.46,Online Transaction,1.10833E+18, ONLINE,,,4899,
0,3,2019,12,29,06:13,$141.99,Swipe Transaction,4.31901E+18,San Antonio,TX,78258,5300,
0,3,2020,2,25,23:49,$295.00,Swipe Transaction,7.83406E+18,New York,NY,10128,3395,
0,3,2019,10,19,06:02,$118.67,Swipe Transaction,-4.33423E+18,Highland Park,MI,48203,5541,
1933,2,2019,8,8,12:22,$6.91,Swipe Transaction,4.57388E+18,Rome,Italy,,5045,
509,1,2019,1,4,15:02,$-86.00,Swipe Transaction,1.79919E+18,Rome,Italy,,5499,
182,0,2019,1,12,16:11,$63.89,Chip Transaction,6.0514E+18,Rome,Italy,,5310,
2,0,2019,8,23,04:54,$52.59,Online Transaction,-6.45844E+18, ONLINE,,,4784,
432,2,2019,5,18,10:43,$132.51,Chip Transaction,6.0514E+18,Rome,Italy,,5310,
2,0,2019,6,10,06:27,$6.41,Chip Transaction,4.72291E+18,Alhambra,CA,91801,5411,
1,1,2019,4,12,18:59,$75.55,Swipe Transaction,-7.2751E+18,Hayward,WI,54843,5812,
2,0,2019,4,26,01:15,$7.38,Chip Transaction,-5.86136E+18,West Covina,CA,91792,5912,
0,3,2019,3,6,06:17,$103.28,Swipe Transaction,2.02755E+18,Mira Loma,CA,91752,5541,
1,1,2019,9,13,13:16,$75.44,Online Transaction,4.24134E+18, ONLINE,,,4814,
2,0,2019,4,1,11:07,$84.00,Chip Transaction,1.79919E+18,Alhambra,CA,91801,5499,
0,0,2020,1,17,09:56,$35.67,Chip Transaction,4.05526E+18,La Verne,CA,91750,7538,
1993,1,2019,6,6,15:44,$10.16,Chip Transaction,-7.14667E+18,Rome,Italy,,5970,
0,3,2019,1,29,08:47,$57.61,Swipe Transaction,5.4451E+18,La Verne,CA,91750,5193,
1993,1,2019,5,25,14:05,$59.78,Chip Transaction,2.91975E+18,Rome,Italy,,5932,
1115,2,2019,4,25,11:23,$64.47,Chip Transaction,5.90183E+17,Rome,Italy,,5094,
773,0,2019,1,3,13:23,$16.52,Chip Transaction,1.7153E+18,Rome,Italy,,3722,
2,0,2019,6,1,22:50,$1.77,Chip Transaction,6.6665E+18,West Covina,CA,91792,5499,
0,3,2019,7,26,06:57,$115.67,Swipe Transaction,5.81722E+18,La Verne,CA,91750,5912,
1,1,2019,4,27,13:37,$13.93,Chip Transaction,-6.34968E+18,Shorter,AL,36075,5812,
0,0,2019,11,25,13:02,$10.67,Chip Transaction,7.52243E+18,New York,NY,10112,5411,
946,2,2019,4,26,12:26,$102.86,Chip Transaction,6.0514E+18,Rome,Italy,,5310,
1006,1,2019,1,29,15:28,$10.84,Chip Transaction,4.57388E+18,Rome,Italy,,5045,
1734,5,2019,7,4,14:05,$12.85,Chip Transaction,6.99836E+18,Rome,Italy,,5411,
1798,0,2019,3,28,17:42,$37.81,Chip Transaction,6.0514E+18,Rome,Italy,,5310,
2,0,2019,12,19,10:17,$43.86,Online Transaction,-6.45844E+18, ONLINE,,,4784,
1323,1,2019,2,23,15:14,$14.19,Chip Transaction,5.50735E+18,Rome,Italy,,4121,
2,0,2019,3,21,07:31,$6.04,Chip Transaction,5.2051E+18,San Francisco,CA,94107,5812,
1419,3,2019,3,28,16:31,$186.50,Chip Transaction,-2.45178E+17,Rome,Italy,,5311,
0,2,2019,5,26,06:34,$28.81,Chip Transaction,-7.27612E+17,Monterey Park,CA,91754,5411,
1,2,2019,2,27,22:14,$120.00,Chip Transaction,-4.28247E+18,Oakland Gardens,NY,11364,4829,
0,0,2019,6,17,09:57,$68.12,Chip Transaction,4.05526E+18,La Verne,CA,91750,7538,
790,1,2019,1,26,16:23,$5.08,Chip Transaction,-2.45178E+17,Rome,Italy,,5311,
0,0,2019,8,27,14:35,$79.58,Chip Transaction,-2.45178E+17,La Verne,CA,91750,5311,
2,0,2019,10,29,07:33,$9.37,Chip Transaction,-4.89106E+18,West Covina,CA,91792,5411,
579,1,2019,3,14,18:30,$35.98,Chip Transaction,9.05774E+18,Rome,Italy,,5311,
0,3,2019,11,22,06:11,$151.36,Swipe Transaction,-2.45178E+17,La Verne,CA,91750,5311,
0,3,2020,1,3,06:51,$120.92,Online Transaction,-7.42109E+18, ONLINE,,,5311,
1572,3,2019,3,9,15:03,$448.13,Chip Transaction,-2.91654E+18,Rome,Italy,,5712,
1166,0,2019,6,20,15:11,$10.67,Chip Transaction,-2.45178E+17,Rome,Italy,,5311,
73,0,2019,1,29,10:53,$42.41,Swipe Transaction,3.18952E+18,Rome,Italy,,5311,
0,1,2020,1,31,06:57,$39.49,Chip Transaction,-5.47568E+18,Monterey Park,CA,91755,5942,
2,0,2019,2,27,14:09,$43.77,Chip Transaction,-2.91195E+18,West Covina,CA,91792,5310,
1174,1,2019,6,8,19:51,$27.75,Chip Transaction,-1.28808E+18,Rome,Italy,,5499,
1,2,2019,1,4,06:49,$16.03,Chip Transaction,-4.79124E+18,Little Neck,NY,11363,5921,
0,2,2019,6,22,12:43,$12.71,Chip Transaction,-5.0235E+18,Mira Loma,CA,91752,5812,
0,2,2019,9,9,06:38,$40.32,Chip Transaction,-5.47568E+18,Monterey Park,CA,91755,5942,
1,4,2019,8,28,13:25,$12.55,Chip Transaction,-5.65725E+18,Little Neck,NY,11363,5411,
768,1,2019,4,20,12:10,$159.59,Chip Transaction,-7.05207E+18,Rome,Italy,,5814,
1689,1,2019,3,12,12:55,$18.20,Chip Transaction,7.48862E+18,Rome,Italy,,5651,
1776,0,2019,9,14,12:51,$32.03,Chip Transaction,1.79919E+18,Rome,Italy,,5499,
680,1,2019,8,2,13:31,$10.17,Chip Transaction,8.37304E+18,Rome,Italy,,3144,
0,3,2019,1,7,15:35,$12.50,Swipe Transaction,-7.35101E+18,North Grafton,MA,1536,5300,
1,3,2020,1,22,19:06,$96.53,Chip Transaction,-6.09472E+18,Little Neck,NY,11363,4900,
1,3,2019,3,19,10:00,$76.94,Chip Transaction,1.10189E+18,Little Neck,NY,11363,5310,
0,0,2019,9,12,20:05,$75.30,Chip Transaction,-4.50054E+18,La Verne,CA,91750,5814,
1,3,2019,3,2,14:04,$74.14,Chip Transaction,-6.73834E+18,Corona,NY,11368,7538,
0,2,2019,11,30,06:30,$29.80,Chip Transaction,5.81722E+18,La Verne,CA,91750,5912,
548,0,2019,8,17,12:32,$3.88,Chip Transaction,6.0514E+18,Rome,Italy,,5310,
2,0,2019,3,14,14:02,$110.10,Chip Transaction,-2.96161E+18,San Francisco,CA,94107,7996,
0,1,2020,1,25,13:05,$-93.00,Chip Transaction,-1.28808E+18,La Verne,CA,91750,5499,
1191,3,2019,3,8,19:19,$0.13,Chip Transaction,-2.45178E+17,Rome,Italy,,5311,
1191,3,2019,3,29,16:24,$19.59,Chip Transaction,6.09856E+18,Rome,Italy,,4214,
0,3,2020,2,28,06:53,$34.11,Swipe Transaction,-3.45515E+16,La Verne,CA,91750,5912,
0,1,2019,1,4,13:17,$-91.00,Chip Transaction,1.79919E+18,Princeton,MA,1541,5499,
1709,2,2019,5,2,18:40,$67.32,Swipe Transaction,6.0514E+18,Rome,Italy,,5310,
100,3,2019,4,4,16:57,$80.52,Chip Transaction,4.57388E+18,Rome,Italy,,5045,
2,0,2019,7,14,15:18,$127.58,Online Transaction,-9.09268E+18, ONLINE,,,4900,
0,3,2019,2,23,06:10,$123.12,Swipe Transaction,2.02755E+18,Mira Loma,CA,91752,5541,
0,3,2020,2,13,06:29,$118.38,Swipe Transaction,2.02755E+18,Mira Loma,CA,91752,5541,
0,3,2019,3,16,06:58,$31.62,Swipe Transaction,-5.47568E+18,Monterey Park,CA,91755,5942,
777,2,2019,7,16,14:22,$84.95,Chip Transaction,-8.31922E+18,Rome,Italy,,5661,
829,3,2019,1,12,13:25,$69.00,Chip Transaction,9.05774E+18,Rome,Italy,,5311,
0,3,2019,3,21,13:01,$10.57,Swipe Transaction,-5.0235E+18,Mira Loma,CA,91752,5812,
1008,4,2019,10,5,17:15,$0.92,Chip Transaction,2.02755E+18,Rome,Italy,,5541,
1191,3,2019,3,21,18:13,$11.54,Chip Transaction,-5.16204E+18,Rome,Italy,,5541,
1,1,2019,5,30,12:26,$49.31,Chip Transaction,2.91975E+18,Rome,Italy,,5932,
1546,2,2019,3,30,10:48,$31.57,Chip Transaction,3.01718E+18,Rome,Italy,,5921,
1,4,2019,9,4,19:11,$30.81,Chip Transaction,2.88124E+18,Little Neck,NY,11363,7832,
1,1,2019,2,13,18:49,$82.36,Chip Transaction,-7.05207E+18,Little Neck,NY,11363,5814,
913,1,2019,5,2,12:51,$161.00,Swipe Transaction,9.05774E+18,Rome,Italy,,5311,
1378,0,2019,3,7,11:13,$13.65,Chip Transaction,6.99836E+18,Rome,Italy,,5411,
71,1,2019,9,12,13:03,$26.45,Chip Transaction,-7.27612E+17,Rome,Italy,,5411,
0,0,2019,6,23,20:05,$69.17,Swipe Transaction,-1.60579E+18,La Verne,CA,91750,5812,
1207,0,2019,9,27,14:31,$779.11,Chip Transaction,-7.81388E+17,Rome,Italy,,3009,
1933,2,2019,8,9,18:16,$16.39,Swipe Transaction,-3.39554E+18,Rome,Italy,,5311,
0,0,2019,11,13,12:54,$31.40,Chip Transaction,-5.69364E+18,Pomona,CA,91766,4112,
0,3,2019,11,25,12:56,$394.00,Swipe Transaction,1.27047E+18,Waianae,HI,96792,3730,
632,2,2019,10,11,13:15,$29.64,Chip Transaction,6.0514E+18,Rome,Italy,,5310,
0,3,2019,8,22,07:21,$27.43,Swipe Transaction,5.81722E+18,La Verne,CA,91750,5912,
1,2,2019,3,3,22:05,$140.00,Chip Transaction,-4.28247E+18,Oakland Gardens,NY,11364,4829,
1099,3,2019,6,14,16:26,$1.07,Chip Transaction,6.0514E+18,Rome,Italy,,5310,
1958,4,2019,2,12,18:45,$0.17,Chip Transaction,-3.15872E+18,Rome,Italy,,5812,
1597,2,2019,7,27,11:17,$10.28,Chip Transaction,6.99836E+18,Rome,Italy,,5411,
0,3,2019,4,13,06:32,$15.88,Swipe Transaction,4.06065E+18,La Verne,CA,91750,5411,
748,1,2019,4,4,16:49,$82.15,Chip Transaction,-8.40529E+18,Rome,Italy,,5651,
81,2,2019,5,4,19:54,$22.47,Chip Transaction,2.02755E+18,Rome,Italy,,5541,
658,0,2019,10,1,17:29,$100.27,Chip Transaction,-8.40529E+18,Rome,Italy,,5651,
1477,2,2019,4,2,17:34,$117.96,Chip Transaction,6.66197E+18,Rome,Italy,,5211,
1002,1,2019,6,22,19:13,$247.00,Chip Transaction,-6.16179E+18,Rome,Italy,,3389,
1731,0,2019,8,8,11:29,$38.40,Chip Transaction,5.90183E+17,Rome,Italy,,5094,
190,1,2019,2,19,13:30,$150.59,Chip Transaction,-2.91654E+18,Rome,Italy,,5712,
781,0,2019,10,26,18:14,$63.50,Chip Transaction,-1.6423E+18,Rome,Italy,,5912,
1,3,2019,9,11,14:59,$-134.00,Chip Transaction,-8.56695E+18,San Antonio,TX,78223,3640,
1049,1,2019,9,3,18:48,$3.64,Chip Transaction,-7.80705E+18,Rome,Italy,,3684,
81,2,2019,5,17,13:53,$81.63,Chip Transaction,-7.5187E+18,Rome,Italy,,5813,"Insufficient Balance,"
914,4,2019,1,31,15:38,$54.30,Chip Transaction,6.0514E+18,Rome,Italy,,5310,
1,1,2019,2,7,08:03,$-425.00,Chip Transaction,7.83406E+18,San Antonio,TX,78260,3395,
2,0,2019,6,29,11:10,$34.14,Swipe Transaction,2.02755E+18,West Covina,CA,91792,5541,
0,0,2019,10,11,06:04,$149.49,Chip Transaction,1.91348E+18,La Verne,CA,91750,5300,
1487,4,2019,5,17,11:30,$153.93,Chip Transaction,-1.6423E+18,Rome,Italy,,5912,
2,0,2019,11,17,04:57,$39.52,Online Transaction,-6.45844E+18, ONLINE,,,4784,
1174,1,2019,6,8,12:04,$38.67,Chip Transaction,6.0514E+18,Rome,Italy,,5310,
1,2,2020,1,7,18:53,$26.22,Chip Transaction,-2.74491E+18,Beijing,China,,5812,
41,1,2019,8,17,16:40,$24.07,Chip Transaction,9.05774E+18,Rome,Italy,,5311,
0,0,2019,6,17,06:03,$152.54,Chip Transaction,1.91348E+18,La Verne,CA,91750,5300,
0,3,2019,11,26,14:22,$3.59,Swipe Transaction,-5.16204E+18,New York,NY,10128,5541,
0,3,2019,12,14,06:19,$119.31,Swipe Transaction,1.91348E+18,La Verne,CA,91750,5300,"Insufficient Balance,"
1174,1,2019,6,8,13:59,$79.86,Chip Transaction,7.48862E+18,Rome,Italy,,5651,
1926,4,2019,5,28,15:58,$42.51,Chip Transaction,-7.5187E+18,Rome,Italy,,5813,
0,0,2019,5,29,06:21,$145.16,Chip Transaction,4.06065E+18,La Verne,CA,91750,5411,
1776,1,2019,1,3,14:28,$168.50,Chip Transaction,-8.40529E+18,Rome,Italy,,5651,
1,2,2019,9,23,08:17,$100.77,Chip Transaction,1.79919E+18,Little Neck,NY,11363,5499,
299,0,2019,1,10,12:46,$101.00,Chip Transaction,4.8349E+17,Rome,Italy,,3504,
256,0,2019,6,29,10:53,$1.20,Chip Transaction,9.05774E+18,Rome,Italy,,5311,
0,0,2019,9,16,06:53,$33.59,Chip Transaction,4.06065E+18,La Verne,CA,91750,5411,
1,1,2019,4,14,04:31,$170.93,Chip Transaction,-6.09472E+18,Little Neck,NY,11363,4900,
2,0,2019,7,3,09:39,$56.19,Online Transaction,-6.45844E+18, ONLINE,,,4784,
15,2,2019,5,28,13:22,$26.23,Chip Transaction,9.05774E+18,Rome,Italy,,5311,
1683,1,2019,10,12,15:32,$118.00,Chip Transaction,-6.16179E+18,Rome,Italy,,3389,
1,1,2019,5,2,13:13,$62.79,Chip Transaction,-3.69365E+18,Camden,AR,71701,4814,
1324,0,2019,5,30,19:19,$0.10,Chip Transaction,-1.6423E+18,Rome,Italy,,5912,
0,3,2019,3,8,05:49,$129.52,Swipe Transaction,-3.45515E+16,La Verne,CA,91750,5912,
1607,3,2019,10,17,12:11,$8.93,Chip Transaction,5.50735E+18,Rome,Italy,,4121,
0,3,2019,8,12,06:25,$144.40,Swipe Transaction,3.52721E+18,La Verne,CA,91750,5300,
0,3,2020,2,8,07:02,$42.22,Swipe Transaction,-3.45515E+16,La Verne,CA,91750,5912,
2,0,2019,9,11,13:36,$200.98,Online Transaction,4.24134E+18, ONLINE,,,4814,
1,4,2019,1,2,11:06,$48.52,Chip Transaction,-8.40529E+18,Jackson Heights,NY,11372,5651,"Insufficient Balance,"
1,1,2019,7,16,10:03,$60.56,Chip Transaction,-3.39554E+18,Oakland Gardens,NY,11364,5311,
1844,2,2019,10,18,15:30,$499.82,Chip Transaction,9.05774E+18,Rome,Italy,,5311,
1,3,2019,3,8,19:08,$65.54,Chip Transaction,-5.0235E+18,Little Neck,NY,11363,5812,
1,3,2019,6,28,09:26,$2.70,Chip Transaction,-5.46792E+18,Oakland Gardens,NY,11364,5912,
0,1,2019,4,30,12:47,$11.73,Chip Transaction,-4.50054E+18,La Verne,CA,91750,5814,
908,1,2019,10,8,18:30,$78.00,Chip Transaction,1.79919E+18,Rome,Italy,,5499,
0,3,2020,1,6,23:16,$-183.00,Online Transaction,3.69472E+18, ONLINE,,,4722,
1076,0,2019,2,16,16:46,$167.15,Chip Transaction,7.48862E+18,Rome,Italy,,5651,
0,2,2019,4,2,10:22,$195.00,Swipe Transaction,4.55289E+18,Oakland,CA,94606,3596,
1,2,2019,8,22,18:45,$60.45,Chip Transaction,-7.05207E+18,Little Neck,NY,11363,5814,
768,1,2019,4,13,16:33,$0.04,Chip Transaction,2.02755E+18,Rome,Italy,,5541,
1,3,2019,9,3,18:35,$70.59,Chip Transaction,-7.05207E+18,Little Neck,NY,11363,5814,
0,2,2019,1,29,13:37,$54.40,Chip Transaction,-7.27612E+17,Monterey Park,CA,91754,5411,
2,0,2019,7,4,09:38,$41.59,Online Transaction,-6.45844E+18, ONLINE,,,4784,
0,0,2019,11,3,13:56,$11.64,Chip Transaction,-4.50054E+18,La Verne,CA,91750,5814,
0,0,2019,12,21,06:17,$109.00,Chip Transaction,1.91348E+18,La Verne,CA,91750,5300,
0,1,2019,10,28,13:50,$33.44,Chip Transaction,6.66197E+18,Ontario,CA,91761,5211,
0,3,2019,12,13,06:41,$47.59,Swipe Transaction,-5.47568E+18,Monterey Park,CA,91755,5942,
1558,2,2019,5,9,13:55,$1.18,Chip Transaction,-6.01867E+18,Rome,Italy,,5947,
1,2,2019,7,23,10:22,$75.77,Chip Transaction,-5.46792E+18,Oakland Gardens,NY,11364,5912,
0,3,2019,12,27,06:05,$81.72,Swipe Transaction,-2.45178E+17,La Verne,CA,91750,5311,
0,1,2019,4,29,06:30,$49.16,Chip Transaction,-3.45515E+16,La Verne,CA,91750,5912,
81,2,2019,4,30,17:27,$5.44,Chip Transaction,7.48862E+18,Rome,Italy,,5651,
0,0,2019,10,12,06:27,$137.65,Chip Transaction,2.02755E+18,Mira Loma,CA,91752,5541,
796,1,2019,2,15,16:47,$171.94,Swipe Transaction,-8.90095E+18,Rome,Italy,,5621,
1,1,2019,5,12,04:50,$158.43,Swipe Transaction,4.8349E+17,Montgomery,AL,36105,3504,
2,0,2019,5,4,09:30,$28.28,Online Transaction,-6.45844E+18, ONLINE,,,4784,
1419,3,2019,4,2,11:51,$54.89,Chip Transaction,-3.39554E+18,Rome,Italy,,5311,
2,0,2019,10,16,06:52,$52.81,Chip Transaction,-5.86136E+18,West Covina,CA,91792,5912,
2,0,2019,10,12,05:10,$40.00,Online Transaction,-6.45844E+18, ONLINE,,,4784,
1304,4,2019,3,30,12:18,$1.79,Chip Transaction,3.18952E+18,Rome,Italy,,5311,
1419,3,2019,3,21,12:21,$182.16,Chip Transaction,6.0514E+18,Rome,Italy,,5310,
0,0,2020,1,6,06:16,$121.30,Chip Transaction,-8.82635E+18,San Antonio,TX,78266,5411,"Insufficient Balance,"
1776,0,2019,9,12,13:30,$21.68,Chip Transaction,6.0514E+18,Rome,Italy,,5310,
0,0,2019,5,31,21:44,$33.45,Chip Transaction,-5.41338E+18,La Verne,CA,91750,5813,
0,3,2019,2,17,06:12,$110.82,Swipe Transaction,1.91348E+18,La Verne,CA,91750,5300,"Technical Glitch,"
114,1,2019,10,11,18:29,$6.42,Chip Transaction,9.05774E+18,Rome,Italy,,5311,
1,3,2019,11,7,13:10,$14.73,Chip Transaction,-7.05207E+18,Little Neck,NY,11363,5814,
2,0,2020,1,1,07:30,$3.21,Chip Transaction,-6.03533E+18,Alhambra,CA,91801,5812,
1,4,2019,9,14,06:49,$18.88,Chip Transaction,-4.79124E+18,Little Neck,NY,11363,5921,
2,0,2019,1,1,14:38,$43.86,Online Transaction,-6.45844E+18, ONLINE,,,4784,
0,3,2019,7,17,20:29,$97.57,Swipe Transaction,-5.0235E+18,Mira Loma,CA,91752,5812,
47,1,2019,1,18,11:38,$17.87,Chip Transaction,5.50735E+18,Rome,Italy,,4121,
410,1,2019,9,14,16:13,$112.03,Chip Transaction,7.48862E+18,Rome,Italy,,5651,
0,3,2020,2,23,09:30,$123.18,Swipe Transaction,7.94533E+18,La Verne,CA,91750,4900,
1006,1,2019,2,2,19:45,$152.73,Chip Transaction,-7.27612E+17,Rome,Italy,,5411,
2,0,2019,2,8,07:32,$8.39,Chip Transaction,-7.80474E+18,West Covina,CA,91792,5812,
2,0,2019,9,18,07:51,$50.60,Chip Transaction,-3.26567E+18,West Covina,CA,91792,7832,
2,0,2020,1,10,04:35,$49.66,Online Transaction,-6.45844E+18, ONLINE,,,4784,
1,2,2019,11,8,12:08,$23.94,Chip Transaction,-5.16204E+18,Little Neck,NY,11363,5541,
0,3,2019,2,20,06:28,$50.98,Swipe Transaction,4.06065E+18,La Verne,CA,91750,5411,
764,1,2019,1,8,16:36,$22.96,Chip Transaction,2.91975E+18,Rome,Italy,,5932,
0,0,2019,10,27,06:49,$37.26,Chip Transaction,5.81722E+18,La Verne,CA,91750,5912,
0,3,2019,11,15,06:01,$40.19,Swipe Transaction,-5.47568E+18,Monterey Park,CA,91755,5942,
0,1,2019,12,7,07:02,$44.03,Chip Transaction,9.70328E+16,San Diego,CA,92110,5411,"Insufficient Balance,"
0,1,2019,4,3,13:21,$58.70,Chip Transaction,1.79919E+18,San Ysidro,CA,92173,5499,
1249,3,2019,6,14,17:59,$67.77,Chip Transaction,4.57388E+18,Rome,Italy,,5045,
1062,6,2019,7,19,15:16,$89.30,Chip Transaction,4.57388E+18,Rome,Italy,,5045,
0,2,2019,4,15,13:51,$67.73,Chip Transaction,8.08093E+18,Monterey Park,CA,91754,5310,
745,1,2019,10,8,17:42,$15.00,Swipe Transaction,-4.75206E+18,Rome,Italy,,4214,
0,0,2019,11,11,13:04,$62.00,Chip Transaction,-1.28808E+18,San Diego,CA,92153,5499,
2,0,2019,6,10,07:21,$14.06,Chip Transaction,6.04253E+18,West Covina,CA,91792,5912,
1,1,2020,1,21,13:15,$0.61,Chip Transaction,1.10189E+18,Little Neck,NY,11363,5310,
0,1,2019,3,18,13:36,$58.28,Chip Transaction,-7.14667E+18,Monterey Park,CA,91755,5970,
0,1,2019,8,11,13:21,$14.42,Swipe Transaction,-1.60579E+18,La Verne,CA,91750,5812,
901,0,2019,5,9,18:49,$2.29,Swipe Transaction,3.01718E+18,Rome,Italy,,5921,
414,3,2019,10,3,19:29,$33.58,Chip Transaction,5.90183E+17,Rome,Italy,,5094,
0,1,2019,3,2,11:56,$17.71,Chip Transaction,1.91348E+18,La Verne,CA,91750,5300,
1049,1,2019,9,3,19:00,$12.53,Chip Transaction,-2.45178E+17,Rome,Italy,,5311,
1,2,2019,1,8,06:32,$128.27,Chip Transaction,-8.40529E+18,Jackson Heights,NY,11372,5651,
1641,1,2019,5,31,12:19,$27.82,Chip Transaction,-8.83014E+18,Rome,Italy,,5211,
0,3,2019,7,10,13:13,$7.35,Swipe Transaction,-4.50054E+18,La Verne,CA,91750,5814,
1400,0,2019,4,25,10:48,$36.24,Chip Transaction,-7.5187E+18,Rome,Italy,,5813,
0,0,2019,7,8,12:56,$-93.00,Chip Transaction,2.02755E+18,Mira Loma,CA,91752,5541,
1,3,2019,10,3,14:57,$15.64,Chip Transaction,6.13521E+18,Little Neck,NY,11363,9402,
0,1,2019,8,13,06:26,$136.03,Chip Transaction,-3.45515E+16,La Verne,CA,91750,5912,
1,1,2019,11,2,13:55,$86.82,Chip Transaction,-3.49962E+18,Little Neck,NY,11363,7538,
0,0,2020,1,24,17:26,$15.95,Chip Transaction,8.08093E+18,Monterey Park,CA,91754,5310,
1122,1,2019,9,27,11:28,$31.93,Chip Transaction,-3.39554E+18,Rome,Italy,,5311,
1,2,2019,12,22,08:01,$64.00,Chip Transaction,1.79919E+18,Little Neck,NY,11363,5499,
2,0,2020,1,10,10:57,$13.52,Chip Transaction,4.72291E+18,Alhambra,CA,91801,5411,
1178,1,2019,8,31,15:48,$64.20,Chip Transaction,-7.27612E+17,Rome,Italy,,5411,
413,1,2019,4,11,11:51,$65.39,Chip Transaction,9.05774E+18,Rome,Italy,,5311,"Insufficient Balance,"
0,3,2019,2,10,06:11,$141.28,Swipe Transaction,1.91348E+18,La Verne,CA,91750,5300,
1926,4,2019,6,6,16:39,$53.55,Chip Transaction,1.90253E+17,Rome,Italy,,3359,
0,1,2020,1,27,06:32,$40.03,Chip Transaction,-5.47568E+18,Monterey Park,CA,91755,5942,
1477,2,2019,4,25,17:03,$6.07,Chip Transaction,7.48862E+18,Rome,Italy,,5651,
1895,0,2019,2,7,18:49,$61.49,Chip Transaction,6.0514E+18,Rome,Italy,,5310,
0,2,2019,5,2,05:59,$91.00,Chip Transaction,3.52721E+18,La Verne,CA,91750,5300,
73,0,2019,2,2,11:32,$57.48,Swipe Transaction,-1.28808E+18,Rome,Italy,,5499,
1776,2,2019,1,24,16:26,$11.91,Chip Transaction,2.91975E+18,Rome,Italy,,5932,
50,2,2019,4,30,17:35,$27.76,Chip Transaction,-3.39554E+18,Rome,Italy,,5311,
2,0,2019,1,12,15:10,$46.78,Online Transaction,-6.45844E+18, ONLINE,,,4784,
2,0,2019,8,3,09:59,$53.14,Online Transaction,-6.45844E+18, ONLINE,,,4784,
1681,3,2019,1,1,12:32,$107.00,Chip Transaction,1.90253E+17,Rome,Italy,,3359,
0,1,2019,10,13,06:40,$35.24,Chip Transaction,-7.27612E+17,Monterey Park,CA,91754,5411,
1174,1,2019,6,8,18:20,$14.08,Chip Transaction,-3.15872E+18,Rome,Italy,,5812,
1,2,2020,1,7,10:17,$59.90,Chip Transaction,1.91348E+18,Fresh Meadows,NY,11366,5300,
1776,0,2019,9,17,15:30,$63.44,Chip Transaction,-1.6423E+18,Rome,Italy,,5912,
190,2,2019,8,27,12:08,$182.16,Chip Transaction,-2.45178E+17,Rome,Italy,,5311,
1528,2,2019,6,29,14:10,$0.99,Chip Transaction,-2.45178E+17,Rome,Italy,,5311,
0,2,2019,11,2,06:10,$72.75,Chip Transaction,2.02755E+18,Mira Loma,CA,91752,5541,
126,0,2019,8,13,10:55,$46.28,Chip Transaction,-1.28808E+18,Rome,Italy,,5499,
240,3,2019,9,10,19:48,$1.13,Chip Transaction,6.0514E+18,Rome,Italy,,5310,
0,3,2019,6,8,09:33,$53.75,Swipe Transaction,4.05526E+18,La Verne,CA,91750,7538,
0,3,2019,11,29,06:01,$174.42,Swipe Transaction,-2.45178E+17,La Verne,CA,91750,5311,
1,3,2019,1,26,21:05,$29.24,Chip Transaction,2.13217E+18,Little Neck,NY,11363,5813,
632,2,2019,10,12,14:54,$11.20,Chip Transaction,5.50735E+18,Rome,Italy,,4121,
520,3,2019,2,12,19:06,$1.31,Chip Transaction,6.0514E+18,Rome,Italy,,5310,
1364,2,2019,5,14,10:52,$44.58,Chip Transaction,-5.16204E+18,Rome,Italy,,5541,"Insufficient Balance,"
0,0,2019,11,14,06:15,$134.06,Chip Transaction,-7.27612E+17,Monterey Park,CA,91754,5411,
940,2,2019,10,15,11:33,$211.78,Chip Transaction,6.0514E+18,Rome,Italy,,5310,
1,1,2019,7,21,09:59,$59.64,Chip Transaction,-5.47568E+18,Rego Park,NY,11374,5942,
745,1,2019,10,10,11:43,$27.70,Swipe Transaction,-1.6423E+18,Rome,Italy,,5912,
0,1,2019,5,16,13:55,$10.66,Chip Transaction,-7.27612E+17,Monterey Park,CA,91754,5411,
509,1,2019,1,4,15:15,$34.38,Swipe Transaction,8.40186E+18,Rome,Italy,,3006,
1,3,2019,11,19,06:32,$72.40,Chip Transaction,-3.22224E+18,Little Neck,NY,11363,5651,
2,0,2019,1,26,04:10,$33.60,Online Transaction,-6.45844E+18, ONLINE,,,4784,
1780,1,2019,3,8,19:40,$-80.00,Swipe Transaction,2.02755E+18,Rome,Italy,,5541,
1,3,2019,11,7,10:08,$74.47,Chip Transaction,1.91348E+18,Fresh Meadows,NY,11366,5300,
1323,1,2019,2,12,16:55,$38.24,Chip Transaction,-2.45178E+17,Rome,Italy,,5311,
0,0,2019,7,12,06:27,$40.24,Chip Transaction,-7.27612E+17,Monterey Park,CA,91754,5411,
2,1,2019,1,6,07:59,$7.51,Swipe Transaction,-7.80474E+18,West Covina,CA,91792,5812,
1,1,2019,9,19,08:05,$-92.00,Chip Transaction,-5.16204E+18,Little Neck,NY,11363,5541,
0,0,2019,6,8,06:42,$38.23,Chip Transaction,-7.27612E+17,Monterey Park,CA,91754,5411,
370,0,2019,9,24,19:17,$408.00,Chip Transaction,-1.12121E+17,Rome,Italy,,3509,
1,3,2019,1,11,17:00,$71.79,Chip Transaction,-5.65725E+18,Little Neck,NY,11363,5411,
1207,0,2019,10,18,12:25,$29.66,Chip Transaction,-3.94366E+18,Rome,Italy,,5712,
0,3,2019,9,20,06:17,$125.66,Swipe Transaction,5.81722E+18,La Verne,CA,91750,5912,
1551,2,2019,7,20,12:30,$79.31,Chip Transaction,-1.6423E+18,Rome,Italy,,5912,
1575,3,2019,6,22,16:42,$80.57,Chip Transaction,3.41453E+18,Rome,Italy,,5651,
1546,2,2019,3,19,14:06,$13.60,Chip Transaction,-4.75206E+18,Rome,Italy,,4214,
0,3,2019,4,24,06:06,$155.60,Swipe Transaction,4.06065E+18,La Verne,CA,91750,5411,
41,1,2019,8,24,14:21,$51.78,Chip Transaction,9.05774E+18,Rome,Italy,,5311,
1364,2,2019,5,11,12:48,$94.83,Chip Transaction,1.90253E+17,Rome,Italy,,3359,"Insufficient Balance,"
450,0,2019,3,29,16:57,$14.14,Chip Transaction,5.12297E+17,Rome,Italy,,7230,
901,1,2019,4,23,18:23,$62.57,Chip Transaction,-8.83014E+18,Rome,Italy,,5211,
0,3,2019,7,28,06:25,$140.00,Swipe Transaction,-4.28247E+18,Mira Loma,CA,91752,4829,
1,1,2019,6,18,10:18,$73.94,Chip Transaction,-5.65725E+18,Little Neck,NY,11363,5411,
2,0,2020,1,1,08:13,$9.03,Chip Transaction,-6.03533E+18,Alhambra,CA,91801,5812,
81,2,2019,5,10,11:52,$397.00,Chip Transaction,1.7153E+18,Rome,Italy,,3722,
0,3,2019,7,22,06:27,$135.78,Swipe Transaction,-7.27612E+17,Monterey Park,CA,91754,5411,
943,1,2019,6,4,16:28,$-58.00,Swipe Transaction,-1.28808E+18,Rome,Italy,,5499,
1,2,2019,1,25,14:39,$79.18,Chip Transaction,-3.03858E+17,Oakland Gardens,NY,11364,5251,
1304,4,2019,3,16,16:40,$208.35,Chip Transaction,-2.45178E+17,Rome,Italy,,5311,
1,1,2019,5,1,08:05,$-94.00,Chip Transaction,-5.16204E+18,Little Neck,NY,11363,5541,
866,1,2019,5,25,11:46,$45.41,Chip Transaction,3.18952E+18,Rome,Italy,,5311,
0,3,2020,1,22,20:11,$81.67,Swipe Transaction,7.06958E+18,Manteca,CA,95336,5812,
2,0,2019,10,2,04:53,$61.31,Online Transaction,-6.45844E+18, ONLINE,,,4784,
1122,1,2019,10,17,14:32,$4.39,Chip Transaction,-2.45178E+17,Rome,Italy,,5311,
1,3,2019,10,3,14:58,$19.17,Chip Transaction,6.13521E+18,Little Neck,NY,11363,9402,"Bad PIN,"
0,3,2019,1,24,06:55,$170.10,Swipe Transaction,5.81722E+18,La Verne,CA,91750,5912,
1298,2,2019,9,3,18:13,$96.11,Swipe Transaction,3.18952E+18,Rome,Italy,,5311,
2,0,2019,4,17,15:24,$30.26,Online Transaction,-6.45844E+18, ONLINE,,,4784,
0,3,2019,11,11,13:32,$316.00,Swipe Transaction,1.7153E+18,San Diego,CA,92154,3722,
736,0,2019,10,26,11:40,$47.39,Chip Transaction,3.18952E+18,Rome,Italy,,5311,
2,0,2019,9,26,06:38,$15.04,Chip Transaction,6.04253E+18,West Covina,CA,91792,5912,
901,0,2019,5,7,14:48,$59.46,Swipe Transaction,-5.67429E+18,Rome,Italy,,5733,
2,0,2019,2,14,06:32,$12.34,Chip Transaction,4.72291E+18,Alhambra,CA,91801,5411,
0,1,2020,1,6,17:55,$5.83,Online Transaction,-2.04205E+18, ONLINE,,,5815,
1405,1,2019,5,18,14:31,$124.50,Chip Transaction,-7.27612E+17,Rome,Italy,,5411,
1689,2,2019,1,19,18:41,$5.09,Chip Transaction,6.99836E+18,Rome,Italy,,5411,
1717,4,2019,8,9,09:43,$391.45,Swipe Transaction,-7.80705E+18,Rome,Italy,,3684,
1487,4,2019,5,18,13:39,$29.45,Chip Transaction,-1.28808E+18,Rome,Italy,,5499,
0,3,2019,2,9,09:44,$57.03,Swipe Transaction,-3.34594E+18,La Verne,CA,91750,7538,
0,2,2019,7,14,20:18,$55.04,Chip Transaction,-4.50054E+18,La Verne,CA,91750,5814,
1885,1,2019,7,23,19:21,$75.18,Chip Transaction,-7.27612E+17,Rome,Italy,,5411,
1,3,2019,7,15,10:12,$67.15,Chip Transaction,9.70328E+16,Oakland Gardens,NY,11364,5411,
0,3,2019,12,6,12:42,$14.32,Swipe Transaction,2.02755E+18,Mira Loma,CA,91752,5541,
0,3,2019,4,11,06:04,$131.83,Swipe Transaction,2.02755E+18,Mira Loma,CA,91752,5541,
0,3,2019,1,27,10:47,$23.30,Swipe Transaction,-8.68256E+16,La Verne,CA,91750,7230,
2,0,2019,8,27,11:15,$-51.00,Swipe Transaction,2.02755E+18,West Covina,CA,91792,5541,
1,2,2019,2,15,10:00,$62.88,Chip Transaction,1.76341E+18,Little Neck,NY,11363,5912,
0,3,2019,8,29,10:01,$67.89,Swipe Transaction,4.05526E+18,La Verne,CA,91750,7538,
0,1,2019,1,31,06:45,$37.65,Chip Transaction,-7.27612E+17,Monterey Park,CA,91754,5411,
813,4,2019,1,31,11:42,$28.24,Chip Transaction,9.05774E+18,Rome,Italy,,5311,
0,2,2019,3,8,16:53,$30.06,Online Transaction,4.24134E+18, ONLINE,,,4814,
1,1,2019,12,11,18:08,$90.56,Chip Transaction,-5.46792E+18,Oakland Gardens,NY,11364,5912,
2,0,2019,2,15,04:40,$57.14,Online Transaction,-6.45844E+18, ONLINE,,,4784,
0,0,2019,5,17,17:33,$9.13,Online Transaction,-5.21142E+17, ONLINE,,,5815,
1,2,2020,1,16,18:39,$65.59,Chip Transaction,-5.0235E+18,Little Neck,NY,11363,5812,
0,3,2019,10,27,06:25,$42.73,Swipe Transaction,-7.27612E+17,Monterey Park,CA,91754,5411,"Technical Glitch,"
0,0,2019,3,26,16:44,$17.44,Chip Transaction,-2.45178E+17,La Verne,CA,91750,5311,
71,1,2019,9,12,14:15,$7.27,Chip Transaction,6.99836E+18,Rome,Italy,,5411,
71,1,2019,8,30,11:33,$7.77,Chip Transaction,-7.27612E+17,Rome,Italy,,5411,
1,1,2020,2,4,08:19,$14.36,Chip Transaction,1.79919E+18,Little Neck,NY,11363,5499,
1597,2,2019,8,2,15:16,$14.18,Chip Transaction,-7.27612E+17,Rome,Italy,,5411,
0,2,2019,7,2,20:34,$39.20,Swipe Transaction,-1.60579E+18,La Verne,CA,91750,5812,
1487,0,2019,8,1,18:20,$193.14,Chip Transaction,6.0514E+18,Rome,Italy,,5310,
813,4,2019,2,16,17:05,$2.99,Chip Transaction,-7.14667E+18,Rome,Italy,,5970,
1,4,2019,10,30,16:56,$4.81,Chip Transaction,6.66197E+18,Fresh Meadows,NY,11365,5211,
1101,6,2019,4,27,16:34,$41.75,Chip Transaction,7.48862E+18,Rome,Italy,,5651,
0,1,2019,11,23,10:33,$1.94,Chip Transaction,-7.23219E+18,La Verne,CA,91750,7542,
1,1,2019,4,2,11:29,$41.08,Chip Transaction,-8.40529E+18,Jackson Heights,NY,11372,5651,
0,2,2019,7,21,05:33,$93.86,Chip Transaction,-2.45178E+17,La Verne,CA,91750,5311,"Bad PIN,"
0,2,2019,1,29,12:26,$10.38,Chip Transaction,-4.50054E+18,La Verne,CA,91750,5814,
0,1,2019,7,17,19:52,$75.28,Chip Transaction,-4.50054E+18,La Verne,CA,91750,5814,
190,2,2019,8,23,13:01,$9.36,Chip Transaction,-3.39554E+18,Rome,Italy,,5311,
1,3,2019,8,16,22:11,$33.86,Chip Transaction,5.56161E+18,Little Neck,NY,11363,7230,
0,3,2019,11,10,06:14,$123.91,Swipe Transaction,-7.27612E+17,Monterey Park,CA,91754,5411,
0,3,2019,10,22,13:14,$63.44,Swipe Transaction,-4.33423E+18,Highland Park,MI,48203,5541,
1,1,2019,7,31,17:47,$70.75,Chip Transaction,4.31886E+18,Little Neck,NY,11363,5812,
1,2,2020,2,27,11:23,$70.84,Swipe Transaction,-2.16533E+18,Fresh Meadows,NY,11365,5311,
1,3,2019,11,12,06:39,$86.32,Chip Transaction,4.93736E+18,Little Neck,NY,11363,5300,
1,1,2019,4,22,08:10,$130.77,Chip Transaction,4.8349E+17,Montgomery,AL,36105,3504,
1790,0,2019,3,26,17:50,$376.38,Chip Transaction,-8.80451E+18,Rome,Italy,,5712,
1,1,2019,5,2,23:46,$-163.00,Swipe Transaction,-6.16179E+18,Hot Springs National Park,AR,71901,3389,
0,3,2019,2,22,13:04,$11.04,Swipe Transaction,-1.60579E+18,La Verne,CA,91750,5812,
0,2,2019,8,24,20:18,$91.27,Chip Transaction,-5.0235E+18,Mira Loma,CA,91752,5812,
1,1,2019,5,25,14:06,$130.19,Chip Transaction,3.18952E+18,Rome,Italy,,5311,
1,1,2019,5,2,21:49,$-136.00,Chip Transaction,5.23774E+18,Las Vegas,NV,89148,3775,
1003,5,2019,10,5,19:27,$3.91,Chip Transaction,6.34125E+18,Rome,Italy,,7210,"Bad PIN,"
1062,6,2019,7,25,11:31,$22.30,Chip Transaction,-7.27612E+17,Rome,Italy,,5411,
1,1,2019,2,11,18:08,$109.01,Chip Transaction,1.76341E+18,Little Neck,NY,11363,5912,
50,2,2019,4,20,13:17,$17.42,Chip Transaction,5.50735E+18,Rome,Italy,,4121,
2,0,2019,6,29,11:02,$-54.00,Swipe Transaction,2.02755E+18,West Covina,CA,91792,5541,
2,0,2019,11,4,07:41,$7.30,Chip Transaction,-4.89106E+18,West Covina,CA,91792,5411,
1,1,2019,12,19,03:16,$-198.00,Chip Transaction,1.27047E+18,Waianae,HI,96792,3730,
1,4,2019,10,14,06:05,$7.54,Chip Transaction,-4.79124E+18,Little Neck,NY,11363,5921,
1487,4,2019,5,18,19:22,$72.00,Chip Transaction,2.02755E+18,Rome,Italy,,5541,
0,3,2019,4,10,06:45,$39.36,Swipe Transaction,4.06065E+18,La Verne,CA,91750,5411,
1607,3,2019,10,25,15:38,$141.05,Chip Transaction,3.18952E+18,Rome,Italy,,5311,
1,1,2019,3,12,08:19,$95.46,Chip Transaction,-5.16204E+18,Little Neck,NY,11363,5541,
44,0,2019,6,22,15:21,$76.00,Swipe Transaction,-5.16204E+18,Rome,Italy,,5541,
767,0,2019,6,27,18:44,$83.00,Chip Transaction,2.02755E+18,Rome,Italy,,5541,
0,1,2019,7,29,07:16,$35.44,Chip Transaction,-3.45515E+16,La Verne,CA,91750,5912,
240,2,2019,7,2,12:39,$56.56,Chip Transaction,-2.45178E+17,Rome,Italy,,5311,
2,0,2019,5,20,09:40,$34.59,Online Transaction,-6.45844E+18, ONLINE,,,4784,
478,0,2019,10,22,18:02,$3.71,Chip Transaction,-7.27612E+17,Rome,Italy,,5411,
262,0,2019,4,19,16:03,$70.57,Chip Transaction,5.90183E+17,Rome,Italy,,5094,
1576,3,2019,5,28,16:53,$5.12,Chip Transaction,-7.27612E+17,Rome,Italy,,5411,
0,3,2019,3,9,06:53,$34.79,Swipe Transaction,4.06065E+18,La Verne,CA,91750,5411,
0,3,2019,12,30,06:21,$133.01,Swipe Transaction,-2.03398E+18,San Antonio,TX,78258,5411,
802,2,2019,4,6,17:38,$4.53,Chip Transaction,6.0514E+18,Rome,Italy,,5310,
0,1,2019,1,27,06:03,$78.25,Chip Transaction,2.02755E+18,Mira Loma,CA,91752,5541,
943,1,2019,6,6,16:54,$5.08,Swipe Transaction,-8.83014E+18,Rome,Italy,,5211,
1551,2,2019,8,2,12:37,$34.82,Chip Transaction,6.0514E+18,Rome,Italy,,5310,
1,2,2019,10,16,04:33,$109.77,Chip Transaction,-6.09472E+18,Little Neck,NY,11363,4900,
0,2,2019,12,23,11:38,$1.42,Chip Transaction,6.6665E+18,La Verne,CA,91750,5499,
2,0,2019,5,8,14:51,$32.57,Online Transaction,-6.45844E+18, ONLINE,,,4784,
1790,0,2019,4,2,15:46,$34.63,Chip Transaction,9.05774E+18,Rome,Italy,,5311,
658,0,2019,9,26,19:20,$6.30,Chip Transaction,-7.14667E+18,Rome,Italy,,5970,
1398,0,2019,3,12,18:43,$3.36,Chip Transaction,6.0514E+18,Rome,Italy,,5310,
190,1,2019,2,25,07:30,$79.43,Chip Transaction,-1.12121E+17,Rome,Italy,,3509,
2,0,2020,1,11,14:54,$41.26,Online Transaction,-6.45844E+18, ONLINE,,,4784,
0,1,2019,6,17,06:38,$37.78,Chip Transaction,-7.27612E+17,Monterey Park,CA,91754,5411,
0,3,2019,8,13,13:35,$57.21,Swipe Transaction,3.18952E+18,La Verne,CA,91750,5311,
0,3,2019,1,19,13:42,$36.72,Swipe Transaction,3.18952E+18,La Verne,CA,91750,5311,
0,2,2020,2,28,07:36,$41.05,Chip Transaction,5.81722E+18,La Verne,CA,91750,5912,
1,4,2020,1,24,15:38,$13.40,Chip Transaction,6.09856E+18,Elmhurst,NY,11373,4214,
1062,6,2019,8,6,14:25,$3.29,Chip Transaction,-3.39554E+18,Rome,Italy,,5311,
0,3,2019,9,11,06:02,$175.66,Swipe Transaction,-7.27612E+17,Monterey Park,CA,91754,5411,
1885,1,2019,8,3,18:49,$101.03,Chip Transaction,6.0514E+18,Rome,Italy,,5310,
0,3,2019,10,27,06:16,$38.65,Swipe Transaction,-7.27612E+17,Monterey Park,CA,91754,5411,
1473,1,2019,10,10,15:55,$39.05,Chip Transaction,6.0514E+18,Rome,Italy,,5310,
1,1,2020,1,1,18:40,$61.26,Chip Transaction,-5.0235E+18,Little Neck,NY,11363,5812,
0,2,2019,3,16,06:17,$128.91,Chip Transaction,-7.27612E+17,Monterey Park,CA,91754,5411,
1641,1,2019,6,4,12:33,$1.41,Chip Transaction,-6.01867E+18,Rome,Italy,,5947,
0,3,2019,1,6,13:48,$66.43,Swipe Transaction,-7.35101E+18,North Grafton,MA,1536,5300,
1,1,2019,5,22,19:06,$138.88,Chip Transaction,-6.09472E+18,Little Neck,NY,11363,4900,
0,3,2020,2,28,06:29,$114.51,Swipe Transaction,-3.45515E+16,La Verne,CA,91750,5912,
1579,2,2019,2,7,14:10,$31.11,Chip Transaction,-7.5187E+18,Rome,Italy,,5813,
278,1,2019,4,13,15:12,$40.82,Chip Transaction,9.05774E+18,Rome,Italy,,5311,
0,2,2019,6,18,20:27,$53.64,Chip Transaction,-4.50054E+18,La Verne,CA,91750,5814,
0,3,2019,9,26,13:55,$59.92,Swipe Transaction,-7.27612E+17,Monterey Park,CA,91754,5411,
0,1,2020,1,2,09:56,$45.76,Chip Transaction,-2.47248E+18,San Antonio,TX,78258,7538,
1304,4,2019,3,15,16:44,$102.48,Chip Transaction,-3.39554E+18,Rome,Italy,,5311,
44,0,2019,6,22,15:26,$-76.00,Swipe Transaction,-5.16204E+18,Rome,Italy,,5541,
0,3,2019,11,4,06:12,$129.90,Swipe Transaction,-3.45515E+16,La Verne,CA,91750,5912,
785,0,2019,5,2,13:16,$0.41,Chip Transaction,-4.75206E+18,Rome,Italy,,4214,
0,1,2020,1,11,21:04,$25.13,Chip Transaction,7.94533E+18,La Verne,CA,91750,4900,
0,3,2019,9,3,06:04,$115.78,Swipe Transaction,4.06065E+18,La Verne,CA,91750,5411,"Insufficient Balance,"
1,1,2019,9,15,06:51,$120.38,Chip Transaction,1.91348E+18,Fresh Meadows,NY,11366,5300,
1,3,2019,9,22,18:04,$84.85,Chip Transaction,1.91348E+18,Fresh Meadows,NY,11366,5300,
1,3,2019,1,1,19:05,$24.61,Chip Transaction,-5.62484E+18,Flushing,NY,11367,7832,
1062,6,2019,7,16,18:13,$23.52,Chip Transaction,-3.39554E+18,Rome,Italy,,5311,
0,0,2019,1,28,10:34,$25.87,Chip Transaction,-8.68256E+16,La Verne,CA,91750,7230,
1798,0,2019,3,28,13:59,$17.57,Chip Transaction,5.50735E+18,Rome,Italy,,4121,
2,0,2019,4,22,22:12,$39.52,Chip Transaction,-7.80474E+18,West Covina,CA,91792,5812,
2,0,2019,8,26,09:39,$62.14,Online Transaction,-6.45844E+18, ONLINE,,,4784,
0,3,2019,5,27,06:30,$49.48,Swipe Transaction,-7.27612E+17,Monterey Park,CA,91754,5411,
1324,0,2019,5,21,11:10,$8.54,Chip Transaction,6.99836E+18,Rome,Italy,,5411,
0,2,2019,5,22,06:20,$142.92,Chip Transaction,3.52721E+18,La Verne,CA,91750,5300,
1,2,2019,10,12,18:24,$229.52,Chip Transaction,3.99132E+18,Harper Woods,MI,48225,3405,
240,2,2019,6,22,13:16,$736.59,Chip Transaction,-8.80451E+18,Rome,Italy,,5712,
0,1,2019,8,1,13:14,$146.60,Chip Transaction,7.94533E+18,La Verne,CA,91750,4900,
1877,1,2019,8,30,18:42,$0.13,Chip Transaction,-6.01867E+18,Rome,Italy,,5947,
2,0,2020,2,21,09:56,$48.36,Online Transaction,-6.45844E+18, ONLINE,,,4784,
1683,1,2019,10,15,11:55,$6.10,Chip Transaction,-3.39554E+18,Rome,Italy,,5311,
0,3,2019,4,15,13:22,$-54.00,Swipe Transaction,-1.28808E+18,La Verne,CA,91750,5499,
854,3,2019,9,26,12:53,$44.95,Chip Transaction,-2.45178E+17,Rome,Italy,,5311,
0,3,2019,12,27,11:13,$183.00,Online Transaction,3.69472E+18, ONLINE,,,4722,
2,0,2019,7,20,04:47,$40.71,Online Transaction,-6.45844E+18, ONLINE,,,4784,
1607,4,2019,10,4,18:30,$10.62,Chip Transaction,5.90183E+17,Rome,Italy,,5094,"Bad PIN,"
1,3,2019,11,3,21:16,$25.61,Chip Transaction,2.13217E+18,Little Neck,NY,11363,5813,
190,2,2019,8,31,12:54,$1.14,Chip Transaction,2.02755E+18,Rome,Italy,,5541,
299,0,2019,1,4,19:20,$283.00,Chip Transaction,-3.36283E+18,Rome,Italy,,7011,
1996,3,2019,6,29,14:25,$362.00,Chip Transaction,1.90253E+17,Rome,Italy,,3359,
1885,1,2019,8,15,13:19,$16.20,Chip Transaction,-7.27612E+17,Rome,Italy,,5411,
0,2,2019,1,22,13:17,$62.19,Chip Transaction,-1.28808E+18,La Verne,CA,91750,5499,
0,3,2019,4,5,00:19,$30.89,Swipe Transaction,-3.45515E+16,La Verne,CA,91750,5912,
1,1,2019,4,11,21:12,$21.40,Chip Transaction,5.11218E+18,Hayward,WI,54843,5813,
1298,2,2019,9,3,18:08,$20.24,Swipe Transaction,5.90183E+17,Rome,Italy,,5094,
2,0,2019,10,16,09:53,$45.24,Online Transaction,-6.45844E+18, ONLINE,,,4784,
1,3,2019,8,10,14:21,$71.89,Chip Transaction,-3.49962E+18,Little Neck,NY,11363,7538,
0,2,2019,3,1,06:56,$49.31,Chip Transaction,-7.27612E+17,Monterey Park,CA,91754,5411,
1,4,2019,6,30,05:25,$16.04,Online Transaction,-2.04205E+18, ONLINE,,,5815,
1,1,2020,1,15,12:01,$15.75,Chip Transaction,9.70328E+16,Oakland Gardens,NY,11364,5411,
1,1,2019,11,5,07:01,$137.39,Online Transaction,8.24576E+18, ONLINE,,,5661,
1419,3,2019,3,28,19:04,$60.72,Chip Transaction,3.41453E+18,Rome,Italy,,5651,
1641,1,2019,6,7,11:12,$0.02,Chip Transaction,6.99836E+18,Rome,Italy,,5411,
0,1,2019,12,7,07:23,$22.63,Chip Transaction,9.70328E+16,San Diego,CA,92110,5411,
1,2,2019,8,28,06:32,$101.88,Chip Transaction,-8.72734E+18,Little Neck,NY,11363,5655,
190,1,2019,2,23,15:51,$0.59,Chip Transaction,-2.45178E+17,Rome,Italy,,5311,
1167,5,2019,3,8,10:58,$205.00,Chip Transaction,4.8349E+17,Rome,Italy,,3504,
2,0,2019,6,16,21:21,$32.22,Chip Transaction,-7.80474E+18,West Covina,CA,91792,5812,
1,2,2019,9,18,18:47,$63.60,Chip Transaction,-5.0235E+18,Little Neck,NY,11363,5812,
1324,0,2019,6,13,14:27,$-94.00,Chip Transaction,2.02755E+18,Rome,Italy,,5541,
0,3,2019,11,18,06:16,$105.51,Swipe Transaction,4.06065E+18,La Verne,CA,91750,5411,
1115,2,2019,5,2,11:44,$51.74,Chip Transaction,2.91975E+18,Rome,Italy,,5932,
0,0,2019,9,25,10:41,$1.15,Chip Transaction,-3.45515E+16,La Verne,CA,91750,5912,
1163,5,2019,1,31,14:28,$82.77,Chip Transaction,9.05774E+18,Rome,Italy,,5311,
1,1,2019,5,2,23:40,$204.99,Chip Transaction,-6.16179E+18,Hot Springs National Park,AR,71901,3389,
1178,1,2019,9,10,15:18,$61.56,Chip Transaction,3.18952E+18,Rome,Italy,,5311,
0,2,2019,10,15,05:52,$132.51,Chip Transaction,5.81722E+18,La Verne,CA,91750,5912,
299,0,2019,1,11,15:26,$91.44,Chip Transaction,9.05774E+18,Rome,Italy,,5311,
1304,4,2019,3,15,11:42,$300.00,Chip Transaction,-7.80705E+18,Rome,Italy,,3684,
1689,1,2019,3,14,11:54,$2.57,Chip Transaction,3.01718E+18,Rome,Italy,,5921,
0,3,2019,9,18,07:38,$782.32,Swipe Transaction,1.3252E+18,Rosemead,CA,91770,3132,
0,1,2019,6,15,13:39,$70.11,Chip Transaction,-5.47568E+18,Monterey Park,CA,91755,5942,
742,2,2019,7,20,15:18,$59.04,Chip Transaction,6.99836E+18,Rome,Italy,,5411,
796,1,2019,2,15,16:56,$33.52,Swipe Transaction,-3.39554E+18,Rome,Italy,,5311,
1327,3,2019,3,14,18:47,$52.74,Chip Transaction,-7.5187E+18,Rome,Italy,,5813,
1316,2,2019,2,5,10:30,$5.51,Chip Transaction,-5.16204E+18,Rome,Italy,,5541,
1717,4,2019,8,2,19:08,$5.89,Swipe Transaction,9.05774E+18,Rome,Italy,,5311,
450,0,2019,4,5,19:15,$453.09,Chip Transaction,-3.94366E+18,Rome,Italy,,5712,
2,0,2020,2,25,14:40,$47.37,Online Transaction,-6.45844E+18, ONLINE,,,4784,
1,3,2019,2,19,10:06,$65.50,Chip Transaction,-6.76107E+18,Corona,NY,11368,5310,
2,0,2019,11,7,07:49,$8.37,Swipe Transaction,2.02755E+18,West Covina,CA,91792,5541,
1062,6,2019,7,26,12:56,$154.89,Chip Transaction,-2.45178E+17,Rome,Italy,,5311,
0,3,2019,1,21,06:29,$160.89,Swipe Transaction,2.02755E+18,Mira Loma,CA,91752,5541,
0,2,2019,3,17,05:52,$29.43,Chip Transaction,5.81722E+18,La Verne,CA,91750,5912,
802,2,2019,4,19,12:45,$71.03,Chip Transaction,7.48862E+18,Rome,Italy,,5651,
0,0,2019,3,3,06:50,$122.99,Chip Transaction,2.02755E+18,Mira Loma,CA,91752,5541,
628,0,2019,7,23,16:03,$29.80,Chip Transaction,3.18952E+18,Rome,Italy,,5311,
0,3,2019,1,13,02:09,$125.94,Swipe Transaction,-1.61222E+18,Shrewsbury,MA,1545,3387,
1366,1,2019,5,22,19:45,$122.22,Chip Transaction,4.8349E+17,Rome,Italy,,3504,
1478,3,2019,5,25,11:36,$232.00,Chip Transaction,1.7153E+18,Rome,Italy,,3722,
1324,0,2019,6,22,18:06,$67.69,Chip Transaction,9.05774E+18,Rome,Italy,,5311,
1163,5,2019,1,26,13:11,$44.07,Chip Transaction,-3.39554E+18,Rome,Italy,,5311,
0,3,2019,2,6,20:52,$71.40,Swipe Transaction,-1.60579E+18,La Verne,CA,91750,5812,
2,0,2019,6,22,23:46,$1.46,Chip Transaction,6.6665E+18,West Covina,CA,91792,5499,
0,0,2020,2,16,11:50,$1.75,Chip Transaction,6.6665E+18,La Verne,CA,91750,5499,
0,3,2019,3,31,16:46,$16.09,Swipe Transaction,-8.68256E+16,La Verne,CA,91750,7230,
802,2,2019,3,30,17:09,$0.55,Chip Transaction,3.18952E+18,Rome,Italy,,5311,
0,1,2019,10,26,23:52,$141.84,Chip Transaction,-8.82177E+18,Detroit,MI,48202,7011,"Bad PIN,"
0,0,2019,10,12,12:47,$32.16,Chip Transaction,3.18952E+18,La Verne,CA,91750,5311,
0,2,2019,4,22,07:41,$55.86,Chip Transaction,-5.47568E+18,Monterey Park,CA,91755,5942,
1,3,2020,2,1,07:02,$16.00,Chip Transaction,1.79919E+18,Little Neck,NY,11363,5499,
1641,1,2019,6,4,14:55,$1.50,Chip Transaction,5.50735E+18,Rome,Italy,,4121,
1844,2,2019,10,8,12:24,$35.89,Chip Transaction,-3.39554E+18,Rome,Italy,,5311,
2,0,2019,10,29,09:32,$51.28,Online Transaction,-6.45844E+18, ONLINE,,,4784,
1798,0,2019,3,19,16:03,$2.47,Chip Transaction,6.99836E+18,Rome,Italy,,5411,
482,4,2019,4,11,16:02,$32.16,Chip Transaction,5.90183E+17,Rome,Italy,,5094,
790,1,2019,1,22,17:52,$6.96,Chip Transaction,-8.83014E+18,Rome,Italy,,5211,
2,0,2019,3,18,09:30,$44.65,Online Transaction,-6.45844E+18, ONLINE,,,4784,
2,0,2019,9,30,04:56,$22.06,Online Transaction,-6.45844E+18, ONLINE,,,4784,
2,0,2019,12,13,23:55,$0.80,Chip Transaction,6.6665E+18,West Covina,CA,91792,5499,
1,3,2019,9,27,22:26,$69.24,Chip Transaction,5.56161E+18,Little Neck,NY,11363,7230,
0,2,2019,5,20,20:10,$276.19,Online Transaction,2.7434E+18, ONLINE,,,4899,
611,0,2019,1,29,11:41,$9.77,Chip Transaction,8.40186E+18,Rome,Italy,,3006,
1242,4,2019,9,6,11:14,$1.10,Chip Transaction,6.34125E+18,Rome,Italy,,7210,
1129,0,2019,5,10,17:06,$173.74,Chip Transaction,-1.12121E+17,Rome,Italy,,3509,
1,1,2019,12,24,12:30,$116.48,Chip Transaction,-6.73834E+18,Corona,NY,11368,7538,
1641,1,2019,5,30,13:33,$0.88,Chip Transaction,9.05774E+18,Rome,Italy,,5311,
517,3,2019,4,26,14:56,$0.21,Chip Transaction,-8.83014E+18,Rome,Italy,,5211,
441,0,2019,6,20,19:59,$31.96,Chip Transaction,-3.39554E+18,Rome,Italy,,5311,
913,1,2019,4,30,19:52,$21.11,Swipe Transaction,5.90183E+17,Rome,Italy,,5094,
2,0,2019,6,10,10:01,$-98.00,Swipe Transaction,2.02755E+18,West Covina,CA,91792,5541,
0,3,2019,10,3,20:08,$92.93,Swipe Transaction,-4.50054E+18,La Verne,CA,91750,5814,
1207,0,2019,10,5,12:11,$242.51,Chip Transaction,-2.45178E+17,Rome,Italy,,5311,
0,1,2019,6,9,13:00,$-74.00,Chip Transaction,-1.28808E+18,La Verne,CA,91750,5499,
0,3,2019,8,9,06:42,$42.94,Swipe Transaction,-7.27612E+17,Monterey Park,CA,91754,5411,
854,3,2019,9,21,13:09,$17.29,Chip Transaction,-2.45178E+17,Rome,Italy,,5311,
341,2,2019,4,11,17:25,$7.16,Chip Transaction,7.48862E+18,Rome,Italy,,5651,
745,1,2019,10,8,18:58,$17.70,Swipe Transaction,2.02755E+18,Rome,Italy,,5541,
0,3,2019,12,6,21:18,$111.00,Swipe Transaction,1.7153E+18,San Diego,CA,92110,3722,
0,2,2019,8,31,06:54,$46.75,Chip Transaction,4.06065E+18,La Verne,CA,91750,5411,
605,5,2019,2,28,16:16,$1.08,Chip Transaction,3.41453E+18,Rome,Italy,,5651,
0,1,2019,6,9,13:27,$9.28,Chip Transaction,2.02755E+18,Mira Loma,CA,91752,5541,
2,0,2019,5,11,10:41,$13.56,Chip Transaction,-1.24089E+17,Niagara Falls,NY,14303,5411,
0,3,2019,4,27,05:43,$44.24,Swipe Transaction,5.81722E+18,La Verne,CA,91750,5912,
1178,1,2019,9,7,11:24,$54.05,Chip Transaction,5.90183E+17,Rome,Italy,,5094,
785,0,2019,5,28,14:36,$78.45,Chip Transaction,6.0514E+18,Rome,Italy,,5310,
1681,3,2019,1,1,11:10,$78.00,Chip Transaction,1.79919E+18,Rome,Italy,,5499,
2,0,2019,4,29,04:41,$42.36,Online Transaction,-6.45844E+18, ONLINE,,,4784,
1,1,2019,5,1,06:32,$91.06,Chip Transaction,-3.22224E+18,Little Neck,NY,11363,5651,
1,1,2019,11,22,06:42,$119.20,Chip Transaction,-3.39554E+18,Oakland Gardens,NY,11364,5311,
2,0,2019,12,11,04:54,$49.93,Online Transaction,-6.45844E+18, ONLINE,,,4784,
2,0,2019,10,21,22:55,$1.87,Chip Transaction,6.6665E+18,West Covina,CA,91792,5499,
1,3,2019,4,7,06:12,$74.75,Online Transaction,4.24134E+18, ONLINE,,,4814,
1,1,2020,2,25,13:43,$51.26,Chip Transaction,6.12657E+18,Little Neck,NY,11363,7538,
1621,3,2019,8,16,15:32,$6.23,Chip Transaction,6.0514E+18,Rome,Italy,,5310,
0,3,2020,2,8,06:07,$145.04,Swipe Transaction,1.91348E+18,La Verne,CA,91750,5300,
1,1,2019,12,25,07:23,$627.51,Swipe Transaction,8.40186E+18,Memphis,TN,38135,3006,
0,3,2019,2,20,20:11,$90.76,Swipe Transaction,-1.60579E+18,La Verne,CA,91750,5812,
0,3,2019,6,21,06:23,$132.19,Swipe Transaction,-3.45515E+16,La Verne,CA,91750,5912,
2,0,2019,7,30,08:37,$43.78,Online Transaction,-6.45844E+18, ONLINE,,,4784,
531,2,2019,7,18,12:02,$52.02,Chip Transaction,9.05774E+18,Rome,Italy,,5311,
1,1,2019,2,7,08:06,$186.34,Chip Transaction,1.90253E+17,San Antonio,TX,78261,3359,"Insufficient Balance,"
2,0,2019,6,13,07:27,$8.64,Chip Transaction,-6.03533E+18,Alhambra,CA,91801,5812,
1689,1,2019,3,14,19:38,$17.23,Chip Transaction,-3.15872E+18,Rome,Italy,,5812,
2,0,2019,4,14,14:51,$47.25,Online Transaction,-6.45844E+18, ONLINE,,,4784,
583,2,2019,4,27,10:39,$41.52,Chip Transaction,-7.5187E+18,Rome,Italy,,5813,
531,2,2019,8,1,10:51,$405.00,Chip Transaction,-3.36283E+18,Rome,Italy,,7011,
1,1,2019,5,17,21:28,$32.48,Chip Transaction,2.13217E+18,Little Neck,NY,11363,5813,
0,0,2019,10,18,06:59,$80.00,Chip Transaction,-4.28247E+18,Detroit,MI,48207,4829,
205,2,2019,10,8,11:27,$902.46,Chip Transaction,-3.94366E+18,Rome,Italy,,5712,
1,1,2020,2,3,08:20,$57.00,Chip Transaction,1.79919E+18,Little Neck,NY,11363,5499,
0,3,2019,12,6,20:05,$101.52,Swipe Transaction,-7.14966E+18,San Diego,CA,92107,5812,
1958,0,2019,7,25,17:52,$17.48,Chip Transaction,5.90183E+17,Rome,Italy,,5094,
0,0,2020,1,21,09:09,$44.98,Chip Transaction,3.95215E+18,La Verne,CA,91750,7538,
901,0,2019,5,9,18:37,$75.09,Swipe Transaction,9.05774E+18,Rome,Italy,,5311,
767,0,2019,7,2,14:50,$104.96,Chip Transaction,-3.94366E+18,Rome,Italy,,5712,
0,2,2020,1,16,06:37,$116.02,Chip Transaction,-7.27612E+17,Monterey Park,CA,91754,5411,
2,0,2019,7,27,11:05,$-78.00,Chip Transaction,1.79919E+18,Alhambra,CA,91801,5499,
1260,2,2019,6,28,17:42,$36.98,Chip Transaction,-2.45178E+17,Rome,Italy,,5311,
1,4,2019,8,24,21:26,$26.23,Chip Transaction,2.13217E+18,Little Neck,NY,11363,5813,
0,3,2019,9,13,10:33,$23.80,Swipe Transaction,-8.68256E+16,La Verne,CA,91750,7230,
2,0,2019,6,27,11:27,$38.75,Chip Transaction,1.79919E+18,Alhambra,CA,91801,5499,
1607,4,2019,10,8,14:06,$76.65,Chip Transaction,-3.39554E+18,Rome,Italy,,5311,
2,0,2019,6,3,06:38,$13.41,Chip Transaction,-4.89106E+18,West Covina,CA,91792,5411,
854,3,2019,9,20,17:58,$37.26,Chip Transaction,-7.5187E+18,Rome,Italy,,5813,
256,0,2019,7,5,12:00,$97.45,Chip Transaction,4.57388E+18,Rome,Italy,,5045,
866,1,2019,5,7,17:36,$343.05,Chip Transaction,1.7153E+18,Rome,Italy,,3722,
0,2,2019,6,3,14:13,$70.63,Chip Transaction,-2.45178E+17,La Verne,CA,91750,5311,
1169,4,2019,8,16,10:32,$15.81,Chip Transaction,5.50735E+18,Rome,Italy,,4121,
1487,4,2019,5,18,19:03,$2.80,Chip Transaction,2.02755E+18,Rome,Italy,,5541,
0,3,2019,4,19,06:53,$35.06,Swipe Transaction,-5.47568E+18,Monterey Park,CA,91755,5942,
1790,0,2019,4,4,14:16,$51.86,Chip Transaction,-7.27612E+17,Rome,Italy,,5411,
2,0,2019,12,4,14:43,$40.00,Chip Transaction,-4.28247E+18,Chula Vista,CA,91910,4829,
2,0,2019,9,18,15:40,$40.00,Chip Transaction,-4.28247E+18,Chula Vista,CA,91910,4829,
0,3,2019,2,27,06:18,$121.28,Swipe Transaction,5.81722E+18,La Verne,CA,91750,5912,"Insufficient Balance,"
487,2,2019,4,12,10:46,$11.01,Chip Transaction,1.79919E+18,Rome,Italy,,5499,
0,0,2020,1,2,06:17,$145.57,Chip Transaction,4.31901E+18,San Antonio,TX,78258,5300,
0,1,2019,4,11,13:25,$47.12,Online Transaction,-9.09268E+18, ONLINE,,,4900,
0,3,2019,9,23,06:14,$72.76,Swipe Transaction,-3.45515E+16,La Verne,CA,91750,5912,
2,0,2019,6,15,07:48,$11.91,Chip Transaction,6.04253E+18,West Covina,CA,91792,5912,
0,3,2019,7,4,06:01,$140.00,Swipe Transaction,-4.28247E+18,Mira Loma,CA,91752,4829,
1776,0,2019,9,10,11:07,$5.44,Chip Transaction,7.06958E+18,Rome,Italy,,5812,
866,0,2019,8,10,17:55,$133.40,Chip Transaction,1.7153E+18,Rome,Italy,,3722,
0,1,2019,7,23,13:45,$60.99,Chip Transaction,-2.45178E+17,La Verne,CA,91750,5311,
1,1,2019,8,18,08:14,$90.06,Chip Transaction,-5.16204E+18,Little Neck,NY,11363,5541,
1505,1,2019,9,7,14:04,$580.34,Chip Transaction,-8.80451E+18,Rome,Italy,,5712,
2,0,2019,7,17,23:43,$1.93,Chip Transaction,6.6665E+18,West Covina,CA,91792,5499,
100,3,2019,4,11,16:29,$31.61,Chip Transaction,-5.16204E+18,Rome,Italy,,5541,
1,3,2019,3,16,13:01,$0.59,Chip Transaction,9.70328E+16,Oakland Gardens,NY,11364,5411,
785,0,2019,5,16,16:07,$61.09,Chip Transaction,-1.6423E+18,Rome,Italy,,5912,
531,2,2019,7,27,15:40,$425.00,Chip Transaction,-1.12121E+17,Rome,Italy,,3509,
1744,1,2019,5,21,11:17,$97.16,Chip Transaction,-8.31922E+18,Rome,Italy,,5661,
1,1,2019,5,2,18:54,$66.14,Chip Transaction,-2.74491E+18,El Dorado,AR,71730,5812,
548,0,2019,8,27,10:58,$101.99,Chip Transaction,6.0514E+18,Rome,Italy,,5310,"Insufficient Balance,"
0,0,2019,4,15,05:56,$130.47,Chip Transaction,2.02755E+18,Mira Loma,CA,91752,5541,
1,2,2019,5,21,11:01,$71.51,Chip Transaction,-5.65725E+18,Little Neck,NY,11363,5411,
1607,3,2019,10,24,10:58,$190.72,Chip Transaction,4.57388E+18,Rome,Italy,,5045,
1316,2,2019,2,16,15:13,$0.75,Chip Transaction,-2.45178E+17,Rome,Italy,,5311,
2,0,2019,12,2,23:51,$1.75,Chip Transaction,6.6665E+18,West Covina,CA,91792,5499,
2,0,2019,3,5,17:14,$13.15,Chip Transaction,8.7556E+17,West Covina,CA,91792,5921,
0,3,2019,7,30,06:03,$133.04,Swipe Transaction,-7.27612E+17,Monterey Park,CA,91754,5411,
0,3,2019,9,9,06:18,$117.29,Swipe Transaction,-3.45515E+16,La Verne,CA,91750,5912,
1,3,2019,2,21,14:08,$13.81,Chip Transaction,9.70328E+16,Oakland Gardens,NY,11364,5411,
1178,1,2019,8,24,19:51,$33.31,Chip Transaction,-8.80451E+18,Rome,Italy,,5712,
487,2,2019,4,11,12:55,$62.38,Chip Transaction,9.05774E+18,Rome,Italy,,5311,
0,3,2020,1,15,06:02,$149.30,Swipe Transaction,-3.45515E+16,La Verne,CA,91750,5912,
0,0,2019,2,26,06:34,$40.16,Chip Transaction,5.81722E+18,La Verne,CA,91750,5912,
1776,0,2019,8,31,12:46,$23.13,Chip Transaction,5.90183E+17,Rome,Italy,,5094,
882,0,2019,2,8,15:48,$13.91,Chip Transaction,-7.27612E+17,Rome,Italy,,5411,
2,0,2019,6,18,04:31,$42.92,Online Transaction,-6.45844E+18, ONLINE,,,4784,
0,1,2019,12,11,13:09,$-67.00,Chip Transaction,-1.28808E+18,La Verne,CA,91750,5499,
0,3,2019,5,6,20:23,$40.52,Swipe Transaction,-1.60579E+18,La Verne,CA,91750,5812,
1414,0,2019,3,9,15:27,$50.56,Chip Transaction,-7.5187E+18,Rome,Italy,,5813,
1571,4,2019,3,30,15:38,$6.05,Chip Transaction,-7.14667E+18,Rome,Italy,,5970,
377,2,2019,9,6,11:13,$203.32,Chip Transaction,6.0514E+18,Rome,Italy,,5310,
1780,1,2019,3,9,12:06,$44.23,Swipe Transaction,6.66197E+18,Rome,Italy,,5211,
0,3,2020,1,22,06:14,$86.39,Swipe Transaction,-3.45515E+16,La Verne,CA,91750,5912,
0,3,2019,5,2,05:48,$117.96,Swipe Transaction,3.52721E+18,La Verne,CA,91750,5300,"Insufficient Balance,"
1895,0,2019,1,31,12:26,$62.50,Chip Transaction,9.05774E+18,Rome,Italy,,5311,
1,3,2019,8,15,13:11,$10.27,Chip Transaction,-5.16204E+18,Little Neck,NY,11363,5541,
813,4,2019,1,18,11:56,$114.78,Chip Transaction,6.0514E+18,Rome,Italy,,5310,"Bad PIN,"
0,0,2019,11,1,06:17,$121.20,Chip Transaction,-7.27612E+17,Monterey Park,CA,91754,5411,
1790,0,2019,3,26,18:43,$36.63,Chip Transaction,-3.39554E+18,Rome,Italy,,5311,
1,1,2019,7,14,05:10,$19.98,Online Transaction,-5.21142E+17, ONLINE,,,5815,
0,1,2019,5,31,06:38,$49.58,Chip Transaction,-7.27612E+17,Monterey Park,CA,91754,5411,
165,0,2019,5,11,13:56,$2.50,Chip Transaction,3.18952E+18,Rome,Italy,,5311,"Technical Glitch,"
6,1,2019,3,23,16:59,$20.59,Chip Transaction,7.48862E+18,Rome,Italy,,5651,
1885,1,2019,7,9,17:53,$55.34,Chip Transaction,3.41453E+18,Rome,Italy,,5651,
1398,0,2019,3,9,13:43,$16.20,Chip Transaction,5.90183E+17,Rome,Italy,,5094,
1,2,2019,10,15,22:22,$69.24,Chip Transaction,5.56161E+18,Little Neck,NY,11363,7230,
1505,1,2019,8,27,10:56,$53.73,Chip Transaction,8.18129E+18,Rome,Italy,,5661,
0,3,2019,10,17,13:02,$13.32,Swipe Transaction,-4.33423E+18,Highland Park,MI,48203,5541,
1,2,2019,6,30,08:25,$67.81,Chip Transaction,1.79919E+18,Little Neck,NY,11363,5499,
0,0,2019,3,27,06:25,$106.67,Chip Transaction,1.91348E+18,La Verne,CA,91750,5300,
0,3,2019,12,17,06:06,$132.14,Swipe Transaction,3.52721E+18,La Verne,CA,91750,5300,
1,3,2019,6,23,15:13,$17.90,Chip Transaction,6.09856E+18,Elmhurst,NY,11373,4214,
1,1,2020,2,21,06:15,$14.56,Chip Transaction,-5.16204E+18,Little Neck,NY,11363,5541,
0,1,2019,11,4,18:36,$6.59,Online Transaction,6.45521E+18, ONLINE,,,5815,
1419,3,2019,4,2,12:57,$9.92,Chip Transaction,3.18952E+18,Rome,Italy,,5311,
0,3,2019,2,17,06:19,$170.93,Swipe Transaction,1.91348E+18,La Verne,CA,91750,5300,
1109,0,2019,2,26,16:20,$43.24,Chip Transaction,-7.5187E+18,Rome,Italy,,5813,
2,0,2019,5,14,22:11,$34.98,Chip Transaction,3.63912E+18,Niagara Falls,NY,14304,5814,
0,3,2019,12,30,19:31,$109.96,Online Transaction,4.24134E+18, ONLINE,,,4814,
2,0,2019,2,22,16:35,$9.79,Chip Transaction,1.79919E+18,Alhambra,CA,91801,5499,
0,1,2019,2,5,21:46,$32.06,Swipe Transaction,-6.73317E+18,Mira Loma,CA,91752,7832,
2,0,2019,10,12,06:55,$12.31,Chip Transaction,-5.86136E+18,West Covina,CA,91792,5912,
943,1,2019,6,7,13:40,$7.96,Swipe Transaction,-3.15872E+18,Rome,Italy,,5812,
0,3,2019,10,21,06:24,$137.34,Swipe Transaction,-4.33423E+18,Highland Park,MI,48203,5541,
2,0,2019,2,16,06:35,$14.98,Chip Transaction,6.04253E+18,West Covina,CA,91792,5912,
0,2,2019,10,24,20:28,$86.59,Chip Transaction,-5.09543E+18,Detroit,MI,48202,5812,
2,1,2019,1,6,04:30,$30.41,Online Transaction,-6.45844E+18, ONLINE,,,4784,
44,0,2019,6,22,14:59,$0.05,Swipe Transaction,6.34125E+18,Rome,Italy,,7210,
1,1,2019,9,25,18:41,$38.97,Chip Transaction,-8.40529E+18,Jackson Heights,NY,11372,5651,
785,0,2019,5,25,19:31,$7.64,Chip Transaction,7.06958E+18,Rome,Italy,,5812,
1,2,2019,2,14,10:23,$64.32,Chip Transaction,6.66197E+18,Fresh Meadows,NY,11365,5211,
2,0,2020,1,7,16:47,$13.01,Chip Transaction,1.79919E+18,Alhambra,CA,91801,5499,
2,0,2020,2,8,05:55,$49.40,Online Transaction,-6.45844E+18, ONLINE,,,4784,"Bad Card Number,"
1,1,2019,11,10,13:44,$120.29,Chip Transaction,6.12657E+18,Little Neck,NY,11363,7538,
1234,3,2019,10,15,17:24,$170.39,Chip Transaction,-1.12121E+17,Rome,Italy,,3509,
365,2,2019,5,10,15:41,$2.78,Chip Transaction,6.0514E+18,Rome,Italy,,5310,
0,1,2019,2,16,13:33,$73.87,Chip Transaction,8.08093E+18,Monterey Park,CA,91754,5310,
777,2,2019,7,23,16:40,$172.55,Chip Transaction,6.66197E+18,Rome,Italy,,5211,"Bad PIN,"
0,3,2019,11,14,20:08,$75.48,Swipe Transaction,-1.60579E+18,La Verne,CA,91750,5812,
0,0,2019,4,21,06:38,$40.99,Chip Transaction,5.81722E+18,La Verne,CA,91750,5912,
0,2,2020,1,28,20:12,$78.10,Chip Transaction,-4.50054E+18,La Verne,CA,91750,5814,
1487,0,2019,8,16,11:29,$6.10,Chip Transaction,3.18952E+18,Rome,Italy,,5311,
1,1,2019,4,30,19:01,$115.32,Chip Transaction,-6.09472E+18,Little Neck,NY,11363,4900,
1298,2,2019,9,5,14:15,$9.04,Swipe Transaction,5.50735E+18,Rome,Italy,,4121,
413,1,2019,4,5,12:54,$28.08,Chip Transaction,6.0514E+18,Rome,Italy,,5310,
126,0,2019,8,16,19:42,$127.57,Chip Transaction,6.0514E+18,Rome,Italy,,5310,
1234,3,2019,10,11,10:53,$96.40,Chip Transaction,7.48862E+18,Rome,Italy,,5651,
0,2,2019,12,25,20:01,$80.89,Chip Transaction,-5.0235E+18,Mira Loma,CA,91752,5812,
262,0,2019,4,26,12:13,$121.97,Chip Transaction,6.99836E+18,Rome,Italy,,5411,
2,0,2019,7,17,04:47,$48.20,Online Transaction,-6.45844E+18, ONLINE,,,4784,
548,0,2019,8,29,17:43,$59.96,Chip Transaction,6.0514E+18,Rome,Italy,,5310,
1607,3,2019,10,22,13:02,$52.00,Chip Transaction,-1.28808E+18,Rome,Italy,,5499,
0,1,2019,3,29,06:09,$129.01,Chip Transaction,-3.45515E+16,La Verne,CA,91750,5912,
1,2,2019,5,23,13:46,$50.70,Chip Transaction,6.12657E+18,Little Neck,NY,11363,7538,
548,0,2019,8,17,12:30,$21.97,Chip Transaction,5.90183E+17,Rome,Italy,,5094,
1,2,2019,7,14,14:26,$185.52,Chip Transaction,4.55289E+18,Oakland,CA,94606,3596,
1,1,2019,3,23,11:20,$111.45,Chip Transaction,-1.12121E+17,New Britain,CT,6052,3509,
0,3,2020,2,3,06:12,$123.33,Swipe Transaction,-2.45178E+17,La Verne,CA,91750,5311,
1,2,2019,12,22,08:07,$-64.00,Chip Transaction,1.79919E+18,Little Neck,NY,11363,5499,
0,3,2019,1,9,06:28,$142.77,Swipe Transaction,1.13964E+18,Oxford,MA,1540,5541,
1,1,2019,4,6,10:04,$64.44,Chip Transaction,1.76341E+18,Little Neck,NY,11363,5912,
1478,3,2019,5,30,12:02,$7.65,Chip Transaction,5.50735E+18,Rome,Italy,,4121,
1191,3,2019,3,8,16:29,$6.14,Chip Transaction,-2.45178E+17,Rome,Italy,,5311,
2,0,2019,11,25,23:32,$1.84,Chip Transaction,6.6665E+18,West Covina,CA,91792,5499,
1579,2,2019,1,31,12:25,$19.89,Chip Transaction,5.50735E+18,Rome,Italy,,4121,
0,3,2019,8,20,06:20,$129.71,Swipe Transaction,-7.27612E+17,Monterey Park,CA,91754,5411,
1191,3,2019,3,30,17:38,$2.73,Chip Transaction,-2.45178E+17,Rome,Italy,,5311,
1,1,2019,1,25,10:43,$907.26,Chip Transaction,-6.79328E+17,Little Neck,NY,11363,5722,
2,0,2019,2,11,23:08,$0.97,Chip Transaction,6.6665E+18,West Covina,CA,91792,5499,
2,0,2019,7,27,11:07,$78.00,Chip Transaction,1.79919E+18,Alhambra,CA,91801,5499,
1,3,2019,11,17,18:02,$61.47,Chip Transaction,-5.0235E+18,Little Neck,NY,11363,5812,
901,1,2019,4,27,15:46,$13.02,Chip Transaction,5.50735E+18,Rome,Italy,,4121,
1571,4,2019,4,2,13:17,$76.00,Chip Transaction,-5.16204E+18,Rome,Italy,,5541,
0,2,2019,2,12,12:42,$120.93,Online Transaction,3.69472E+18, ONLINE,,,4722,
1414,0,2019,3,5,16:32,$18.37,Chip Transaction,4.7517E+18,Rome,Italy,,5814,
1776,1,2019,1,12,16:02,$42.46,Chip Transaction,6.0514E+18,Rome,Italy,,5310,
2,0,2019,7,18,17:00,$24.97,Chip Transaction,-4.89106E+18,West Covina,CA,91792,5411,
2,0,2019,3,4,04:12,$56.90,Online Transaction,-6.45844E+18, ONLINE,,,4784,
1242,4,2019,8,31,12:07,$288.35,Chip Transaction,-1.12121E+17,Rome,Italy,,3509,
98,3,2019,1,22,11:56,$76.23,Chip Transaction,-8.40529E+18,Rome,Italy,,5651,
1725,0,2019,8,2,13:41,$94.70,Chip Transaction,2.91975E+18,Rome,Italy,,5932,
2,0,2019,2,2,07:56,$8.73,Chip Transaction,4.72291E+18,Alhambra,CA,91801,5411,
1780,3,2019,6,13,16:34,$167.33,Swipe Transaction,9.05774E+18,Rome,Italy,,5311,
0,3,2019,7,25,06:12,$126.97,Swipe Transaction,3.52721E+18,La Verne,CA,91750,5300,
165,0,2019,4,26,18:34,$143.21,Chip Transaction,-8.83014E+18,Rome,Italy,,5211,
1895,0,2019,2,1,10:45,$8.96,Chip Transaction,5.90183E+17,Rome,Italy,,5094,
1242,4,2019,9,3,11:45,$361.00,Chip Transaction,-3.36283E+18,Rome,Italy,,7011,
1790,0,2019,3,19,10:58,$0.44,Chip Transaction,6.99836E+18,Rome,Italy,,5411,
0,2,2019,11,20,13:42,$6.28,Chip Transaction,2.02755E+18,Mira Loma,CA,91752,5541,
1398,0,2019,3,14,14:20,$0.05,Chip Transaction,9.05774E+18,Rome,Italy,,5311,
2,0,2019,9,4,14:47,$14.97,Online Transaction,-6.45844E+18, ONLINE,,,4784,
0,3,2019,7,21,13:31,$33.63,Swipe Transaction,-7.14667E+18,Monterey Park,CA,91755,5970,
1,2,2019,8,5,06:42,$93.24,Chip Transaction,6.69846E+18,Fresh Meadows,NY,11366,4814,
1191,3,2019,3,21,16:01,$9.61,Chip Transaction,4.57388E+18,Rome,Italy,,5045,
0,3,2019,11,27,11:11,$266.71,Swipe Transaction,3.12926E+18,La Verne,CA,91750,8011,
1,2,2019,2,20,18:17,$100.72,Chip Transaction,1.76341E+18,Little Neck,NY,11363,5912,
1316,2,2019,2,23,14:00,$586.21,Chip Transaction,-8.80451E+18,Rome,Italy,,5712,
901,1,2019,4,9,15:52,$70.57,Chip Transaction,-2.45178E+17,Rome,Italy,,5311,
0,1,2019,1,14,06:29,$108.72,Chip Transaction,1.91348E+18,La Verne,CA,91750,5300,
0,3,2019,10,28,06:27,$128.59,Swipe Transaction,3.52721E+18,La Verne,CA,91750,5300,
0,1,2019,2,21,06:08,$151.71,Chip Transaction,-7.27612E+17,Monterey Park,CA,91754,5411,
790,1,2019,1,26,17:36,$2.42,Chip Transaction,6.99836E+18,Rome,Italy,,5411,
0,3,2019,9,18,20:13,$95.91,Swipe Transaction,-5.0235E+18,Mira Loma,CA,91752,5812,
0,0,2019,5,1,20:24,$81.60,Chip Transaction,-4.50054E+18,La Verne,CA,91750,5814,
745,1,2019,10,8,18:57,$-55.00,Swipe Transaction,2.02755E+18,Rome,Italy,,5541,
1366,1,2019,6,13,11:51,$38.09,Chip Transaction,5.90183E+17,Rome,Italy,,5094,
2,0,2019,11,18,05:01,$49.11,Online Transaction,-6.45844E+18, ONLINE,,,4784,
1877,1,2019,8,30,14:39,$39.71,Chip Transaction,-3.94366E+18,Rome,Italy,,5712,
1725,0,2019,7,26,17:56,$12.21,Chip Transaction,3.01718E+18,Rome,Italy,,5921,
1,1,2019,9,9,19:00,$464.00,Chip Transaction,1.90253E+17,Hallettsville,TX,77964,3359,
1324,0,2019,6,4,18:54,$2.88,Chip Transaction,6.0514E+18,Rome,Italy,,5310,
2,0,2019,1,7,23:44,$1.93,Chip Transaction,6.6665E+18,West Covina,CA,91792,5499,
1315,2,2019,10,22,15:01,$19.93,Chip Transaction,2.02755E+18,Rome,Italy,,5541,
1,1,2019,9,19,18:31,$60.64,Chip Transaction,-7.05207E+18,Little Neck,NY,11363,5814,
0,3,2019,12,13,13:55,$85.51,Swipe Transaction,-3.22076E+18,Spring Valley,CA,91978,5311,
0,0,2019,6,30,06:40,$16.55,Chip Transaction,-3.45515E+16,La Verne,CA,91750,5912,
611,0,2019,1,22,17:32,$86.00,Chip Transaction,-5.16204E+18,Rome,Italy,,5541,"Insufficient Balance,"
1,2,2019,11,2,08:36,$66.00,Chip Transaction,-5.16204E+18,Little Neck,NY,11363,5541,
0,2,2019,3,4,06:58,$45.73,Chip Transaction,-7.27612E+17,Monterey Park,CA,91754,5411,
1,4,2019,3,19,14:20,$0.76,Chip Transaction,-8.40529E+18,Jackson Heights,NY,11372,5651,
1958,0,2019,7,23,18:18,$8.74,Chip Transaction,-3.39554E+18,Rome,Italy,,5311,
1,1,2019,5,16,15:12,$12.27,Chip Transaction,7.06958E+18,Rome,Italy,,5812,
0,3,2019,4,7,13:02,$12.47,Swipe Transaction,4.06065E+18,La Verne,CA,91750,5411,
2,0,2019,5,7,07:39,$91.33,Online Transaction,3.4008E+18, ONLINE,,,6300,
0,3,2019,5,5,06:15,$125.94,Swipe Transaction,-7.27612E+17,Monterey Park,CA,91754,5411,
1,2,2019,10,15,13:48,$99.31,Chip Transaction,-3.49962E+18,Little Neck,NY,11363,7538,
882,0,2019,1,31,15:31,$16.76,Chip Transaction,-8.29162E+18,Rome,Italy,,5193,
0,3,2019,3,15,06:14,$124.62,Swipe Transaction,-7.27612E+17,Monterey Park,CA,91754,5411,
0,1,2019,7,30,13:10,$-98.00,Chip Transaction,2.02755E+18,Mira Loma,CA,91752,5541,
1231,1,2019,10,3,15:16,$4.84,Chip Transaction,6.99836E+18,Rome,Italy,,5411,
0,1,2019,4,20,06:58,$36.94,Chip Transaction,-7.27612E+17,Monterey Park,CA,91754,5411,
0,3,2019,7,13,07:31,$44.61,Swipe Transaction,5.81722E+18,La Verne,CA,91750,5912,
1,3,2020,2,14,18:32,$64.39,Chip Transaction,4.31886E+18,Little Neck,NY,11363,5812,
0,3,2019,5,26,13:13,$59.44,Swipe Transaction,2.02755E+18,Mira Loma,CA,91752,5541,
1414,0,2019,2,28,17:14,$99.00,Chip Transaction,-5.16204E+18,Rome,Italy,,5541,
0,3,2019,1,26,06:10,$117.64,Swipe Transaction,1.91348E+18,La Verne,CA,91750,5300,"Insufficient Balance,"
2,0,2019,3,1,23:43,$2.01,Chip Transaction,6.6665E+18,West Covina,CA,91792,5499,
2,0,2019,9,20,06:54,$14.86,Chip Transaction,4.72291E+18,Alhambra,CA,91801,5411,
283,0,2019,7,16,12:41,$0.34,Chip Transaction,9.05774E+18,Rome,Italy,,5311,
1,3,2019,8,17,10:18,$61.76,Chip Transaction,-5.47568E+18,Rego Park,NY,11374,5942,
487,2,2019,4,20,14:16,$288.14,Chip Transaction,6.99836E+18,Rome,Italy,,5411,"Bad PIN,"
796,1,2019,2,14,16:21,$1.83,Swipe Transaction,6.99836E+18,Rome,Italy,,5411,
1477,2,2019,3,22,10:34,$122.53,Chip Transaction,4.57388E+18,Rome,Italy,,5045,
2,0,2019,1,2,23:53,$1.98,Chip Transaction,6.6665E+18,West Covina,CA,91792,5499,
0,3,2019,11,15,06:03,$84.05,Swipe Transaction,4.06065E+18,La Verne,CA,91750,5411,
47,1,2019,1,12,13:42,$147.41,Chip Transaction,-2.45178E+17,Rome,Italy,,5311,
1,2,2019,4,13,09:49,$-291.00,Swipe Transaction,2.96765E+18,Hayward,WI,54843,7011,
866,0,2019,8,6,11:21,$8.07,Chip Transaction,7.48862E+18,Rome,Italy,,5651,
840,3,2019,1,3,19:03,$33.06,Chip Transaction,-2.45178E+17,Rome,Italy,,5311,
0,0,2019,7,8,06:59,$36.86,Chip Transaction,5.81722E+18,La Verne,CA,91750,5912,
1103,1,2019,3,21,17:15,$73.67,Chip Transaction,9.05774E+18,Rome,Italy,,5311,
73,0,2019,2,1,11:22,$91.39,Swipe Transaction,3.18952E+18,Rome,Italy,,5311,
0,0,2019,4,28,06:41,$32.87,Chip Transaction,-3.45515E+16,La Verne,CA,91750,5912,
0,0,2019,5,24,06:20,$100.71,Chip Transaction,5.81722E+18,La Verne,CA,91750,5912,
1425,7,2019,7,16,12:14,$0.67,Chip Transaction,-8.83014E+18,Rome,Italy,,5211,
0,1,2019,8,13,07:14,$21.47,Chip Transaction,4.06065E+18,La Verne,CA,91750,5411,
1,2,2019,10,1,13:49,$104.94,Chip Transaction,-3.49962E+18,Little Neck,NY,11363,7538,
0,3,2019,2,7,20:20,$171.49,Swipe Transaction,8.38425E+17,Mira Loma,CA,91752,4814,
556,0,2019,7,30,14:47,$69.00,Chip Transaction,3.41453E+18,Rome,Italy,,5651,
283,0,2019,7,26,19:41,$22.84,Chip Transaction,6.0514E+18,Rome,Italy,,5310,"Bad PIN,"
1,2,2019,2,21,18:41,$61.60,Chip Transaction,-5.0235E+18,Little Neck,NY,11363,5812,
634,5,2019,10,19,11:59,$51.86,Chip Transaction,8.18129E+18,Rome,Italy,,5661,
579,1,2019,3,29,13:20,$19.52,Chip Transaction,3.18952E+18,Rome,Italy,,5311,
322,1,2019,5,28,17:28,$522.40,Chip Transaction,8.37304E+18,Rome,Italy,,3144,
0,0,2019,7,24,06:14,$59.62,Chip Transaction,1.91348E+18,La Verne,CA,91750,5300,
1,1,2019,8,10,09:07,$-349.00,Swipe Transaction,6.63005E+18,Ogdensburg,NJ,7439,7011,
2,0,2019,3,21,04:39,$46.12,Online Transaction,-6.45844E+18, ONLINE,,,4784,
680,1,2019,8,3,13:58,$0.25,Chip Transaction,6.99836E+18,Rome,Italy,,5411,
0,3,2019,5,6,06:04,$98.54,Swipe Transaction,3.52721E+18,La Verne,CA,91750,5300,
0,0,2019,7,27,06:28,$34.08,Chip Transaction,4.06065E+18,La Verne,CA,91750,5411,
908,1,2019,10,3,11:10,$639.72,Chip Transaction,-8.80451E+18,Rome,Italy,,5712,
0,3,2019,12,29,05:20,$135.84,Swipe Transaction,-5.16204E+18,San Antonio,TX,78258,5541,
487,2,2019,4,12,10:58,$72.00,Chip Transaction,1.79919E+18,Rome,Italy,,5499,
520,3,2019,2,23,13:05,$0.60,Chip Transaction,4.57388E+18,Rome,Italy,,5045,
0,3,2019,11,7,06:17,$150.85,Swipe Transaction,-2.45178E+17,La Verne,CA,91750,5311,
517,3,2019,4,18,19:48,$62.00,Chip Transaction,-1.28808E+18,Rome,Italy,,5499,
2,0,2019,2,28,22:59,$1.79,Chip Transaction,6.6665E+18,West Covina,CA,91792,5499,
0,1,2019,12,21,09:53,$57.13,Chip Transaction,-3.34594E+18,La Verne,CA,91750,7538,
414,3,2019,10,4,18:33,$134.96,Chip Transaction,-8.80451E+18,Rome,Italy,,5712,"Insufficient Balance,"
0,3,2019,5,20,06:36,$38.69,Swipe Transaction,-5.47568E+18,Monterey Park,CA,91755,5942,
1249,3,2019,6,15,17:05,$6.93,Chip Transaction,5.90183E+17,Rome,Italy,,5094,
509,1,2019,10,8,15:28,$146.58,Swipe Transaction,7.06958E+18,Rome,Italy,,5812,
1,1,2019,4,20,13:02,$16.82,Chip Transaction,-5.65725E+18,Little Neck,NY,11363,5411,
0,3,2019,12,9,06:48,$139.26,Swipe Transaction,2.02755E+18,Mira Loma,CA,91752,5541,
1,1,2019,5,16,14:26,$13.79,Chip Transaction,6.09856E+18,Rome,Italy,,4214,
0,1,2019,6,7,06:23,$75.33,Chip Transaction,-2.45178E+17,La Verne,CA,91750,5311,
1473,1,2019,10,17,11:40,$5.70,Chip Transaction,-6.16179E+18,Rome,Italy,,3389,
1,1,2019,12,11,09:18,$4.92,Swipe Transaction,-2.16533E+18,Fresh Meadows,NY,11365,5311,
1,1,2019,11,3,13:57,$120.02,Chip Transaction,-6.73834E+18,Corona,NY,11368,7538,
341,2,2019,4,18,12:51,$219.16,Chip Transaction,-1.6423E+18,Rome,Italy,,5912,
98,3,2019,1,17,12:57,$98.06,Chip Transaction,1.90253E+17,Rome,Italy,,3359,
0,3,2019,7,16,06:09,$136.21,Swipe Transaction,1.91348E+18,La Verne,CA,91750,5300,
781,0,2019,10,26,14:50,$22.35,Chip Transaction,2.02755E+18,Rome,Italy,,5541,
0,3,2019,12,9,05:40,$165.37,Swipe Transaction,3.52721E+18,La Verne,CA,91750,5300,
2,0,2019,1,18,06:38,$66.90,Chip Transaction,4.72291E+18,Alhambra,CA,91801,5411,
1780,3,2019,6,13,10:39,$26.31,Swipe Transaction,6.0514E+18,Rome,Italy,,5310,
0,3,2019,12,4,06:27,$140.55,Swipe Transaction,-7.27612E+17,Monterey Park,CA,91754,5411,
1304,4,2019,3,16,16:17,$0.52,Chip Transaction,-3.39554E+18,Rome,Italy,,5311,
0,1,2019,11,14,16:36,$10.10,Chip Transaction,-7.27612E+17,Monterey Park,CA,91754,5411,
740,1,2019,4,20,14:26,$5.97,Chip Transaction,-2.45178E+17,Rome,Italy,,5311,
0,0,2019,1,13,00:20,$-265.00,Chip Transaction,4.8349E+17,Oxford,MA,1540,3504,
0,3,2019,5,24,13:03,$71.00,Swipe Transaction,2.02755E+18,Mira Loma,CA,91752,5541,
0,1,2019,12,14,06:52,$31.36,Chip Transaction,4.06065E+18,La Verne,CA,91750,5411,
0,3,2020,2,4,06:19,$148.93,Swipe Transaction,3.52721E+18,La Verne,CA,91750,5300,
1414,0,2019,2,22,13:26,$83.73,Chip Transaction,3.18952E+18,Rome,Italy,,5311,
1551,2,2019,7,19,19:57,$17.32,Chip Transaction,5.50735E+18,Rome,Italy,,4121,
1,1,2019,7,4,13:52,$85.36,Chip Transaction,-3.49962E+18,Little Neck,NY,11363,7538,
2,0,2019,1,20,09:54,$69.44,Online Transaction,-6.45844E+18, ONLINE,,,4784,
1669,1,2019,1,18,10:38,$78.65,Chip Transaction,9.05774E+18,Rome,Italy,,5311,
796,1,2019,2,15,13:32,$22.19,Swipe Transaction,6.99836E+18,Rome,Italy,,5411,
2,0,2019,6,27,11:05,$69.00,Chip Transaction,1.79919E+18,Alhambra,CA,91801,5499,
2,0,2019,5,13,09:18,$32.64,Online Transaction,-6.45844E+18, ONLINE,,,4784,
2,0,2019,1,3,23:44,$1.51,Chip Transaction,6.6665E+18,West Covina,CA,91792,5499,
1,3,2019,1,6,13:20,$0.68,Online Transaction,7.0356E+18, ONLINE,,,5311,
1242,4,2019,8,15,13:11,$0.00,Chip Transaction,-7.14667E+18,Rome,Italy,,5970,
1743,0,2019,1,22,19:52,$580.65,Chip Transaction,-3.39554E+18,Rome,Italy,,5311,
2,0,2019,9,5,07:33,$9.50,Chip Transaction,-7.80474E+18,West Covina,CA,91792,5812,
0,0,2019,11,24,06:29,$134.61,Chip Transaction,1.91348E+18,La Verne,CA,91750,5300,
1,2,2020,1,9,22:46,$203.85,Chip Transaction,-6.16179E+18,Beijing,China,,3389,
0,3,2019,11,30,06:31,$125.56,Swipe Transaction,4.06065E+18,La Verne,CA,91750,5411,
2,0,2019,5,12,04:31,$47.52,Online Transaction,-6.45844E+18, ONLINE,,,4784,
2,0,2019,10,9,07:39,$10.90,Chip Transaction,3.63912E+18,West Covina,CA,91792,5814,
583,2,2019,5,3,13:28,$35.35,Chip Transaction,3.18952E+18,Rome,Italy,,5311,
1776,2,2019,1,24,16:21,$201.91,Chip Transaction,-5.67429E+18,Rome,Italy,,5733,
1316,2,2019,2,15,15:33,$15.08,Chip Transaction,1.79919E+18,Rome,Italy,,5499,
0,3,2019,10,4,06:24,$128.13,Swipe Transaction,-3.45515E+16,La Verne,CA,91750,5912,
1,3,2020,2,18,13:40,$87.80,Chip Transaction,-3.49962E+18,Little Neck,NY,11363,7538,
1414,0,2019,2,21,16:45,$58.96,Chip Transaction,3.18952E+18,Rome,Italy,,5311,
1163,5,2019,1,25,13:10,$19.93,Chip Transaction,-5.16204E+18,Rome,Italy,,5541,
0,3,2020,1,29,20:15,$77.67,Swipe Transaction,-4.50054E+18,La Verne,CA,91750,5814,
2,0,2019,6,27,11:00,$-69.00,Chip Transaction,1.79919E+18,Alhambra,CA,91801,5499,
0,0,2020,1,29,06:49,$13.08,Chip Transaction,-7.27612E+17,Monterey Park,CA,91754,5411,
377,2,2019,8,31,11:56,$38.01,Chip Transaction,-1.6423E+18,Rome,Italy,,5912,
1,1,2019,12,16,02:43,$198.00,Chip Transaction,1.27047E+18,Waianae,HI,96792,3730,
0,2,2019,6,3,13:08,$-95.00,Chip Transaction,2.02755E+18,Mira Loma,CA,91752,5541,
0,3,2019,12,13,11:47,$23.80,Swipe Transaction,-3.03858E+17,La Verne,CA,91750,5251,
597,0,2019,9,26,19:28,$178.83,Chip Transaction,-7.9481E+17,Rome,Italy,,5814,
1,2,2020,1,6,17:46,$-500.00,Swipe Transaction,-1.00748E+18,Anchorage,AK,99504,3780,
0,3,2020,2,19,08:56,$179.02,Online Transaction,-9.09268E+18, ONLINE,,,4900,
1776,0,2019,9,17,13:21,$62.72,Chip Transaction,-8.90095E+18,Rome,Italy,,5621,
0,1,2019,11,14,13:19,$76.00,Chip Transaction,-1.28808E+18,La Verne,CA,91750,5499,
1,2,2019,3,12,06:56,$137.69,Chip Transaction,4.93736E+18,Little Neck,NY,11363,5300,
0,3,2019,9,13,06:29,$80.08,Swipe Transaction,-3.45515E+16,La Verne,CA,91750,5912,
0,1,2019,2,6,06:22,$130.89,Chip Transaction,1.91348E+18,La Verne,CA,91750,5300,
0,1,2019,4,15,06:31,$46.32,Chip Transaction,-7.27612E+17,Monterey Park,CA,91754,5411,
2,0,2019,3,16,10:08,$46.53,Online Transaction,-6.45844E+18, ONLINE,,,4784,
2,0,2019,4,28,09:14,$1008.96,Chip Transaction,-7.89397E+18,Riverside,CA,92503,3260,
643,0,2019,4,5,17:05,$44.71,Chip Transaction,6.99836E+18,Rome,Italy,,5411,
1414,0,2019,3,9,14:36,$24.91,Chip Transaction,3.01718E+18,Rome,Italy,,5921,
1,2,2019,10,9,17:35,$302.00,Chip Transaction,3.99132E+18,Harper Woods,MI,48225,3405,
1,1,2019,8,7,15:53,$110.00,Swipe Transaction,-1.61222E+18,Corona,NY,11368,3387,
1477,2,2019,3,19,18:16,$5.86,Chip Transaction,-1.28808E+18,Rome,Italy,,5499,
1060,4,2019,8,30,17:36,$93.79,Chip Transaction,4.57388E+18,Rome,Italy,,5045,
0,2,2020,2,16,13:44,$45.94,Chip Transaction,-5.90412E+18,Diamond Bar,CA,91765,5719,
2,0,2019,3,10,16:55,$22.47,Online Transaction,-2.04205E+18, ONLINE,,,5815,
2,0,2019,8,12,09:52,$39.36,Online Transaction,-6.45844E+18, ONLINE,,,4784,
240,3,2019,9,13,12:02,$41.42,Chip Transaction,-1.6423E+18,Rome,Italy,,5912,
913,0,2019,2,2,15:57,$50.11,Chip Transaction,-3.39554E+18,Rome,Italy,,5311,
0,3,2020,1,20,06:23,$99.59,Swipe Transaction,5.81722E+18,La Verne,CA,91750,5912,
0,1,2020,1,6,06:23,$123.34,Chip Transaction,-8.82635E+18,San Antonio,TX,78266,5411,
1060,4,2019,8,31,16:59,$15.69,Chip Transaction,6.66197E+18,Rome,Italy,,5211,
1366,1,2019,5,25,13:20,$7.69,Chip Transaction,-8.40529E+18,Rome,Italy,,5651,
0,3,2019,6,5,06:19,$139.51,Swipe Transaction,-3.45515E+16,La Verne,CA,91750,5912,
1,2,2019,9,29,13:55,$103.77,Chip Transaction,-6.73834E+18,Corona,NY,11368,7538,
0,2,2019,11,6,21:41,$896.56,Chip Transaction,-8.19461E+18,Garden Grove,CA,92840,3001,
840,3,2019,1,3,16:47,$8.09,Chip Transaction,5.90183E+17,Rome,Italy,,5094,
1,2,2019,2,6,18:31,$73.37,Chip Transaction,8.73386E+18,San Antonio,TX,78251,5812,
913,1,2019,4,27,16:38,$3.16,Swipe Transaction,-6.01867E+18,Rome,Italy,,5947,
2,1,2019,1,7,09:49,$43.30,Online Transaction,-6.45844E+18, ONLINE,,,4784,
866,1,2019,5,7,17:14,$82.37,Chip Transaction,3.18952E+18,Rome,Italy,,5311,
0,1,2019,10,29,09:57,$29.83,Chip Transaction,-3.34594E+18,La Verne,CA,91750,7538,
1,3,2019,8,1,10:26,$40.39,Chip Transaction,-5.47568E+18,Rego Park,NY,11374,5942,
2,0,2019,3,30,04:28,$29.06,Online Transaction,-6.45844E+18, ONLINE,,,4784,
790,1,2019,1,26,11:15,$9.42,Chip Transaction,3.18952E+18,Rome,Italy,,5311,
1242,4,2019,8,24,16:53,$109.30,Chip Transaction,2.91975E+18,Rome,Italy,,5932,
450,0,2019,3,12,15:02,$3.13,Chip Transaction,-8.90095E+18,Rome,Italy,,5621,
1,2,2019,2,24,18:27,$153.56,Chip Transaction,-5.65725E+18,Little Neck,NY,11363,5411,
605,5,2019,2,26,13:45,$39.65,Chip Transaction,-7.27612E+17,Rome,Italy,,5411,
611,0,2019,1,24,16:37,$19.72,Chip Transaction,9.05774E+18,Rome,Italy,,5311,
0,1,2019,11,28,00:12,$22.58,Chip Transaction,3.52721E+18,La Verne,CA,91750,5300,
2,1,2019,1,10,07:24,$11.76,Swipe Transaction,-4.89106E+18,West Covina,CA,91792,5411,
1,1,2019,1,30,10:25,$66.92,Chip Transaction,-5.65725E+18,Little Neck,NY,11363,5411,
634,5,2019,10,25,16:34,$8.87,Chip Transaction,-7.27612E+17,Rome,Italy,,5411,
2,0,2020,1,16,14:45,$57.32,Online Transaction,-6.45844E+18, ONLINE,,,4784,
0,3,2019,11,6,06:27,$117.03,Swipe Transaction,4.06065E+18,La Verne,CA,91750,5411,
377,2,2019,9,12,17:05,$201.16,Chip Transaction,-1.6423E+18,Rome,Italy,,5912,
1,1,2019,7,10,06:56,$95.43,Chip Transaction,-8.72734E+18,Little Neck,NY,11363,5655,
190,1,2019,2,22,11:41,$7.20,Chip Transaction,6.0514E+18,Rome,Italy,,5310,
1,2,2019,4,13,09:37,$128.97,Chip Transaction,2.96765E+18,Hayward,WI,54843,7011,
0,0,2019,6,30,06:20,$123.09,Chip Transaction,2.02755E+18,Mira Loma,CA,91752,5541,
1780,3,2019,6,14,10:45,$61.61,Swipe Transaction,5.90183E+17,Rome,Italy,,5094,
1,2,2019,2,10,18:47,$78.70,Chip Transaction,-5.0235E+18,Little Neck,NY,11363,5812,
0,3,2020,1,2,14:19,$13.06,Swipe Transaction,-8.82635E+18,San Antonio,TX,78266,5411,
2,0,2019,11,28,07:10,$11.89,Chip Transaction,-4.89106E+18,West Covina,CA,91792,5411,
1,3,2019,6,22,18:32,$64.64,Chip Transaction,-5.0235E+18,Little Neck,NY,11363,5812,
1487,0,2019,8,1,18:02,$0.05,Chip Transaction,-1.6423E+18,Rome,Italy,,5912,
1164,0,2019,5,3,14:04,$283.38,Chip Transaction,-3.39554E+18,Rome,Italy,,5311,
2,0,2019,11,5,06:42,$8.97,Chip Transaction,6.04253E+18,West Covina,CA,91792,5912,
341,2,2019,4,27,14:36,$162.72,Chip Transaction,6.0514E+18,Rome,Italy,,5310,
193,2,2019,7,12,14:04,$53.64,Chip Transaction,2.91975E+18,Rome,Italy,,5932,
44,0,2019,6,20,11:49,$-86.00,Swipe Transaction,2.02755E+18,Rome,Italy,,5541,
1223,2,2019,10,15,10:38,$124.00,Chip Transaction,1.7153E+18,Rome,Italy,,3722,
1,2,2019,9,25,06:43,$97.52,Swipe Transaction,-2.16533E+18,Fresh Meadows,NY,11365,5311,
1099,3,2019,6,21,13:42,$7.10,Chip Transaction,6.0514E+18,Rome,Italy,,5310,
1,1,2019,1,17,19:11,$27.22,Chip Transaction,-5.62484E+18,Flushing,NY,11367,7832,
432,2,2019,5,14,17:36,$71.10,Chip Transaction,-1.6423E+18,Rome,Italy,,5912,
1,4,2019,7,21,13:33,$12.53,Chip Transaction,8.9753E+18,Oakland Gardens,NY,11364,8043,
1260,2,2019,7,5,16:44,$19.07,Chip Transaction,-3.39554E+18,Rome,Italy,,5311,
0,1,2019,9,30,06:30,$40.24,Chip Transaction,-3.45515E+16,La Verne,CA,91750,5912,
0,3,2019,8,17,07:33,$39.80,Swipe Transaction,5.81722E+18,La Verne,CA,91750,5912,
2,0,2019,3,16,04:41,$52.71,Online Transaction,-6.45844E+18, ONLINE,,,4784,
0,3,2019,2,28,06:24,$140.62,Swipe Transaction,5.81722E+18,La Verne,CA,91750,5912,
2,0,2019,9,28,23:39,$1.73,Chip Transaction,6.6665E+18,West Covina,CA,91792,5499,
165,0,2019,5,25,10:31,$12.56,Chip Transaction,-2.45178E+17,Rome,Italy,,5311,
0,3,2019,2,27,06:06,$147.90,Swipe Transaction,5.81722E+18,La Verne,CA,91750,5912,
41,1,2019,8,30,13:55,$21.72,Chip Transaction,9.05774E+18,Rome,Italy,,5311,
1316,2,2019,3,1,10:34,$23.25,Chip Transaction,-2.45178E+17,Rome,Italy,,5311,
0,1,2019,9,15,05:41,$54.07,Chip Transaction,4.06065E+18,La Verne,CA,91750,5411,
822,3,2019,7,30,15:25,$16.43,Chip Transaction,1.79919E+18,Rome,Italy,,5499,
256,0,2019,6,27,17:32,$25.21,Chip Transaction,6.0514E+18,Rome,Italy,,5310,
1744,1,2019,5,23,19:45,$15.15,Chip Transaction,5.50735E+18,Rome,Italy,,4121,
1958,4,2019,2,16,12:34,$73.59,Chip Transaction,3.01718E+18,Rome,Italy,,5921,
377,2,2019,8,30,18:39,$188.16,Chip Transaction,2.91975E+18,Rome,Italy,,5932,
2,0,2019,2,28,14:30,$60.85,Online Transaction,-6.45844E+18, ONLINE,,,4784,
0,3,2019,4,6,06:07,$94.51,Swipe Transaction,4.06065E+18,La Verne,CA,91750,5411,
73,0,2019,2,2,13:28,$33.66,Swipe Transaction,-5.16204E+18,Rome,Italy,,5541,
1164,0,2019,5,4,16:05,$0.25,Chip Transaction,6.99836E+18,Rome,Italy,,5411,
0,2,2019,5,8,06:49,$41.21,Chip Transaction,5.81722E+18,La Verne,CA,91750,5912,
0,3,2019,10,24,20:00,$258.84,Online Transaction,1.10833E+18, ONLINE,,,4899,
0,3,2019,12,2,05:44,$123.21,Swipe Transaction,-7.27612E+17,Monterey Park,CA,91754,5411,
1,2,2019,3,16,10:56,$14.75,Swipe Transaction,-6.73026E+18,Little Neck,NY,11363,7210,
1,2,2019,8,29,20:32,$90.47,Chip Transaction,-6.38023E+18,Laredo,TX,78045,3393,
0,0,2019,3,31,06:00,$126.63,Chip Transaction,-7.27612E+17,Monterey Park,CA,91754,5411,
2,0,2019,3,19,14:48,$40.52,Online Transaction,-6.45844E+18, ONLINE,,,4784,
1,2,2020,2,13,13:58,$74.40,Chip Transaction,-6.73834E+18,Corona,NY,11368,7538,
0,2,2019,11,4,06:42,$41.88,Chip Transaction,4.06065E+18,La Verne,CA,91750,5411,
0,3,2019,1,16,06:17,$151.21,Swipe Transaction,4.06065E+18,La Verne,CA,91750,5411,
1,1,2019,6,3,13:53,$112.17,Chip Transaction,6.12657E+18,Little Neck,NY,11363,7538,
1191,3,2019,4,12,17:58,$10.63,Chip Transaction,2.02755E+18,Rome,Italy,,5541,
1515,5,2019,4,9,13:38,$634.02,Chip Transaction,-8.80451E+18,Rome,Italy,,5712,
1621,3,2019,8,9,18:20,$96.97,Chip Transaction,-8.40529E+18,Rome,Italy,,5651,
0,3,2019,4,8,06:34,$40.46,Swipe Transaction,4.06065E+18,La Verne,CA,91750,5411,
0,3,2019,1,20,06:28,$90.48,Swipe Transaction,-7.27612E+17,Monterey Park,CA,91754,5411,
1400,0,2019,4,19,18:09,$11.88,Chip Transaction,-7.5187E+18,Rome,Italy,,5813,"Bad PIN,"
2,0,2019,12,30,14:48,$44.72,Online Transaction,-6.45844E+18, ONLINE,,,4784,
162,2,2019,6,28,15:59,$208.01,Swipe Transaction,-8.83014E+18,Rome,Italy,,5211,
2,0,2019,5,6,23:41,$1.61,Chip Transaction,6.6665E+18,West Covina,CA,91792,5499,
2,0,2019,8,27,11:01,$45.86,Swipe Transaction,2.02755E+18,West Covina,CA,91792,5541,
1,1,2019,8,9,19:12,$61.67,Chip Transaction,-6.03533E+18,Ramsey,NJ,7446,5812,
1515,5,2019,4,12,11:55,$12.33,Chip Transaction,6.09856E+18,Rome,Italy,,4214,
0,3,2019,1,5,13:25,$11.25,Swipe Transaction,7.82331E+18,North Grafton,MA,1536,5812,
2,0,2019,10,19,14:55,$49.95,Online Transaction,-6.45844E+18, ONLINE,,,4784,
2,0,2019,5,31,14:19,$152.12,Chip Transaction,6.35882E+18,West Covina,CA,91792,8043,
73,0,2019,2,2,16:14,$15.27,Swipe Transaction,-2.91654E+18,Rome,Italy,,5712,
1958,4,2019,2,9,17:24,$109.68,Chip Transaction,4.8349E+17,Rome,Italy,,3504,"Bad PIN,"
531,2,2019,7,23,10:43,$1.03,Chip Transaction,9.05774E+18,Rome,Italy,,5311,
0,3,2019,9,15,11:40,$126.63,Swipe Transaction,5.23774E+18,Las Vegas,NV,89148,3775,
1539,2,2019,2,21,16:29,$24.27,Chip Transaction,3.18952E+18,Rome,Italy,,5311,
1164,0,2019,4,27,13:16,$17.70,Chip Transaction,9.05774E+18,Rome,Italy,,5311,
0,1,2019,7,12,11:59,$33.81,Chip Transaction,-8.12952E+18,La Verne,CA,91750,5211,
1223,2,2019,10,18,19:02,$778.05,Chip Transaction,8.40186E+18,Rome,Italy,,3006,
946,1,2019,5,17,17:39,$58.84,Chip Transaction,-8.83014E+18,Rome,Italy,,5211,
1,1,2019,9,19,08:13,$98.54,Chip Transaction,-5.16204E+18,Little Neck,NY,11363,5541,"Insufficient Balance,"
1689,1,2019,3,21,12:42,$-62.00,Chip Transaction,-5.16204E+18,Rome,Italy,,5541,
0,2,2019,6,4,06:30,$183.76,Chip Transaction,-2.91727E+18,Arcadia,CA,91007,7802,
0,0,2019,5,20,13:24,$6.50,Chip Transaction,-5.0235E+18,Mira Loma,CA,91752,5812,
1,1,2019,5,1,08:28,$94.00,Chip Transaction,-5.16204E+18,Little Neck,NY,11363,5541,"Technical Glitch,"
1099,3,2019,6,18,15:37,$60.98,Chip Transaction,9.05774E+18,Rome,Italy,,5311,
1487,4,2019,5,11,16:14,$180.04,Chip Transaction,9.05774E+18,Rome,Italy,,5311,
1709,2,2019,5,3,10:59,$13.76,Swipe Transaction,3.18952E+18,Rome,Italy,,5311,
1977,0,2019,10,18,14:43,$51.11,Chip Transaction,-2.45178E+17,Rome,Italy,,5311,
1776,0,2019,9,13,16:15,$161.41,Chip Transaction,-2.45178E+17,Rome,Italy,,5311,
0,0,2019,10,25,20:29,$62.43,Chip Transaction,-5.09543E+18,Detroit,MI,48202,5812,
1885,1,2019,8,13,18:35,$13.51,Chip Transaction,5.50735E+18,Rome,Italy,,4121,
2,0,2019,6,28,09:31,$44.43,Online Transaction,-6.45844E+18, ONLINE,,,4784,
1,2,2019,9,7,10:06,$1007.48,Chip Transaction,1.83964E+18,Bay Shore,NY,11706,3000,
2,0,2019,7,5,06:39,$51.71,Chip Transaction,-4.89106E+18,West Covina,CA,91792,5411,
2,0,2019,3,24,09:24,$48.43,Online Transaction,-6.45844E+18, ONLINE,,,4784,
0,2,2019,7,20,06:51,$35.29,Chip Transaction,-5.47568E+18,Monterey Park,CA,91755,5942,
1,2,2019,9,1,04:39,$135.00,Chip Transaction,-6.09472E+18,Little Neck,NY,11363,4900,
0,0,2019,2,17,06:04,$38.92,Chip Transaction,-5.47568E+18,Monterey Park,CA,91755,5942,
0,2,2019,11,10,14:24,$60.04,Chip Transaction,-7.14667E+18,Monterey Park,CA,91755,5970,
729,6,2019,10,17,19:45,$0.02,Chip Transaction,9.05774E+18,Rome,Italy,,5311,
1,3,2019,7,9,06:36,$14.00,Chip Transaction,-5.16204E+18,Little Neck,NY,11363,5541,
0,0,2019,10,14,21:20,$50.41,Online Transaction,5.80513E+18, ONLINE,,,7349,
0,1,2019,12,11,16:41,$141.16,Chip Transaction,1.91348E+18,La Verne,CA,91750,5300,
0,1,2019,6,15,14:12,$6.40,Chip Transaction,-7.27612E+17,Monterey Park,CA,91754,5411,
450,0,2019,3,22,12:55,$72.00,Chip Transaction,1.79919E+18,Rome,Italy,,5499,
1,1,2019,6,3,06:16,$103.46,Chip Transaction,1.91348E+18,Fresh Meadows,NY,11366,5300,
0,1,2019,7,2,06:05,$88.00,Chip Transaction,4.06065E+18,La Verne,CA,91750,5411,
205,2,2019,10,8,17:47,$6.95,Chip Transaction,-1.6423E+18,Rome,Italy,,5912,
1129,0,2019,5,11,14:14,$7.06,Chip Transaction,9.05774E+18,Rome,Italy,,5311,
0,3,2019,8,30,09:39,$48.16,Swipe Transaction,3.95215E+18,La Verne,CA,91750,7538,
0,2,2019,1,3,13:18,$11.23,Chip Transaction,-3.3943E+18,North Grafton,MA,1536,5411,
0,3,2019,1,4,13:32,$53.39,Swipe Transaction,-5.47568E+18,Holliston,MA,1746,5942,
1958,0,2019,7,20,14:17,$1.76,Chip Transaction,-6.01867E+18,Rome,Italy,,5947,
0,3,2019,6,20,06:43,$54.58,Swipe Transaction,-7.27612E+17,Monterey Park,CA,91754,5411,
882,0,2019,1,29,12:21,$22.79,Chip Transaction,-8.83014E+18,Rome,Italy,,5211,
44,0,2019,6,21,15:52,$25.28,Swipe Transaction,5.90183E+17,Rome,Italy,,5094,
1,1,2019,6,24,15:24,$14.83,Chip Transaction,6.13521E+18,Little Neck,NY,11363,9402,
0,3,2019,12,9,02:47,$183.87,Swipe Transaction,1.7153E+18,San Diego,CA,92110,3722,
414,3,2019,10,18,12:17,$146.96,Chip Transaction,-1.6423E+18,Rome,Italy,,5912,
0,3,2020,1,26,14:21,$68.56,Swipe Transaction,6.66197E+18,Ontario,CA,91761,5211,
47,1,2019,1,15,14:03,$26.83,Chip Transaction,-2.45178E+17,Rome,Italy,,5311,
1607,4,2019,10,8,15:52,$52.33,Chip Transaction,-1.6423E+18,Rome,Italy,,5912,
0,2,2019,11,13,13:22,$10.59,Chip Transaction,7.06958E+18,San Diego,CA,92154,5812,
2,0,2019,4,6,16:07,$10.92,Swipe Transaction,2.02755E+18,West Covina,CA,91792,5541,
2,0,2019,12,2,05:26,$18.20,Chip Transaction,-2.91195E+18,West Covina,CA,91792,5310,
44,0,2019,6,21,15:32,$1.61,Swipe Transaction,9.05774E+18,Rome,Italy,,5311,
822,3,2019,8,3,16:00,$33.80,Chip Transaction,-2.45178E+17,Rome,Italy,,5311,"Bad PIN,"
1,3,2019,8,24,10:39,$75.40,Chip Transaction,-5.47568E+18,Rego Park,NY,11374,5942,
100,3,2019,4,18,10:55,$61.40,Chip Transaction,1.90253E+17,Rome,Italy,,3359,"Bad PIN,"
1018,0,2019,6,28,14:56,$1.62,Chip Transaction,-8.83014E+18,Rome,Italy,,5211,
2,0,2019,3,17,07:49,$5.86,Chip Transaction,4.7517E+18,San Francisco,CA,94103,5814,
1,3,2020,2,7,03:10,$37.09,Swipe Transaction,-2.16533E+18,Fresh Meadows,NY,11365,5311,
628,0,2019,7,27,19:24,$63.57,Chip Transaction,-5.67429E+18,Rome,Italy,,5733,
1572,3,2019,3,1,13:58,$6.27,Chip Transaction,5.50735E+18,Rome,Italy,,4121,
790,1,2019,1,31,18:41,$187.84,Chip Transaction,-7.27612E+17,Rome,Italy,,5411,
204,1,2019,5,24,18:13,$18.50,Chip Transaction,-8.83014E+18,Rome,Italy,,5211,
0,3,2020,1,13,06:55,$17.32,Swipe Transaction,-3.45515E+16,La Verne,CA,91750,5912,
1675,0,2019,10,19,16:21,$55.64,Chip Transaction,3.18952E+18,Rome,Italy,,5311,
1,4,2019,8,25,06:41,$11.08,Chip Transaction,-5.16204E+18,Little Neck,NY,11363,5541,
901,1,2019,4,26,11:50,$19.88,Chip Transaction,5.90183E+17,Rome,Italy,,5094,
2,0,2020,1,2,10:30,$-60.00,Chip Transaction,1.79919E+18,Alhambra,CA,91801,5499,
0,0,2019,5,9,13:11,$95.00,Chip Transaction,2.02755E+18,Mira Loma,CA,91752,5541,"Bad PIN,"
1,2,2019,12,16,06:38,$8.18,Chip Transaction,-5.16204E+18,Little Neck,NY,11363,5541,
0,0,2020,1,27,06:50,$146.10,Chip Transaction,3.52721E+18,La Verne,CA,91750,5300,
1206,0,2019,9,5,18:57,$66.00,Chip Transaction,-5.16204E+18,Rome,Italy,,5541,
1477,2,2019,3,15,13:19,$87.93,Chip Transaction,6.99836E+18,Rome,Italy,,5411,
1174,1,2019,6,4,15:38,$25.80,Chip Transaction,6.0514E+18,Rome,Italy,,5310,
2,0,2019,1,18,14:40,$40.84,Online Transaction,-6.45844E+18, ONLINE,,,4784,
0,0,2019,6,6,16:53,$23.10,Online Transaction,4.24134E+18, ONLINE,,,4814,
2,0,2019,8,26,23:40,$2.10,Chip Transaction,6.6665E+18,West Covina,CA,91792,5499,
2,0,2020,1,30,09:54,$49.38,Online Transaction,-6.45844E+18, ONLINE,,,4784,
1734,5,2019,7,9,15:07,$41.12,Chip Transaction,-7.27612E+17,Rome,Italy,,5411,
1231,1,2019,10,5,15:54,$10.03,Chip Transaction,2.02755E+18,Rome,Italy,,5541,
813,4,2019,1,18,11:41,$2.12,Chip Transaction,7.06958E+18,Rome,Italy,,5812,
882,0,2019,1,31,16:04,$66.70,Chip Transaction,9.05774E+18,Rome,Italy,,5311,
2,0,2019,8,4,07:46,$8.32,Chip Transaction,4.72291E+18,Alhambra,CA,91801,5411,
1,2,2019,10,12,19:14,$114.52,Chip Transaction,-6.09472E+18,Little Neck,NY,11363,4900,
1579,2,2019,2,21,18:25,$254.00,Chip Transaction,-6.16179E+18,Rome,Italy,,3389,
1298,2,2019,9,5,17:17,$504.09,Swipe Transaction,-2.91654E+18,Rome,Italy,,5712,
413,0,2019,10,24,13:25,$21.22,Swipe Transaction,-1.6423E+18,Rome,Italy,,5912,
0,3,2019,10,15,06:07,$42.15,Swipe Transaction,4.06065E+18,La Verne,CA,91750,5411,
0,1,2019,10,2,00:18,$25.42,Chip Transaction,-7.27612E+17,Monterey Park,CA,91754,5411,
1,3,2019,9,21,18:46,$59.29,Chip Transaction,-5.0235E+18,Little Neck,NY,11363,5812,
1,2,2019,12,9,13:15,$32.86,Online Transaction,4.24134E+18, ONLINE,,,4814,
2,1,2019,1,5,14:53,$46.54,Online Transaction,-6.45844E+18, ONLINE,,,4784,
1324,0,2019,6,13,14:02,$94.00,Chip Transaction,2.02755E+18,Rome,Italy,,5541,
2,0,2019,11,21,04:35,$54.96,Online Transaction,-6.45844E+18, ONLINE,,,4784,
1,1,2019,3,24,04:49,$94.37,Chip Transaction,-6.09472E+18,Little Neck,NY,11363,4900,
1,2,2019,5,12,18:17,$23.49,Chip Transaction,-5.62484E+18,Flushing,NY,11367,7832,
1725,0,2019,7,20,13:47,$24.84,Chip Transaction,6.99836E+18,Rome,Italy,,5411,
0,3,2019,9,7,06:18,$139.12,Swipe Transaction,2.02755E+18,Mira Loma,CA,91752,5541,
1003,5,2019,10,11,16:07,$86.25,Chip Transaction,6.0514E+18,Rome,Italy,,5310,
1,1,2019,1,5,18:57,$63.75,Chip Transaction,-7.05207E+18,Little Neck,NY,11363,5814,
1191,3,2019,4,20,18:07,$2.90,Chip Transaction,5.4271E+18,Rome,Italy,,5814,
0,3,2019,6,21,20:53,$34.05,Swipe Transaction,-5.0235E+18,Mira Loma,CA,91752,5812,
0,1,2019,3,27,06:06,$39.40,Chip Transaction,-7.27612E+17,Monterey Park,CA,91754,5411,
0,3,2020,1,26,13:06,$10.70,Swipe Transaction,-4.50054E+18,La Verne,CA,91750,5814,
2,0,2019,8,11,09:38,$45.40,Online Transaction,-6.45844E+18, ONLINE,,,4784,
0,3,2019,4,27,06:16,$130.19,Swipe Transaction,4.06065E+18,La Verne,CA,91750,5411,
1364,2,2019,5,18,11:35,$65.00,Chip Transaction,1.79919E+18,Rome,Italy,,5499,
1425,7,2019,7,23,14:18,$37.82,Chip Transaction,-2.45178E+17,Rome,Italy,,5311,
0,0,2019,5,30,13:14,$10.75,Chip Transaction,-5.0235E+18,Mira Loma,CA,91752,5812,
2,0,2019,5,25,09:48,$41.70,Online Transaction,-6.45844E+18, ONLINE,,,4784,
0,2,2019,8,2,06:50,$47.28,Chip Transaction,-5.47568E+18,Monterey Park,CA,91755,5942,
790,1,2019,1,31,17:21,$1.71,Chip Transaction,-6.01867E+18,Rome,Italy,,5947,
658,0,2019,9,27,14:50,$39.89,Chip Transaction,3.18952E+18,Rome,Italy,,5311,
1366,1,2019,5,21,13:04,$12.72,Chip Transaction,3.18952E+18,Rome,Italy,,5311,
0,1,2019,11,16,21:47,$17.57,Chip Transaction,-5.41338E+18,La Verne,CA,91750,5813,
1405,1,2019,5,16,13:46,$45.76,Chip Transaction,6.0514E+18,Rome,Italy,,5310,"Insufficient Balance,"
822,3,2019,8,3,16:50,$78.82,Chip Transaction,5.90183E+17,Rome,Italy,,5094,
413,1,2019,3,29,15:50,$66.91,Chip Transaction,-2.45178E+17,Rome,Italy,,5311,
1,1,2020,1,12,10:14,$57.54,Chip Transaction,-3.22076E+18,South Ozone Park,NY,11420,5311,
727,1,2019,8,29,17:14,$2.92,Chip Transaction,-6.01867E+18,Rome,Italy,,5947,
1206,0,2019,8,25,06:50,$105.38,Chip Transaction,-6.16179E+18,Rome,Italy,,3389,
824,0,2019,2,2,11:00,$11.63,Chip Transaction,5.50735E+18,Rome,Italy,,4121,
0,3,2019,3,16,20:26,$152.69,Swipe Transaction,8.38425E+17,Mira Loma,CA,91752,4814,
0,2,2019,2,17,07:02,$44.78,Chip Transaction,5.81722E+18,La Verne,CA,91750,5912,
0,2,2019,7,27,06:08,$152.09,Chip Transaction,5.81722E+18,La Verne,CA,91750,5912,
2,0,2019,1,8,16:08,$25.31,Online Transaction,-5.21142E+17, ONLINE,,,5815,
0,2,2019,4,27,13:05,$83.17,Chip Transaction,2.02755E+18,Mira Loma,CA,91752,5541,
0,2,2019,5,9,13:54,$-76.00,Chip Transaction,2.02755E+18,Mira Loma,CA,91752,5541,
0,3,2019,4,19,06:17,$126.55,Swipe Transaction,2.02755E+18,Mira Loma,CA,91752,5541,
1366,1,2019,6,8,18:12,$30.52,Chip Transaction,2.02755E+18,Rome,Italy,,5541,
1,2,2019,3,1,13:02,$15.79,Chip Transaction,9.70328E+16,Oakland Gardens,NY,11364,5411,
1581,1,2019,6,15,14:53,$12.47,Chip Transaction,2.02755E+18,Rome,Italy,,5541,
2,1,2019,1,10,04:27,$41.98,Online Transaction,-6.45844E+18, ONLINE,,,4784,
0,0,2020,1,22,06:53,$36.48,Chip Transaction,4.72291E+18,Merced,CA,95341,5411,
98,3,2019,1,19,11:29,$0.39,Chip Transaction,-2.45178E+17,Rome,Italy,,5311,
1,2,2020,1,25,21:28,$27.06,Chip Transaction,2.13217E+18,Little Neck,NY,11363,5813,
0,3,2019,10,11,06:30,$28.79,Swipe Transaction,5.81722E+18,La Verne,CA,91750,5912,
0,0,2020,1,3,06:04,$123.17,Chip Transaction,-2.45178E+17,Aransas Pass,TX,78335,5311,
193,2,2019,7,20,17:23,$4.94,Chip Transaction,-7.27612E+17,Rome,Italy,,5411,
2,0,2019,7,11,06:50,$44.58,Chip Transaction,-5.86136E+18,West Covina,CA,91792,5912,"Insufficient Balance,"
1734,5,2019,6,25,13:10,$15.29,Chip Transaction,-3.39554E+18,Rome,Italy,,5311,
0,2,2019,4,28,06:07,$135.58,Chip Transaction,2.02755E+18,Mira Loma,CA,91752,5541,
1,1,2019,4,30,06:35,$142.92,Chip Transaction,4.93736E+18,Little Neck,NY,11363,5300,
162,2,2019,6,28,14:02,$0.31,Swipe Transaction,-2.45178E+17,Rome,Italy,,5311,
863,2,2019,6,7,12:06,$119.06,Chip Transaction,4.57388E+18,Rome,Italy,,5045,
1776,1,2019,1,8,19:24,$40.76,Chip Transaction,9.05774E+18,Rome,Italy,,5311,"Insufficient Balance,"
0,3,2019,5,30,06:28,$110.22,Swipe Transaction,-2.45178E+17,La Verne,CA,91750,5311,"Insufficient Balance,"
1,2,2019,4,29,00:00,$140.61,Chip Transaction,-1.90813E+18,Lincoln Park,MI,48146,3771,
2,0,2019,2,21,07:58,$7.64,Chip Transaction,4.72291E+18,Alhambra,CA,91801,5411,
2,0,2019,7,23,14:58,$27.15,Online Transaction,-6.45844E+18, ONLINE,,,4784,
0,2,2019,4,5,08:09,$43.08,Swipe Transaction,5.4451E+18,La Verne,CA,91750,5193,
1528,2,2019,7,11,12:05,$72.68,Chip Transaction,-5.16204E+18,Rome,Italy,,5541,
256,0,2019,7,9,11:27,$128.38,Chip Transaction,-2.45178E+17,Rome,Italy,,5311,
863,2,2019,6,13,19:25,$0.42,Chip Transaction,6.99836E+18,Rome,Italy,,5411,"Bad PIN,"
190,2,2019,8,23,15:57,$24.33,Chip Transaction,-3.15872E+18,Rome,Italy,,5812,
1,2,2019,2,4,18:51,$78.00,Chip Transaction,4.7517E+18,San Antonio,TX,78251,5814,
938,1,2019,1,24,14:39,$47.41,Chip Transaction,-3.39554E+18,Rome,Italy,,5311,
0,2,2019,10,6,20:40,$133.21,Chip Transaction,8.38425E+17,Mira Loma,CA,91752,4814,
1798,0,2019,3,21,12:59,$117.29,Chip Transaction,6.0514E+18,Rome,Italy,,5310,
0,3,2019,6,10,06:10,$183.56,Swipe Transaction,1.91348E+18,La Verne,CA,91750,5300,
0,0,2019,1,5,06:02,$120.30,Chip Transaction,7.52243E+18,Princeton,MA,1541,5411,"Insufficient Balance,"
2,0,2019,8,26,14:19,$95.77,Chip Transaction,-3.63592E+18,West Covina,CA,91792,8041,
1115,2,2019,4,18,19:45,$18.92,Chip Transaction,-3.39554E+18,Rome,Italy,,5311,
1926,4,2019,5,30,18:01,$37.72,Chip Transaction,6.0514E+18,Rome,Italy,,5310,
556,0,2019,8,8,13:58,$50.66,Chip Transaction,9.05774E+18,Rome,Italy,,5311,
2,0,2019,3,4,23:49,$1.76,Chip Transaction,6.6665E+18,West Covina,CA,91792,5499,
2,0,2019,3,5,04:30,$55.98,Online Transaction,-6.45844E+18, ONLINE,,,4784,
0,1,2019,1,17,13:08,$-87.00,Chip Transaction,-1.28808E+18,La Verne,CA,91750,5499,
2,0,2019,6,10,10:23,$45.03,Swipe Transaction,2.02755E+18,West Covina,CA,91792,5541,
2,0,2020,1,6,23:57,$2.29,Chip Transaction,6.6665E+18,West Covina,CA,91792,5499,
1,4,2019,4,25,13:54,$8.99,Chip Transaction,-5.65725E+18,Little Neck,NY,11363,5411,
854,3,2019,10,5,11:04,$232.94,Chip Transaction,-1.6423E+18,Rome,Italy,,5912,
1366,1,2019,5,30,15:41,$12.77,Chip Transaction,-4.75206E+18,Rome,Italy,,4214,
1234,3,2019,10,22,16:51,$11.77,Chip Transaction,-3.39554E+18,Rome,Italy,,5311,
1,4,2019,10,31,11:34,$31.06,Chip Transaction,-6.09472E+18,Little Neck,NY,11363,4900,
0,3,2019,5,24,06:42,$46.99,Swipe Transaction,5.81722E+18,La Verne,CA,91750,5912,
156,0,2019,10,18,15:15,$47.63,Chip Transaction,-3.39554E+18,Rome,Italy,,5311,
620,1,2019,8,8,11:54,$89.34,Chip Transaction,7.48862E+18,Rome,Italy,,5651,
114,1,2019,10,11,16:36,$415.42,Chip Transaction,-2.91654E+18,Rome,Italy,,5712,
262,0,2019,5,2,17:51,$38.68,Chip Transaction,-7.5187E+18,Rome,Italy,,5813,
0,1,2019,3,5,06:06,$144.36,Chip Transaction,3.52721E+18,La Verne,CA,91750,5300,
1996,3,2019,6,22,15:17,$48.74,Chip Transaction,-1.6423E+18,Rome,Italy,,5912,
2,0,2019,1,9,10:54,$45.08,Chip Transaction,-4.46237E+18,West Covina,CA,91792,7349,
1366,1,2019,6,14,11:34,$51.67,Chip Transaction,3.18952E+18,Rome,Italy,,5311,
0,1,2019,3,18,06:27,$144.21,Chip Transaction,2.02755E+18,Mira Loma,CA,91752,5541,
0,3,2019,6,1,06:38,$42.48,Swipe Transaction,5.81722E+18,La Verne,CA,91750,5912,
414,3,2019,10,24,11:54,$119.13,Chip Transaction,-6.16179E+18,Rome,Italy,,3389,
1049,1,2019,9,10,15:57,$127.28,Chip Transaction,-1.6423E+18,Rome,Italy,,5912,
322,1,2019,5,30,11:54,$168.97,Chip Transaction,4.57388E+18,Rome,Italy,,5045,
1,2,2020,1,12,06:56,$137.32,Chip Transaction,-8.40529E+18,Jackson Heights,NY,11372,5651,
2,0,2019,6,20,17:20,$40.46,Chip Transaction,-2.47248E+18,West Covina,CA,91792,7538,
854,3,2019,9,28,14:02,$104.49,Chip Transaction,4.57388E+18,Rome,Italy,,5045,
2,0,2019,7,27,11:14,$50.03,Chip Transaction,1.79919E+18,Alhambra,CA,91801,5499,
1364,2,2019,4,30,17:04,$10.13,Chip Transaction,-7.27612E+17,Rome,Italy,,5411,
1,2,2019,7,29,06:46,$124.24,Chip Transaction,-3.39554E+18,Oakland Gardens,NY,11364,5311,
1731,0,2019,8,6,12:43,$8.25,Chip Transaction,-3.39554E+18,Rome,Italy,,5311,
913,1,2019,5,3,18:04,$54.40,Swipe Transaction,3.01718E+18,Rome,Italy,,5921,
262,0,2019,4,23,16:15,$22.68,Chip Transaction,-3.39554E+18,Rome,Italy,,5311,
2,0,2019,12,16,14:36,$44.09,Online Transaction,-6.45844E+18, ONLINE,,,4784,"Bad Expiration,"
0,0,2019,9,22,13:12,$10.91,Chip Transaction,2.02755E+18,Mira Loma,CA,91752,5541,
341,2,2019,5,7,19:54,$17.09,Chip Transaction,5.50735E+18,Rome,Italy,,4121,
0,3,2019,6,28,06:21,$111.00,Swipe Transaction,2.02755E+18,Mira Loma,CA,91752,5541,
365,2,2019,5,7,11:27,$8.37,Chip Transaction,-2.45178E+17,Rome,Italy,,5311,
1,4,2019,3,3,06:46,$13.27,Chip Transaction,-5.16204E+18,Little Neck,NY,11363,5541,
262,0,2019,4,23,18:55,$379.00,Chip Transaction,1.90253E+17,Rome,Italy,,3359,
0,3,2019,6,23,06:46,$41.62,Swipe Transaction,-7.27612E+17,Monterey Park,CA,91754,5411,
2,0,2019,6,14,17:03,$44.28,Chip Transaction,-2.47248E+18,West Covina,CA,91792,7538,
1,2,2019,10,22,06:38,$92.99,Chip Transaction,8.18129E+18,East Elmhurst,NY,11369,5661,
1191,3,2019,4,11,12:23,$7.90,Chip Transaction,1.79919E+18,Rome,Italy,,5499,
1978,0,2019,4,11,13:22,$123.09,Chip Transaction,-2.45178E+17,Rome,Italy,,5311,
190,2,2019,8,22,11:12,$255.25,Chip Transaction,-1.6423E+18,Rome,Italy,,5912,
0,3,2019,5,26,13:17,$86.00,Swipe Transaction,2.02755E+18,Mira Loma,CA,91752,5541,
6,1,2019,3,16,15:38,$133.31,Chip Transaction,6.66197E+18,Rome,Italy,,5211,
1689,1,2019,3,8,11:11,$8.30,Chip Transaction,2.91975E+18,Rome,Italy,,5932,
1,1,2019,3,26,06:40,$106.16,Online Transaction,7.0356E+18, ONLINE,,,5311,
1,2,2019,1,18,13:16,$56.87,Chip Transaction,6.69846E+18,Fresh Meadows,NY,11366,4814,
0,0,2020,1,5,17:35,$4.85,Online Transaction,-5.21142E+17, ONLINE,,,5815,
1725,0,2019,8,6,14:02,$123.15,Chip Transaction,-7.27612E+17,Rome,Italy,,5411,
1,1,2019,6,7,13:18,$101.69,Chip Transaction,-3.49962E+18,Little Neck,NY,11363,7538,
1,1,2019,9,11,20:29,$23.12,Chip Transaction,2.13217E+18,Little Neck,NY,11363,5813,
1,1,2019,3,22,13:11,$12.25,Chip Transaction,-5.25098E+18,Moretown,VT,5660,5411,
0,1,2019,2,18,06:59,$33.39,Chip Transaction,4.06065E+18,La Verne,CA,91750,5411,
748,1,2019,4,9,10:42,$124.12,Chip Transaction,-7.27612E+17,Rome,Italy,,5411,"Insufficient Balance,"
1,1,2019,8,18,08:29,$-96.00,Chip Transaction,-5.16204E+18,Little Neck,NY,11363,5541,
0,2,2020,2,3,13:23,$70.00,Chip Transaction,-1.28808E+18,La Verne,CA,91750,5499,
1,3,2019,9,17,22:05,$80.16,Chip Transaction,5.56161E+18,Little Neck,NY,11363,7230,
0,2,2019,10,15,14:23,$1.79,Chip Transaction,-7.35262E+18,Detroit,MI,48202,5921,
1958,4,2019,2,14,13:58,$25.07,Chip Transaction,-7.27612E+17,Rome,Italy,,5411,
1,1,2019,4,5,18:08,$109.98,Chip Transaction,1.76341E+18,Little Neck,NY,11363,5912,
1237,0,2019,10,25,16:30,$509.03,Chip Transaction,-2.91654E+18,Rome,Italy,,5712,
0,3,2019,5,23,06:54,$38.18,Swipe Transaction,4.06065E+18,La Verne,CA,91750,5411,
1933,2,2019,8,9,15:31,$292.00,Swipe Transaction,4.8349E+17,Rome,Italy,,3504,
2,0,2019,12,11,16:57,$16.53,Chip Transaction,1.79919E+18,Alhambra,CA,91801,5499,
745,1,2019,10,8,13:44,$18.06,Swipe Transaction,-2.45178E+17,Rome,Italy,,5311,
2,0,2019,10,4,04:40,$46.07,Online Transaction,-6.45844E+18, ONLINE,,,4784,
1877,1,2019,9,10,10:30,$8.28,Chip Transaction,5.50735E+18,Rome,Italy,,4121,
0,1,2019,1,16,11:33,$32.59,Chip Transaction,1.91348E+18,La Verne,CA,91750,5300,
628,0,2019,7,19,15:12,$3.20,Chip Transaction,6.0514E+18,Rome,Italy,,5310,
1,2,2019,11,2,08:47,$69.68,Chip Transaction,-5.16204E+18,Little Neck,NY,11363,5541,
1877,1,2019,9,7,15:00,$13.10,Chip Transaction,-2.45178E+17,Rome,Italy,,5311,
1572,3,2019,3,8,12:21,$33.85,Chip Transaction,6.0514E+18,Rome,Italy,,5310,
0,3,2019,5,16,20:18,$72.72,Swipe Transaction,-1.60579E+18,La Verne,CA,91750,5812,
1419,3,2019,3,22,18:12,$211.50,Chip Transaction,4.57388E+18,Rome,Italy,,5045,"Bad PIN,"
0,3,2019,11,13,19:24,$139.05,Swipe Transaction,1.7153E+18,San Diego,CA,92154,3722,
0,1,2019,3,1,06:12,$45.17,Chip Transaction,5.81722E+18,La Verne,CA,91750,5912,
0,2,2019,11,29,21:27,$141.36,Chip Transaction,-6.40666E+18,San Antonio,TX,78261,3390,
854,3,2019,9,21,19:37,$4.22,Chip Transaction,-2.45178E+17,Rome,Italy,,5311,
2,0,2019,11,3,07:29,$7.56,Chip Transaction,-7.80474E+18,West Covina,CA,91792,5812,
1353,1,2019,1,8,16:48,$52.74,Chip Transaction,-3.39554E+18,Rome,Italy,,5311,
44,0,2019,6,23,10:10,$237.39,Swipe Transaction,-3.36283E+18,Rome,Italy,,7011,
1,3,2019,4,24,10:01,$58.46,Chip Transaction,9.70328E+16,Oakland Gardens,NY,11364,5411,
767,0,2019,7,9,13:07,$6.36,Chip Transaction,6.66197E+18,Rome,Italy,,5211,
50,2,2019,4,20,16:51,$8.58,Chip Transaction,-7.27612E+17,Rome,Italy,,5411,
509,1,2019,1,3,19:41,$183.00,Swipe Transaction,-1.12121E+17,Rome,Italy,,3509,
0,2,2019,10,29,06:33,$28.34,Chip Transaction,5.81722E+18,La Verne,CA,91750,5912,
0,2,2019,4,25,13:52,$7.31,Chip Transaction,2.02755E+18,Mira Loma,CA,91752,5541,
1236,2,2019,1,8,18:12,$3.07,Chip Transaction,-1.28808E+18,Rome,Italy,,5499,
866,0,2019,8,6,16:16,$38.29,Chip Transaction,-1.28808E+18,Rome,Italy,,5499,"Bad PIN,"
2,0,2019,7,3,15:18,$144.19,Chip Transaction,3.99132E+18,Staten Island,NY,10304,3405,
1539,2,2019,2,21,14:18,$8.33,Chip Transaction,-7.14667E+18,Rome,Italy,,5970,
866,0,2019,8,8,16:50,$14.86,Chip Transaction,-1.28808E+18,Rome,Italy,,5499,
0,1,2019,2,14,06:09,$124.28,Chip Transaction,5.81722E+18,La Verne,CA,91750,5912,
1,3,2019,3,26,15:32,$11.82,Chip Transaction,6.13521E+18,Little Neck,NY,11363,9402,
2,0,2019,1,31,14:46,$43.32,Chip Transaction,-5.90412E+18,Chula Vista,CA,91910,5719,
44,0,2019,6,22,15:13,$21.28,Swipe Transaction,-3.15872E+18,Rome,Italy,,5812,
0,3,2019,5,23,06:07,$138.26,Swipe Transaction,1.91348E+18,La Verne,CA,91750,5300,
0,2,2019,7,27,20:20,$45.57,Chip Transaction,-5.0235E+18,Mira Loma,CA,91752,5812,
1,1,2019,11,18,18:08,$122.48,Online Transaction,7.0356E+18, ONLINE,,,5311,
0,3,2019,7,25,13:47,$57.09,Swipe Transaction,3.18952E+18,La Verne,CA,91750,5311,
938,1,2019,1,25,16:02,$1.33,Chip Transaction,9.05774E+18,Rome,Italy,,5311,
0,3,2019,10,21,13:08,$-62.00,Swipe Transaction,-4.33423E+18,Highland Park,MI,48203,5541,
0,0,2020,1,24,06:08,$116.30,Chip Transaction,-2.45178E+17,La Verne,CA,91750,5311,
1551,2,2019,7,19,13:27,$0.32,Chip Transaction,6.99836E+18,Rome,Italy,,5411,
0,2,2019,1,19,06:44,$35.35,Chip Transaction,-5.47568E+18,Monterey Park,CA,91755,5942,
579,1,2019,3,22,11:27,$269.92,Chip Transaction,4.8349E+17,Rome,Italy,,3504,
1,2,2019,4,22,15:40,$2.96,Chip Transaction,-3.03858E+17,Oakland Gardens,NY,11364,5251,
2,0,2019,5,22,05:48,$44.85,Online Transaction,-6.45844E+18, ONLINE,,,4784,
0,1,2019,2,7,06:30,$36.86,Chip Transaction,4.06065E+18,La Verne,CA,91750,5411,
1298,2,2019,9,10,12:42,$27.42,Swipe Transaction,-3.94366E+18,Rome,Italy,,5712,
0,1,2019,9,19,14:11,$3.17,Chip Transaction,-7.27612E+17,Monterey Park,CA,91754,5411,
0,3,2019,3,24,06:45,$36.55,Swipe Transaction,5.81722E+18,La Verne,CA,91750,5912,
908,1,2019,10,12,13:43,$69.31,Chip Transaction,2.91975E+18,Rome,Italy,,5932,
2,0,2019,8,21,04:40,$42.12,Online Transaction,-6.45844E+18, ONLINE,,,4784,
182,0,2019,1,17,17:32,$256.00,Chip Transaction,-7.80705E+18,Rome,Italy,,3684,
1,1,2019,7,11,13:05,$17.43,Chip Transaction,4.31886E+18,Little Neck,NY,11363,5812,
1249,3,2019,6,27,17:35,$9.13,Chip Transaction,-7.80705E+18,Rome,Italy,,3684,
1101,6,2019,5,7,16:04,$22.35,Chip Transaction,-4.75206E+18,Rome,Italy,,4214,
0,2,2019,5,8,06:28,$122.23,Chip Transaction,3.52721E+18,La Verne,CA,91750,5300,"Insufficient Balance,"
0,3,2019,12,12,06:49,$41.89,Swipe Transaction,-7.27612E+17,Monterey Park,CA,91754,5411,
0,3,2019,10,2,06:17,$105.99,Swipe Transaction,1.91348E+18,La Verne,CA,91750,5300,
1993,1,2019,6,15,13:17,$82.78,Chip Transaction,7.48862E+18,Rome,Italy,,5651,
1234,3,2019,10,12,16:08,$7.26,Chip Transaction,3.18952E+18,Rome,Italy,,5311,"Bad PIN,"
1099,3,2019,6,18,13:51,$23.07,Chip Transaction,5.90183E+17,Rome,Italy,,5094,
1515,5,2019,4,12,11:56,$18.88,Chip Transaction,-1.6423E+18,Rome,Italy,,5912,
0,3,2019,9,5,13:01,$158.13,Swipe Transaction,7.94533E+18,La Verne,CA,91750,4900,
1,2,2019,2,25,08:08,$91.26,Chip Transaction,-5.16204E+18,Little Neck,NY,11363,5541,
1323,1,2019,2,26,10:42,$36.10,Chip Transaction,3.18952E+18,Rome,Italy,,5311,
829,3,2019,1,10,16:39,$98.54,Chip Transaction,-8.7334E+18,Rome,Italy,,5814,
0,3,2020,2,7,05:30,$136.21,Swipe Transaction,4.06065E+18,La Verne,CA,91750,5411,
632,2,2019,10,17,16:57,$91.15,Chip Transaction,4.57388E+18,Rome,Italy,,5045,
0,2,2019,3,2,10:07,$26.20,Chip Transaction,-8.68256E+16,La Verne,CA,91750,7230,
0,0,2019,1,13,00:26,$141.05,Chip Transaction,4.8349E+17,Oxford,MA,1540,3504,
1,2,2019,2,8,18:55,$57.10,Chip Transaction,4.31886E+18,Little Neck,NY,11363,5812,
0,1,2019,2,23,14:08,$2.00,Chip Transaction,2.02755E+18,Mira Loma,CA,91752,5541,
165,0,2019,5,14,18:38,$7.18,Chip Transaction,5.50735E+18,Rome,Italy,,4121,
299,0,2019,1,4,19:12,$164.80,Chip Transaction,-3.36283E+18,Rome,Italy,,7011,
204,1,2019,5,23,14:53,$3.66,Chip Transaction,-1.6423E+18,Rome,Italy,,5912,
0,2,2020,2,11,10:42,$25.54,Chip Transaction,-8.68256E+16,La Verne,CA,91750,7230,
1,1,2019,5,21,19:10,$82.90,Chip Transaction,-7.05207E+18,Little Neck,NY,11363,5814,
1617,2,2019,10,24,17:00,$12.48,Chip Transaction,-2.45178E+17,Rome,Italy,,5311,
0,1,2019,9,9,20:18,$71.57,Chip Transaction,-4.50054E+18,La Verne,CA,91750,5814,
1191,3,2019,3,15,17:35,$0.99,Chip Transaction,-3.39554E+18,Rome,Italy,,5311,
1,3,2019,1,2,11:08,$49.11,Chip Transaction,-8.40529E+18,Jackson Heights,NY,11372,5651,
2,0,2019,7,25,04:59,$43.25,Online Transaction,-6.45844E+18, ONLINE,,,4784,
0,2,2019,12,23,06:30,$192.91,Chip Transaction,5.81722E+18,La Verne,CA,91750,5912,
0,3,2019,2,2,16:48,$114.32,Swipe Transaction,6.13029E+18,La Verne,CA,91750,5651,
2,0,2019,4,9,08:32,$10.01,Swipe Transaction,2.02755E+18,West Covina,CA,91792,5541,
0,3,2019,7,18,06:01,$170.52,Swipe Transaction,4.06065E+18,La Verne,CA,91750,5411,
2,0,2019,12,25,09:51,$51.15,Online Transaction,-6.45844E+18, ONLINE,,,4784,
2,0,2019,7,20,06:53,$19.45,Chip Transaction,-5.47568E+18,Spring Valley,CA,91977,5942,
2,0,2019,5,18,10:57,$44.17,Chip Transaction,1.09657E+18,Niagara Falls,NY,14304,7349,
1163,5,2019,2,5,14:57,$2.79,Chip Transaction,5.50735E+18,Rome,Italy,,4121,
1455,1,2019,2,2,19:45,$2.09,Chip Transaction,-2.45178E+17,Rome,Italy,,5311,
0,0,2019,5,8,16:41,$37.69,Online Transaction,4.24134E+18, ONLINE,,,4814,
0,1,2020,1,2,20:20,$74.17,Chip Transaction,-1.09672E+18,San Antonio,TX,78258,5812,
0,3,2019,4,15,13:15,$51.16,Swipe Transaction,-1.28808E+18,La Verne,CA,91750,5499,
1364,2,2019,5,14,14:28,$115.48,Chip Transaction,-1.6423E+18,Rome,Italy,,5912,
1641,1,2019,6,1,17:50,$638.85,Chip Transaction,-3.39554E+18,Rome,Italy,,5311,
2,0,2019,11,30,16:01,$24.88,Online Transaction,6.45521E+18, ONLINE,,,5815,
0,2,2019,12,23,06:36,$35.90,Chip Transaction,-7.27612E+17,Monterey Park,CA,91754,5411,
44,0,2019,6,20,11:34,$8.78,Swipe Transaction,2.02755E+18,Rome,Italy,,5541,
1169,4,2019,8,23,18:50,$78.35,Chip Transaction,4.57388E+18,Rome,Italy,,5045,
0,3,2019,2,5,06:21,$143.40,Swipe Transaction,3.52721E+18,La Verne,CA,91750,5300,
1099,3,2019,6,18,13:54,$111.03,Chip Transaction,-2.45178E+17,Rome,Italy,,5311,
0,2,2019,9,10,21:25,$16.27,Swipe Transaction,-6.73317E+18,Mira Loma,CA,91752,7832,
1,2,2019,10,18,13:21,$0.53,Chip Transaction,-5.47568E+18,Rego Park,NY,11374,5942,
1378,0,2019,3,9,17:11,$12.00,Chip Transaction,6.0514E+18,Rome,Italy,,5310,
2,0,2019,5,22,15:48,$40.00,Chip Transaction,-4.28247E+18,Chula Vista,CA,91910,4829,
2,0,2019,7,26,23:11,$2.01,Chip Transaction,6.6665E+18,West Covina,CA,91792,5499,
1103,1,2019,3,23,11:23,$59.43,Chip Transaction,6.99836E+18,Rome,Italy,,5411,
1109,0,2019,2,22,14:05,$12.65,Chip Transaction,-7.80705E+18,Rome,Italy,,3684,
1993,1,2019,6,1,13:50,$42.91,Chip Transaction,7.48862E+18,Rome,Italy,,5651,
0,3,2019,4,16,13:52,$89.06,Online Transaction,7.0356E+18, ONLINE,,,5311,
1425,7,2019,7,20,15:16,$26.93,Chip Transaction,5.90183E+17,Rome,Italy,,5094,
0,3,2019,9,2,06:00,$140.00,Swipe Transaction,-4.28247E+18,Mira Loma,CA,91752,4829,
0,1,2019,9,15,06:06,$54.91,Chip Transaction,-3.45515E+16,La Verne,CA,91750,5912,
1977,0,2019,10,25,12:33,$0.98,Chip Transaction,-2.45178E+17,Rome,Italy,,5311,
1234,3,2019,10,18,18:01,$131.44,Chip Transaction,6.0514E+18,Rome,Italy,,5310,
0,1,2019,3,13,18:22,$8.05,Online Transaction,-5.21142E+17, ONLINE,,,5815,
1320,5,2019,8,2,16:50,$0.39,Chip Transaction,6.99836E+18,Rome,Italy,,5411,
0,0,2019,3,2,09:21,$29.37,Chip Transaction,4.05526E+18,La Verne,CA,91750,7538,
1260,2,2019,6,22,18:29,$7.88,Chip Transaction,6.0514E+18,Rome,Italy,,5310,
2,0,2019,10,13,09:31,$51.61,Online Transaction,-6.45844E+18, ONLINE,,,4784,
1062,6,2019,8,2,12:48,$187.00,Chip Transaction,-2.45178E+17,Rome,Italy,,5311,
1260,2,2019,6,22,13:49,$4.76,Chip Transaction,4.57388E+18,Rome,Italy,,5045,
1,2,2019,9,8,18:56,$71.89,Chip Transaction,-7.05207E+18,Little Neck,NY,11363,5814,
0,2,2019,7,24,13:14,$154.24,Chip Transaction,7.94533E+18,La Verne,CA,91750,4900,
1223,2,2019,10,17,11:14,$790.32,Chip Transaction,-8.80451E+18,Rome,Italy,,5712,
0,2,2019,5,31,13:11,$97.00,Chip Transaction,-1.28808E+18,La Verne,CA,91750,5499,
1917,0,2019,3,30,18:27,$14.06,Chip Transaction,4.11333E+18,Rome,Italy,,5814,
0,1,2019,7,4,13:16,$10.89,Chip Transaction,-4.50054E+18,La Verne,CA,91750,5814,
50,2,2019,4,26,17:50,$14.24,Chip Transaction,6.66197E+18,Rome,Italy,,5211,
414,3,2019,10,8,12:03,$326.26,Chip Transaction,-8.83014E+18,Rome,Italy,,5211,
1,2,2019,8,4,15:10,$1115.09,Chip Transaction,-5.05398E+18,Hauppauge,NY,11788,8062,
583,2,2019,4,25,14:56,$52.19,Chip Transaction,6.99836E+18,Rome,Italy,,5411,
0,1,2019,12,11,13:01,$67.00,Chip Transaction,-1.28808E+18,La Verne,CA,91750,5499,
1,3,2019,11,4,19:42,$27.34,Chip Transaction,2.88124E+18,Little Neck,NY,11363,7832,
1571,4,2019,4,5,19:06,$27.71,Chip Transaction,6.0514E+18,Rome,Italy,,5310,
829,3,2019,1,12,16:33,$10.57,Chip Transaction,-2.45178E+17,Rome,Italy,,5311,
2,0,2019,9,15,09:50,$46.51,Online Transaction,-6.45844E+18, ONLINE,,,4784,
0,3,2019,8,31,16:29,$29.88,Online Transaction,4.24134E+18, ONLINE,,,4814,
1933,2,2019,8,9,16:51,$109.98,Swipe Transaction,-8.40529E+18,Rome,Italy,,5651,
0,3,2019,10,8,06:08,$133.87,Swipe Transaction,-7.27612E+17,Monterey Park,CA,91754,5411,
230,1,2019,1,22,19:30,$0.47,Chip Transaction,1.90253E+17,Rome,Italy,,3359,
1,1,2019,11,6,18:06,$31.17,Chip Transaction,2.88124E+18,Little Neck,NY,11363,7832,
643,0,2019,4,9,16:52,$13.74,Chip Transaction,3.41453E+18,Rome,Italy,,5651,
1,4,2020,2,11,13:03,$15.10,Chip Transaction,-7.05207E+18,Little Neck,NY,11363,5814,
0,3,2019,3,19,06:07,$106.31,Swipe Transaction,1.91348E+18,La Verne,CA,91750,5300,
1,2,2019,1,26,14:55,$102.11,Chip Transaction,-3.03858E+17,Oakland Gardens,NY,11364,5251,
1201,3,2019,5,28,10:21,$-219.00,Swipe Transaction,-7.80705E+18,Rome,Italy,,3684,
2,0,2019,3,8,09:56,$48.78,Online Transaction,-6.45844E+18, ONLINE,,,4784,
1,1,2019,9,19,08:18,$98.54,Chip Transaction,-5.16204E+18,Little Neck,NY,11363,5541,"Insufficient Balance,"
0,3,2019,6,9,06:10,$82.41,Swipe Transaction,5.81722E+18,La Verne,CA,91750,5912,
1546,2,2019,3,28,19:49,$7.01,Chip Transaction,5.50735E+18,Rome,Italy,,4121,
0,2,2019,4,3,19:09,$193.48,Chip Transaction,4.55289E+18,Oakland,CA,94606,3596,
0,0,2019,10,20,07:02,$44.70,Chip Transaction,-5.47568E+18,Detroit,MI,48224,5942,
1,2,2019,2,25,08:25,$61.00,Chip Transaction,-5.16204E+18,Little Neck,NY,11363,5541,
0,1,2019,11,16,13:57,$11.25,Chip Transaction,4.06065E+18,La Verne,CA,91750,5411,
1167,5,2019,3,5,12:00,$0.46,Chip Transaction,3.63912E+18,Rome,Italy,,5814,
1571,4,2019,4,5,14:45,$6.65,Chip Transaction,6.0514E+18,Rome,Italy,,5310,
1571,4,2019,3,30,13:51,$77.71,Chip Transaction,9.05774E+18,Rome,Italy,,5311,
165,0,2019,4,26,17:19,$146.00,Chip Transaction,-1.12121E+17,Rome,Italy,,3509,
1,1,2019,2,14,13:54,$115.09,Chip Transaction,-6.73834E+18,Corona,NY,11368,7538,
0,2,2019,6,3,13:01,$76.91,Chip Transaction,2.02755E+18,Mira Loma,CA,91752,5541,
1237,0,2019,10,24,11:06,$384.00,Chip Transaction,4.8349E+17,Rome,Italy,,3504,
1978,0,2019,4,11,10:53,$27.61,Chip Transaction,-3.39554E+18,Rome,Italy,,5311,
1780,1,2019,3,8,19:51,$80.00,Swipe Transaction,2.02755E+18,Rome,Italy,,5541,
0,1,2019,4,3,13:02,$-58.00,Chip Transaction,1.79919E+18,San Ysidro,CA,92173,5499,
156,0,2019,10,10,14:48,$6.09,Chip Transaction,6.0514E+18,Rome,Italy,,5310,
1163,5,2019,2,5,15:21,$60.00,Chip Transaction,7.06958E+18,Rome,Italy,,5812,
1003,5,2019,10,3,13:19,$138.88,Chip Transaction,-7.80705E+18,Rome,Italy,,3684,
2,0,2019,11,23,14:31,$51.69,Online Transaction,-6.45844E+18, ONLINE,,,4784,
748,1,2019,4,5,11:57,$367.48,Chip Transaction,-3.36283E+18,Rome,Italy,,7011,
414,3,2019,10,24,16:13,$432.00,Chip Transaction,1.7153E+18,Rome,Italy,,3722,
620,1,2019,8,3,12:57,$16.93,Chip Transaction,-1.12121E+17,Rome,Italy,,3509,
2,0,2019,7,28,23:59,$1.53,Chip Transaction,6.6665E+18,West Covina,CA,91792,5499,
938,1,2019,1,26,19:58,$26.20,Chip Transaction,-8.40529E+18,Rome,Italy,,5651,
745,1,2019,10,8,18:49,$55.00,Swipe Transaction,2.02755E+18,Rome,Italy,,5541,
2,0,2019,7,22,06:38,$11.98,Chip Transaction,-5.47568E+18,Spring Valley,CA,91977,5942,
2,0,2020,2,7,07:31,$8.12,Chip Transaction,4.72291E+18,Alhambra,CA,91801,5411,
2,0,2019,11,17,06:57,$10.11,Chip Transaction,-4.89106E+18,West Covina,CA,91792,5411,
0,1,2019,9,15,06:20,$135.14,Chip Transaction,3.52721E+18,La Verne,CA,91750,5300,
0,3,2019,3,28,12:46,$159.40,Online Transaction,-9.09268E+18, ONLINE,,,4900,
1,3,2019,8,23,09:35,$87.40,Chip Transaction,1.10189E+18,Little Neck,NY,11363,5310,
0,1,2019,8,21,06:05,$136.66,Chip Transaction,-7.27612E+17,Monterey Park,CA,91754,5411,
2,0,2019,9,6,14:53,$47.06,Online Transaction,-6.45844E+18, ONLINE,,,4784,
190,1,2019,2,21,13:37,$414.00,Chip Transaction,-1.12121E+17,Rome,Italy,,3509,
2,0,2020,1,22,13:32,$10.63,Chip Transaction,-6.76107E+18,Alhambra,CA,91801,5310,
829,3,2019,1,15,16:26,$97.15,Chip Transaction,-8.83014E+18,Rome,Italy,,5211,
1366,1,2019,6,4,19:47,$0.10,Chip Transaction,7.48862E+18,Rome,Italy,,5651,
182,0,2019,1,8,12:24,$37.21,Chip Transaction,6.0514E+18,Rome,Italy,,5310,
1776,2,2019,1,29,17:15,$125.98,Chip Transaction,-3.39554E+18,Rome,Italy,,5311,
1206,0,2019,9,16,15:11,$-336.00,Chip Transaction,4.8349E+17,Rome,Italy,,3504,
0,3,2019,9,13,06:33,$39.19,Swipe Transaction,4.06065E+18,La Verne,CA,91750,5411,
1109,0,2019,2,22,11:03,$18.73,Chip Transaction,4.11333E+18,Rome,Italy,,5814,
2,0,2019,6,23,23:08,$1.63,Chip Transaction,6.6665E+18,West Covina,CA,91792,5499,
913,0,2019,2,12,16:13,$13.20,Chip Transaction,5.90183E+17,Rome,Italy,,5094,
0,3,2020,2,22,07:22,$130.56,Swipe Transaction,2.02755E+18,Mira Loma,CA,91752,5541,
0,0,2019,8,31,20:08,$46.93,Online Transaction,-4.24141E+18, ONLINE,,,7349,
1607,4,2019,10,8,12:27,$23.46,Chip Transaction,3.18952E+18,Rome,Italy,,5311,
2,0,2019,8,13,23:30,$1.90,Chip Transaction,6.6665E+18,West Covina,CA,91792,5499,
0,2,2019,1,25,17:35,$5.69,Online Transaction,-2.04205E+18, ONLINE,,,5815,
1620,3,2019,9,3,12:21,$5.99,Chip Transaction,-2.45178E+17,Rome,Italy,,5311,
1978,0,2019,4,19,11:57,$36.50,Chip Transaction,3.63912E+18,Rome,Italy,,5814,
2,0,2019,9,2,17:24,$45.83,Chip Transaction,-4.16511E+18,West Covina,CA,91792,7538,
0,0,2019,12,1,16:38,$13.45,Chip Transaction,1.87845E+18,La Verne,CA,91750,5310,
1,1,2019,5,23,13:30,$55.58,Chip Transaction,6.99836E+18,Rome,Italy,,5411,
1885,1,2019,8,8,13:06,$0.06,Chip Transaction,6.6665E+18,Rome,Italy,,5499,
1808,0,2019,8,13,18:19,$55.11,Chip Transaction,-8.31922E+18,Rome,Italy,,5661,
0,3,2019,11,3,06:39,$46.07,Swipe Transaction,4.06065E+18,La Verne,CA,91750,5411,
0,3,2019,12,9,05:40,$35.58,Swipe Transaction,5.81722E+18,La Verne,CA,91750,5912,
1,2,2020,1,9,21:17,$-239.00,Chip Transaction,-1.12121E+17,Beijing,China,,3509,
2,0,2019,8,8,09:41,$35.41,Online Transaction,-6.45844E+18, ONLINE,,,4784,
2,0,2019,10,4,09:37,$54.27,Online Transaction,-6.45844E+18, ONLINE,,,4784,
1,1,2019,4,28,18:38,$64.98,Chip Transaction,-6.03533E+18,Titus,AL,36080,5812,
1353,1,2019,1,26,16:33,$47.86,Chip Transaction,6.99836E+18,Rome,Italy,,5411,
2,0,2019,4,15,07:53,$8.19,Chip Transaction,-7.80474E+18,West Covina,CA,91792,5812,
1564,2,2019,1,3,19:28,$153.53,Chip Transaction,-7.80705E+18,Rome,Italy,,3684,
2,0,2019,3,4,15:17,$40.00,Chip Transaction,-4.28247E+18,Chula Vista,CA,91910,4829,
1,4,2019,6,6,15:10,$15.84,Chip Transaction,6.09856E+18,Elmhurst,NY,11373,4214,
1996,3,2019,7,1,11:13,$-362.00,Chip Transaction,1.90253E+17,Rome,Italy,,3359,
0,0,2019,11,24,20:26,$57.25,Swipe Transaction,-1.60579E+18,La Verne,CA,91750,5812,
1,1,2019,12,20,06:54,$119.03,Chip Transaction,-8.40529E+18,Jackson Heights,NY,11372,5651,
1242,4,2019,8,22,19:43,$0.82,Chip Transaction,-3.39554E+18,Rome,Italy,,5311,
0,3,2019,4,12,12:12,$-56.00,Swipe Transaction,2.02755E+18,Mira Loma,CA,91752,5541,
1515,5,2019,4,9,10:52,$178.77,Chip Transaction,-2.45178E+17,Rome,Italy,,5311,
1,3,2019,8,7,06:57,$63.45,Chip Transaction,6.69846E+18,Fresh Meadows,NY,11366,4814,
1576,3,2019,6,1,16:39,$6.38,Chip Transaction,6.66197E+18,Rome,Italy,,5211,
2,0,2019,2,25,10:39,$12.47,Chip Transaction,-4.89106E+18,West Covina,CA,91792,5411,
1405,1,2019,5,17,19:04,$150.41,Chip Transaction,4.57388E+18,Rome,Italy,,5045,
0,3,2019,12,25,06:32,$38.98,Swipe Transaction,-7.27612E+17,Monterey Park,CA,91754,5411,
2,0,2019,3,9,09:30,$41.31,Online Transaction,-6.45844E+18, ONLINE,,,4784,
0,3,2019,3,18,07:15,$125.07,Online Transaction,-7.42109E+18, ONLINE,,,5311,
126,0,2019,8,16,18:36,$121.98,Chip Transaction,3.41453E+18,Rome,Italy,,5651,
0,2,2019,6,6,06:36,$39.11,Chip Transaction,4.06065E+18,La Verne,CA,91750,5411,
1776,0,2019,9,6,17:23,$14.14,Chip Transaction,-7.27612E+17,Rome,Italy,,5411,
1,2,2019,10,24,15:06,$249.99,Chip Transaction,1.10189E+18,Little Neck,NY,11363,5310,
1,2,2019,4,7,13:40,$68.37,Chip Transaction,6.12657E+18,Little Neck,NY,11363,7538,
2,0,2019,1,13,23:31,$2.07,Chip Transaction,6.6665E+18,West Covina,CA,91792,5499,
2,0,2019,3,18,04:06,$42.77,Online Transaction,-6.45844E+18, ONLINE,,,4784,
2,0,2019,11,18,04:30,$38.05,Online Transaction,-6.45844E+18, ONLINE,,,4784,
1,3,2019,7,20,13:50,$69.52,Chip Transaction,-3.49962E+18,Little Neck,NY,11363,7538,
0,3,2019,5,2,06:57,$31.32,Swipe Transaction,4.06065E+18,La Verne,CA,91750,5411,
0,2,2019,9,19,06:24,$106.84,Chip Transaction,4.06065E+18,La Verne,CA,91750,5411,"Insufficient Balance,"
908,1,2019,10,1,14:19,$14.96,Chip Transaction,-1.12121E+17,Rome,Italy,,3509,
1,4,2019,11,6,13:17,$0.85,Chip Transaction,1.76341E+18,Little Neck,NY,11363,5912,
0,0,2019,10,4,13:23,$10.17,Chip Transaction,-5.0235E+18,Mira Loma,CA,91752,5812,
193,2,2019,7,12,14:11,$0.40,Chip Transaction,-2.45178E+17,Rome,Italy,,5311,
2,0,2020,1,24,23:30,$0.91,Chip Transaction,6.6665E+18,West Covina,CA,91792,5499,
1551,2,2019,8,9,14:10,$57.20,Chip Transaction,-7.5187E+18,Rome,Italy,,5813,
0,2,2019,8,15,06:36,$41.26,Chip Transaction,5.81722E+18,La Verne,CA,91750,5912,
1047,2,2019,1,24,16:56,$0.06,Chip Transaction,-2.45178E+17,Rome,Italy,,5311,
1,1,2019,5,1,23:48,$136.00,Chip Transaction,5.23774E+18,Las Vegas,NV,89148,3775,
0,2,2019,4,27,13:01,$66.00,Chip Transaction,2.02755E+18,Mira Loma,CA,91752,5541,
1487,0,2019,8,16,11:54,$6.17,Chip Transaction,2.02755E+18,Rome,Italy,,5541,
1579,2,2019,1,31,16:32,$12.25,Chip Transaction,1.79919E+18,Rome,Italy,,5499,
1212,5,2019,3,9,12:30,$98.99,Swipe Transaction,-3.39554E+18,Rome,Italy,,5311,
2,0,2019,4,1,15:05,$202.63,Online Transaction,-9.09268E+18, ONLINE,,,4900,
2,0,2019,9,18,23:46,$1.74,Chip Transaction,6.6665E+18,West Covina,CA,91792,5499,
2,0,2019,6,4,09:37,$105.17,Chip Transaction,-4.5855E+18,West Covina,CA,91792,4900,
1320,5,2019,8,6,15:29,$1.41,Chip Transaction,6.99836E+18,Rome,Italy,,5411,
1,3,2019,6,24,10:10,$96.88,Chip Transaction,4.93736E+18,Little Neck,NY,11363,5300,
0,2,2019,10,7,16:00,$139.01,Online Transaction,-7.42109E+18, ONLINE,,,5311,
47,1,2019,1,8,11:29,$246.68,Chip Transaction,-1.12121E+17,Rome,Italy,,3509,
0,2,2019,10,5,13:30,$72.46,Chip Transaction,-8.12952E+18,La Verne,CA,91750,5211,
556,0,2019,8,10,13:30,$176.13,Chip Transaction,-3.15872E+18,Rome,Italy,,5812,
44,0,2019,6,23,10:18,$-273.00,Swipe Transaction,-3.36283E+18,Rome,Italy,,7011,
1223,2,2019,10,15,15:43,$118.59,Chip Transaction,1.90253E+17,Rome,Italy,,3359,
126,0,2019,8,22,14:41,$500.34,Chip Transaction,5.64529E+18,Rome,Italy,,3075,
736,0,2019,10,22,18:54,$146.34,Chip Transaction,-2.45178E+17,Rome,Italy,,5311,
2,0,2020,1,7,23:38,$1.19,Chip Transaction,6.6665E+18,West Covina,CA,91792,5499,
0,3,2019,5,13,06:50,$38.67,Swipe Transaction,5.81722E+18,La Verne,CA,91750,5912,
0,2,2019,4,26,13:29,$164.37,Chip Transaction,7.94533E+18,La Verne,CA,91750,4900,
729,6,2019,10,24,19:34,$64.17,Chip Transaction,-1.6423E+18,Rome,Italy,,5912,
1129,0,2019,5,11,13:18,$92.56,Chip Transaction,9.05774E+18,Rome,Italy,,5311,
2,0,2019,1,29,09:52,$48.88,Online Transaction,-6.45844E+18, ONLINE,,,4784,
1,3,2019,8,29,13:53,$85.73,Chip Transaction,6.12657E+18,Little Neck,NY,11363,7538,
1,2,2019,4,10,20:41,$291.00,Chip Transaction,2.96765E+18,Hayward,WI,54843,7011,
556,0,2019,7,23,14:31,$56.02,Chip Transaction,9.05774E+18,Rome,Italy,,5311,
1781,1,2019,4,30,10:31,$72.00,Chip Transaction,-7.27612E+17,Rome,Italy,,5411,
1425,7,2019,7,12,10:37,$19.48,Chip Transaction,5.90183E+17,Rome,Italy,,5094,
605,5,2019,3,7,16:58,$8.24,Chip Transaction,-3.39554E+18,Rome,Italy,,5311,
1551,2,2019,8,8,14:54,$6.00,Chip Transaction,9.05774E+18,Rome,Italy,,5311,
1983,4,2019,8,10,13:41,$22.47,Chip Transaction,-1.28808E+18,Rome,Italy,,5499,
0,3,2019,3,15,06:16,$117.24,Swipe Transaction,-7.27612E+17,Monterey Park,CA,91754,5411,"Insufficient Balance,"
0,2,2019,7,14,11:37,$1.61,Chip Transaction,6.6665E+18,La Verne,CA,91750,5499,
854,3,2019,10,12,14:38,$18.96,Chip Transaction,6.0514E+18,Rome,Italy,,5310,
1,1,2020,2,4,08:10,$63.00,Chip Transaction,1.79919E+18,Little Neck,NY,11363,5499,
1298,2,2019,9,3,19:28,$72.93,Swipe Transaction,2.91975E+18,Rome,Italy,,5932,
605,5,2019,2,23,11:55,$1.51,Chip Transaction,-1.12121E+17,Rome,Italy,,3509,
341,2,2019,5,3,11:16,$3.18,Chip Transaction,-7.5187E+18,Rome,Italy,,5813,
0,3,2019,8,19,06:48,$38.01,Swipe Transaction,-3.45515E+16,La Verne,CA,91750,5912,
1,2,2020,1,4,07:04,$500.00,Chip Transaction,-1.00748E+18,Anchorage,AK,99504,3780,
1781,1,2019,4,23,13:27,$1.26,Chip Transaction,6.0514E+18,Rome,Italy,,5310,
0,3,2020,1,15,06:44,$154.24,Online Transaction,-7.42109E+18, ONLINE,,,5311,
1298,2,2019,9,5,17:10,$14.51,Swipe Transaction,6.66197E+18,Rome,Italy,,5211,
1776,0,2019,9,3,13:15,$26.08,Chip Transaction,-3.15872E+18,Rome,Italy,,5812,
1366,1,2019,6,4,18:17,$70.07,Chip Transaction,7.48862E+18,Rome,Italy,,5651,
1163,5,2019,1,19,16:20,$83.13,Chip Transaction,9.05774E+18,Rome,Italy,,5311,
1450,0,2019,10,11,19:56,$69.00,Chip Transaction,-5.16204E+18,Rome,Italy,,5541,
1607,4,2019,10,8,14:03,$50.00,Chip Transaction,2.02755E+18,Rome,Italy,,5541,
0,3,2020,2,10,06:10,$129.81,Swipe Transaction,-3.45515E+16,La Verne,CA,91750,5912,
0,1,2020,2,22,11:54,$1.52,Chip Transaction,6.6665E+18,La Verne,CA,91750,5499,
1101,6,2019,4,25,14:24,$2.71,Chip Transaction,-3.39554E+18,Rome,Italy,,5311,
1,2,2019,4,26,07:48,$466.00,Chip Transaction,-1.90813E+18,Lincoln Park,MI,48146,3771,
943,1,2019,6,6,13:48,$-209.00,Swipe Transaction,1.90253E+17,Rome,Italy,,3359,
1316,2,2019,2,22,15:18,$887.35,Chip Transaction,-8.80451E+18,Rome,Italy,,5712,
2,0,2019,8,21,10:03,$28.95,Online Transaction,-6.45844E+18, ONLINE,,,4784,
901,0,2019,5,7,14:24,$127.62,Swipe Transaction,3.18952E+18,Rome,Italy,,5311,
1,1,2019,2,10,04:35,$139.49,Chip Transaction,-6.09472E+18,Little Neck,NY,11363,4900,
0,3,2019,1,10,16:49,$25.51,Online Transaction,4.24134E+18, ONLINE,,,4814,
643,0,2019,4,5,10:37,$2.64,Chip Transaction,-7.5187E+18,Rome,Italy,,5813,
2,0,2019,5,14,07:55,$3.83,Chip Transaction,3.39745E+18,Niagara Falls,NY,14304,5541,
0,3,2019,4,8,13:19,$8.72,Swipe Transaction,-4.50054E+18,La Verne,CA,91750,5814,
0,3,2019,10,13,20:03,$79.77,Swipe Transaction,-1.60579E+18,La Verne,CA,91750,5812,
0,3,2019,7,7,09:45,$56.84,Swipe Transaction,3.95215E+18,La Verne,CA,91750,7538,
0,3,2020,2,23,06:31,$39.27,Swipe Transaction,5.81722E+18,La Verne,CA,91750,5912,
1450,0,2019,10,11,19:45,$8.51,Chip Transaction,-7.14667E+18,Rome,Italy,,5970,
0,3,2019,9,9,17:40,$7.91,Online Transaction,-5.21142E+17, ONLINE,,,5815,
0,3,2019,10,6,21:38,$26.22,Swipe Transaction,-6.73317E+18,Mira Loma,CA,91752,7832,
1018,0,2019,7,6,16:12,$9.33,Chip Transaction,2.02755E+18,Rome,Italy,,5541,
680,1,2019,7,23,14:02,$14.49,Chip Transaction,9.05774E+18,Rome,Italy,,5311,
940,2,2019,10,15,11:06,$10.33,Chip Transaction,5.50735E+18,Rome,Italy,,4121,
0,0,2019,4,28,13:57,$65.85,Chip Transaction,1.87845E+18,La Verne,CA,91750,5310,
1,4,2019,3,3,14:01,$15.46,Chip Transaction,6.09856E+18,Elmhurst,NY,11373,4214,
2,0,2019,7,27,09:45,$116.40,Chip Transaction,-1.36149E+18,Rosemead,CA,91772,4111,
1958,0,2019,7,30,16:56,$5.06,Chip Transaction,-8.40529E+18,Rome,Italy,,5651,
0,3,2019,8,25,13:18,$74.00,Swipe Transaction,2.02755E+18,Mira Loma,CA,91752,5541,
2,1,2019,1,8,15:24,$37.02,Online Transaction,-6.45844E+18, ONLINE,,,4784,
176,2,2019,10,3,10:34,$5.87,Chip Transaction,-7.5187E+18,Rome,Italy,,5813,
0,3,2019,5,25,19:29,$456.70,Swipe Transaction,-8.11651E+17,La Verne,CA,91750,6300,
0,3,2019,8,26,06:08,$159.04,Online Transaction,7.0356E+18, ONLINE,,,5311,
0,0,2019,11,10,16:37,$44.08,Online Transaction,4.24134E+18, ONLINE,,,4814,
2,0,2019,8,31,14:57,$48.70,Online Transaction,-6.45844E+18, ONLINE,,,4784,
2,0,2019,2,26,04:37,$56.84,Online Transaction,-6.45844E+18, ONLINE,,,4784,
1895,0,2019,2,5,14:17,$10.80,Chip Transaction,2.91975E+18,Rome,Italy,,5932,
2,0,2019,1,26,09:55,$56.41,Online Transaction,-6.45844E+18, ONLINE,,,4784,
2,0,2019,9,27,10:25,$12.38,Chip Transaction,8.7556E+17,West Covina,CA,91792,5921,
1006,1,2019,2,14,16:06,$73.37,Chip Transaction,-6.16179E+18,Rome,Italy,,3389,
632,2,2019,10,17,19:57,$3.10,Chip Transaction,9.05774E+18,Rome,Italy,,5311,
0,0,2020,2,10,06:52,$39.39,Chip Transaction,-7.27612E+17,Monterey Park,CA,91754,5411,
764,1,2019,1,8,19:43,$58.37,Chip Transaction,-7.27612E+17,Rome,Italy,,5411,
1,4,2019,1,9,10:55,$9.58,Swipe Transaction,-6.73026E+18,Little Neck,NY,11363,7210,
1477,2,2019,3,23,18:33,$158.70,Chip Transaction,-2.45178E+17,Rome,Italy,,5311,
1551,2,2019,8,2,16:41,$64.19,Chip Transaction,-2.45178E+17,Rome,Italy,,5311,
1,1,2019,4,5,13:55,$94.27,Chip Transaction,-3.49962E+18,Little Neck,NY,11363,7538,
0,2,2020,1,30,06:51,$32.00,Chip Transaction,-5.47568E+18,Monterey Park,CA,91755,5942,
0,3,2019,9,26,17:47,$26.43,Swipe Transaction,8.38425E+17,Mira Loma,CA,91752,4814,
914,4,2019,1,25,12:58,$-77.00,Chip Transaction,-5.16204E+18,Rome,Italy,,5541,
1249,3,2019,6,29,10:41,$500.00,Chip Transaction,-1.12121E+17,Rome,Italy,,3509,
1,2,2020,1,6,17:48,$199.88,Chip Transaction,-1.00748E+18,Anchorage,AK,99504,3780,
2,0,2020,2,24,23:58,$1.74,Chip Transaction,6.6665E+18,West Covina,CA,91792,5499,
0,3,2019,8,1,06:25,$140.25,Swipe Transaction,-3.45515E+16,La Verne,CA,91750,5912,
1174,1,2019,6,4,17:13,$34.12,Chip Transaction,-6.16179E+18,Rome,Italy,,3389,
0,1,2019,5,14,06:24,$153.50,Chip Transaction,4.06065E+18,La Verne,CA,91750,5411,
1,1,2019,4,20,10:08,$29.68,Chip Transaction,9.70328E+16,Oakland Gardens,NY,11364,5411,
0,3,2019,7,31,06:30,$162.83,Swipe Transaction,5.81722E+18,La Verne,CA,91750,5912,
2,0,2019,4,19,09:45,$48.23,Online Transaction,-6.45844E+18, ONLINE,,,4784,
1166,0,2019,6,18,17:50,$26.96,Chip Transaction,6.09856E+18,Rome,Italy,,4214,
1,2,2019,10,30,13:54,$97.23,Chip Transaction,-3.49962E+18,Little Neck,NY,11363,7538,
2,0,2019,10,6,09:57,$90.25,Chip Transaction,-1.36149E+18,Rosemead,CA,91772,4111,
1366,1,2019,5,28,14:19,$0.16,Chip Transaction,1.79919E+18,Rome,Italy,,5499,
410,1,2019,9,21,19:35,$111.73,Chip Transaction,9.05774E+18,Rome,Italy,,5311,
478,0,2019,10,25,18:53,$210.00,Chip Transaction,-1.12121E+17,Rome,Italy,,3509,
1,1,2019,9,10,06:55,$137.57,Chip Transaction,-2.91654E+18,Boerne,TX,78015,5719,
1,3,2020,2,18,06:32,$14.49,Chip Transaction,1.79919E+18,Little Neck,NY,11363,5499,
0,1,2020,1,4,20:15,$50.54,Chip Transaction,-1.09672E+18,San Antonio,TX,78258,5812,
1579,2,2019,1,29,18:34,$0.07,Chip Transaction,-7.14667E+18,Rome,Italy,,5970,
2,0,2019,6,29,14:49,$45.04,Online Transaction,-6.45844E+18, ONLINE,,,4784,
1983,4,2019,8,13,12:26,$3.43,Chip Transaction,-5.16204E+18,Rome,Italy,,5541,
1049,1,2019,9,17,18:21,$12.63,Chip Transaction,-3.39554E+18,Rome,Italy,,5311,
0,1,2019,8,3,09:56,$158.44,Chip Transaction,7.94533E+18,La Verne,CA,91750,4900,
0,3,2019,10,7,06:25,$35.57,Swipe Transaction,-5.47568E+18,Monterey Park,CA,91755,5942,
866,0,2019,8,9,15:40,$593.46,Chip Transaction,-8.80451E+18,Rome,Italy,,5712,
2,0,2019,4,16,07:55,$10.52,Swipe Transaction,2.02755E+18,West Covina,CA,91792,5541,
1,3,2019,2,20,13:29,$12.91,Chip Transaction,-5.16204E+18,Little Neck,NY,11363,5541,
0,3,2019,8,11,06:26,$160.00,Swipe Transaction,-4.28247E+18,Mira Loma,CA,91752,4829,
0,0,2019,2,14,20:19,$65.16,Chip Transaction,-5.0235E+18,Mira Loma,CA,91752,5812,
2,0,2019,2,18,09:45,$44.76,Online Transaction,-6.45844E+18, ONLINE,,,4784,
1,2,2019,4,29,00:01,$-466.00,Swipe Transaction,-1.90813E+18,Lincoln Park,MI,48146,3771,
2,0,2019,8,3,06:33,$12.33,Chip Transaction,4.72291E+18,Alhambra,CA,91801,5411,
230,1,2019,1,18,16:49,$78.48,Chip Transaction,9.05774E+18,Rome,Italy,,5311,
2,0,2019,12,10,14:59,$46.18,Online Transaction,-6.45844E+18, ONLINE,,,4784,
1003,5,2019,10,8,14:15,$17.15,Chip Transaction,6.99836E+18,Rome,Italy,,5411,
0,1,2020,1,26,13:47,$6.69,Chip Transaction,4.06065E+18,La Verne,CA,91750,5411,
0,3,2019,8,17,13:16,$88.00,Swipe Transaction,-1.28808E+18,La Verne,CA,91750,5499,
0,0,2019,6,5,06:10,$31.49,Chip Transaction,-3.45515E+16,La Verne,CA,91750,5912,
1076,0,2019,2,16,13:13,$8.19,Chip Transaction,-7.14667E+18,Rome,Italy,,5970,
2,0,2019,9,10,07:59,$6.77,Swipe Transaction,2.02755E+18,West Covina,CA,91792,5541,
0,1,2019,3,26,06:01,$135.03,Chip Transaction,-7.27612E+17,Monterey Park,CA,91754,5411,
0,1,2020,1,29,11:57,$31.69,Chip Transaction,-8.12952E+18,La Verne,CA,91750,5211,
0,0,2020,1,10,06:02,$119.45,Chip Transaction,5.81722E+18,La Verne,CA,91750,5912,
913,1,2019,4,26,11:56,$20.87,Swipe Transaction,6.0514E+18,Rome,Italy,,5310,
1,1,2019,2,4,22:08,$425.00,Chip Transaction,7.83406E+18,San Antonio,TX,78260,3395,
0,0,2020,2,27,12:41,$10.58,Chip Transaction,5.2051E+18,New York,NY,10128,5812,
517,3,2019,4,23,14:54,$55.18,Chip Transaction,-3.39554E+18,Rome,Italy,,5311,
0,2,2019,6,28,06:39,$36.39,Chip Transaction,-5.47568E+18,Monterey Park,CA,91755,5942,
1487,0,2019,8,13,18:22,$185.23,Chip Transaction,-8.83014E+18,Rome,Italy,,5211,
1002,1,2019,6,29,16:01,$24.50,Chip Transaction,6.99836E+18,Rome,Italy,,5411,
0,2,2019,11,18,06:13,$121.65,Chip Transaction,4.06065E+18,La Verne,CA,91750,5411,"Insufficient Balance,"
1978,0,2019,4,18,15:06,$29.30,Chip Transaction,-3.39554E+18,Rome,Italy,,5311,
1731,0,2019,8,20,17:16,$46.88,Chip Transaction,6.99836E+18,Rome,Italy,,5411,
1505,1,2019,8,27,16:29,$5.75,Chip Transaction,6.99836E+18,Rome,Italy,,5411,
2,0,2019,6,21,14:33,$40.95,Online Transaction,-6.45844E+18, ONLINE,,,4784,
1101,6,2019,5,11,15:11,$24.48,Chip Transaction,2.91975E+18,Rome,Italy,,5932,
0,3,2019,2,4,06:03,$62.43,Online Transaction,-7.42109E+18, ONLINE,,,5311,
414,3,2019,10,26,13:44,$128.30,Chip Transaction,-3.36283E+18,Rome,Italy,,7011,
466,1,2019,8,3,18:21,$52.17,Chip Transaction,3.18952E+18,Rome,Italy,,5311,
1101,6,2019,4,26,19:58,$273.26,Chip Transaction,-1.6423E+18,Rome,Italy,,5912,
205,2,2019,10,5,14:40,$53.59,Chip Transaction,9.05774E+18,Rome,Italy,,5311,
1798,0,2019,3,21,19:38,$15.31,Chip Transaction,5.50735E+18,Rome,Italy,,4121,
0,2,2020,1,4,12:41,$10.06,Chip Transaction,-1.09672E+18,San Antonio,TX,78258,5812,
1515,5,2019,4,6,10:42,$11.05,Chip Transaction,5.50735E+18,Rome,Italy,,4121,
2,0,2019,11,7,15:30,$55.14,Online Transaction,-6.45844E+18, ONLINE,,,4784,
2,0,2019,4,30,03:36,$18.37,Swipe Transaction,-1.64421E+18,West Covina,CA,91792,5813,
2,0,2019,9,20,22:20,$34.30,Chip Transaction,-7.80474E+18,West Covina,CA,91792,5812,
1,3,2019,6,3,05:12,$16.74,Online Transaction,-5.21142E+17, ONLINE,,,5815,
0,2,2019,1,21,20:29,$30.40,Chip Transaction,-4.50054E+18,La Verne,CA,91750,5814,
1,2,2019,7,2,18:50,$66.65,Chip Transaction,-5.0235E+18,Little Neck,NY,11363,5812,
1917,0,2019,3,30,11:10,$45.78,Chip Transaction,-5.67429E+18,Rome,Italy,,5733,
0,3,2019,2,5,06:55,$147.38,Swipe Transaction,4.06065E+18,La Verne,CA,91750,5411,
0,2,2019,3,19,13:33,$64.62,Chip Transaction,3.52721E+18,La Verne,CA,91750,5300,
0,2,2019,3,25,06:18,$184.48,Chip Transaction,5.81722E+18,La Verne,CA,91750,5912,
2,0,2020,1,6,04:11,$22.02,Swipe Transaction,-1.64421E+18,West Covina,CA,91792,5813,
913,1,2019,4,26,17:57,$108.83,Swipe Transaction,-7.27612E+17,Rome,Italy,,5411,
2,0,2019,5,29,14:41,$44.88,Online Transaction,-6.45844E+18, ONLINE,,,4784,
520,3,2019,2,16,12:14,$17.17,Chip Transaction,6.0514E+18,Rome,Italy,,5310,
597,0,2019,10,11,15:19,$6.48,Chip Transaction,5.50735E+18,Rome,Italy,,4121,
1298,2,2019,9,7,11:06,$-367.00,Swipe Transaction,-7.80705E+18,Rome,Italy,,3684,
1,1,2019,9,14,13:10,$0.75,Chip Transaction,-5.65725E+18,Little Neck,NY,11363,5411,
1,3,2019,8,25,10:20,$83.75,Chip Transaction,4.93736E+18,Little Neck,NY,11363,5300,
0,2,2019,11,3,09:54,$164.14,Online Transaction,-9.09268E+18, ONLINE,,,4900,
2,0,2019,12,2,22:26,$43.20,Chip Transaction,-6.03533E+18,Alhambra,CA,91801,5812,
156,0,2019,10,24,12:00,$43.09,Chip Transaction,3.18952E+18,Rome,Italy,,5311,
0,1,2019,8,20,19:47,$142.30,Chip Transaction,8.38425E+17,Mira Loma,CA,91752,4814,
204,1,2019,5,25,14:08,$0.04,Chip Transaction,9.05774E+18,Rome,Italy,,5311,
0,0,2019,7,18,19:42,$472.14,Chip Transaction,-8.11651E+17,La Verne,CA,91750,6300,
370,0,2019,9,24,13:27,$41.23,Chip Transaction,-9.84445E+17,Rome,Italy,,5814,
98,3,2019,1,15,17:38,$0.08,Chip Transaction,-4.50054E+18,Rome,Italy,,5814,
2,0,2019,6,3,14:30,$54.31,Online Transaction,-6.45844E+18, ONLINE,,,4784,
583,2,2019,5,7,16:00,$35.62,Chip Transaction,6.99836E+18,Rome,Italy,,5411,
1,2,2019,2,14,19:12,$129.86,Chip Transaction,-6.09472E+18,Little Neck,NY,11363,4900,
1260,2,2019,6,21,18:10,$19.60,Chip Transaction,-1.6423E+18,Rome,Italy,,5912,
0,3,2019,6,7,16:40,$121.81,Swipe Transaction,-2.45178E+17,La Verne,CA,91750,5311,"Insufficient Balance,"
482,4,2019,4,4,19:41,$105.81,Chip Transaction,9.05774E+18,Rome,Italy,,5311,
487,2,2019,4,20,13:30,$123.90,Chip Transaction,4.57388E+18,Rome,Italy,,5045,
98,3,2019,1,8,18:31,$75.98,Chip Transaction,-2.45178E+17,Rome,Italy,,5311,"Insufficient Balance,"
1683,1,2019,10,12,15:56,$101.03,Chip Transaction,-6.16179E+18,Rome,Italy,,3389,
1641,1,2019,6,7,15:16,$4.81,Chip Transaction,-7.27612E+17,Rome,Italy,,5411,
2,0,2019,5,14,14:59,$49.30,Online Transaction,-6.45844E+18, ONLINE,,,4784,
2,0,2019,12,27,23:25,$1.53,Chip Transaction,6.6665E+18,West Covina,CA,91792,5499,
2,0,2019,2,2,13:08,$16.91,Chip Transaction,-3.89612E+17,West Covina,CA,91792,7230,
0,3,2019,2,2,06:08,$136.79,Swipe Transaction,4.06065E+18,La Verne,CA,91750,5411,
0,3,2020,1,16,06:17,$98.41,Swipe Transaction,4.06065E+18,La Verne,CA,91750,5411,
1743,0,2019,1,24,14:25,$21.67,Chip Transaction,5.12297E+17,Rome,Italy,,7230,
1,1,2019,4,15,13:17,$0.43,Chip Transaction,1.10189E+18,Little Neck,NY,11363,5310,
0,3,2019,12,13,06:02,$112.51,Swipe Transaction,4.06065E+18,La Verne,CA,91750,5411,
1978,0,2019,4,13,18:03,$267.29,Chip Transaction,-8.80451E+18,Rome,Italy,,5712,
0,1,2019,12,11,13:02,$47.68,Chip Transaction,-1.28808E+18,La Verne,CA,91750,5499,
1,2,2019,6,11,11:44,$57.38,Chip Transaction,-8.40529E+18,Jackson Heights,NY,11372,5651,
0,1,2019,8,9,06:24,$121.47,Chip Transaction,3.52721E+18,La Verne,CA,91750,5300,"Insufficient Balance,"
2,0,2019,9,11,07:53,$8.59,Chip Transaction,4.72291E+18,Alhambra,CA,91801,5411,
0,0,2020,2,20,06:24,$172.81,Chip Transaction,5.81722E+18,La Verne,CA,91750,5912,
1003,5,2019,10,15,16:32,$40.71,Chip Transaction,-2.45178E+17,Rome,Italy,,5311,
1237,0,2019,10,11,16:45,$9.42,Chip Transaction,-5.16204E+18,Rome,Italy,,5541,
0,1,2019,10,26,23:37,$-358.00,Chip Transaction,4.8349E+17,Detroit,MI,48207,3504,
2,0,2019,2,28,06:45,$17.94,Chip Transaction,6.04253E+18,West Covina,CA,91792,5912,
0,0,2019,6,4,09:43,$64.05,Chip Transaction,4.05526E+18,La Verne,CA,91750,7538,
0,3,2019,3,22,06:46,$43.43,Swipe Transaction,-7.27612E+17,Monterey Park,CA,91754,5411,
0,3,2019,7,28,06:50,$42.07,Swipe Transaction,-5.47568E+18,Monterey Park,CA,91755,5942,
2,0,2019,8,27,11:22,$51.00,Swipe Transaction,2.02755E+18,West Covina,CA,91792,5541,
1675,0,2019,10,22,14:04,$725.85,Chip Transaction,-3.65006E+18,Rome,Italy,,3007,
1320,5,2019,8,1,12:39,$188.22,Chip Transaction,-1.12121E+17,Rome,Italy,,3509,
0,3,2019,3,30,12:57,$97.83,Swipe Transaction,-9.62083E+17,Monterey Park,CA,91754,4131,
0,0,2019,5,26,16:37,$27.49,Online Transaction,4.24134E+18, ONLINE,,,4814,
2,0,2019,6,26,06:41,$7.05,Chip Transaction,-7.80474E+18,West Covina,CA,91792,5812,
1597,2,2019,7,19,17:45,$181.62,Chip Transaction,-3.36283E+18,Rome,Italy,,7011,
727,1,2019,9,2,14:55,$-301.00,Chip Transaction,1.7153E+18,Rome,Italy,,3722,
2,1,2019,1,6,10:25,$42.36,Online Transaction,-6.45844E+18, ONLINE,,,4784,
2,1,2019,1,6,07:05,$13.49,Swipe Transaction,-5.86136E+18,West Covina,CA,91792,5912,
2,0,2019,7,15,22:53,$2.29,Chip Transaction,6.6665E+18,West Covina,CA,91792,5499,
2,0,2019,8,9,23:41,$2.11,Chip Transaction,6.6665E+18,West Covina,CA,91792,5499,
1164,0,2019,5,3,18:52,$85.49,Chip Transaction,2.02755E+18,Rome,Italy,,5541,
1064,6,2019,10,17,19:25,$382.00,Chip Transaction,-3.36283E+18,Rome,Italy,,7011,
478,0,2019,10,19,10:38,$79.22,Chip Transaction,-2.45178E+17,Rome,Italy,,5311,
2,0,2019,5,6,14:38,$44.33,Online Transaction,-6.45844E+18, ONLINE,,,4784,
0,1,2019,11,17,14:40,$59.26,Chip Transaction,5.81722E+18,La Verne,CA,91750,5912,
0,1,2019,9,28,05:32,$146.03,Chip Transaction,5.81722E+18,La Verne,CA,91750,5912,
1741,2,2019,8,1,16:15,$25.60,Chip Transaction,-3.39554E+18,Rome,Italy,,5311,
450,0,2019,3,29,18:55,$275.00,Chip Transaction,1.7153E+18,Rome,Italy,,3722,
0,0,2019,7,1,16:11,$70.22,Chip Transaction,3.41453E+18,Monterey Park,CA,91754,5651,
913,0,2019,2,1,18:15,$299.63,Chip Transaction,8.40186E+18,Rome,Italy,,3006,
1,4,2019,4,29,06:50,$17.55,Chip Transaction,-4.79124E+18,Little Neck,NY,11363,5921,
1,1,2019,6,13,18:14,$108.60,Chip Transaction,1.76341E+18,Little Neck,NY,11363,5912,
854,3,2019,10,8,12:35,$1.17,Chip Transaction,9.05774E+18,Rome,Italy,,5311,
2,0,2019,12,12,09:48,$56.49,Online Transaction,-6.45844E+18, ONLINE,,,4784,
2,0,2019,10,12,09:57,$47.79,Online Transaction,-6.45844E+18, ONLINE,,,4784,
1780,1,2019,3,13,11:20,$89.46,Swipe Transaction,4.8349E+17,Rome,Italy,,3504,
1,1,2020,2,24,18:10,$116.03,Chip Transaction,-5.16204E+18,Little Neck,NY,11363,5541,
1191,3,2019,4,6,10:46,$0.05,Chip Transaction,-8.29162E+18,Rome,Italy,,5193,
1,2,2019,9,21,13:48,$0.67,Chip Transaction,1.76341E+18,Little Neck,NY,11363,5912,
1049,1,2019,9,3,19:31,$109.99,Chip Transaction,9.05774E+18,Rome,Italy,,5311,
740,1,2019,4,23,11:34,$18.26,Chip Transaction,-9.84445E+17,Rome,Italy,,5814,
1,2,2020,1,20,19:20,$111.46,Chip Transaction,-6.09472E+18,Little Neck,NY,11363,4900,
1,4,2019,3,17,06:47,$14.13,Chip Transaction,1.79919E+18,Little Neck,NY,11363,5499,
0,2,2020,2,3,13:28,$57.02,Chip Transaction,-1.28808E+18,La Verne,CA,91750,5499,
1487,4,2019,5,9,17:56,$347.73,Chip Transaction,-7.80705E+18,Rome,Italy,,3684,
0,2,2019,2,11,06:26,$136.81,Chip Transaction,5.81722E+18,La Verne,CA,91750,5912,
0,1,2020,1,31,09:46,$35.34,Chip Transaction,-3.34594E+18,La Verne,CA,91750,7538,
1260,2,2019,7,9,10:57,$29.02,Chip Transaction,9.05774E+18,Rome,Italy,,5311,
1400,0,2019,4,19,18:07,$45.13,Chip Transaction,6.99836E+18,Rome,Italy,,5411,
0,0,2019,10,14,06:36,$37.31,Chip Transaction,4.06065E+18,La Verne,CA,91750,5411,
1917,0,2019,4,5,15:11,$866.75,Chip Transaction,-2.45178E+17,Rome,Italy,,5311,
1260,2,2019,7,9,15:26,$11.58,Chip Transaction,6.66197E+18,Rome,Italy,,5211,
41,1,2019,8,17,11:14,$412.12,Chip Transaction,-3.39554E+18,Rome,Italy,,5311,
2,0,2019,6,29,23:44,$1.29,Chip Transaction,6.6665E+18,West Covina,CA,91792,5499,
2,0,2019,3,15,08:03,$8.80,Chip Transaction,4.7517E+18,San Francisco,CA,94103,5814,
0,3,2019,4,28,20:19,$168.03,Online Transaction,4.24134E+18, ONLINE,,,4814,
1,1,2019,5,14,06:32,$115.47,Chip Transaction,-6.76107E+18,Corona,NY,11368,5310,
620,1,2019,7,30,13:58,$4.90,Chip Transaction,-7.27612E+17,Rome,Italy,,5411,
0,3,2019,1,11,06:26,$119.73,Swipe Transaction,9.05774E+18,Sterling,MA,1564,5311,"Insufficient Balance,"
2,0,2019,7,23,06:32,$44.01,Chip Transaction,4.72291E+18,Alhambra,CA,91801,5411,
2,0,2019,8,24,23:54,$1.32,Chip Transaction,6.6665E+18,West Covina,CA,91792,5499,
1049,1,2019,9,3,19:38,$9.89,Chip Transaction,2.02755E+18,Rome,Italy,,5541,
0,3,2019,11,27,10:58,$139.64,Swipe Transaction,1.27047E+18,Waianae,HI,96792,3730,
0,2,2019,3,6,20:11,$72.26,Chip Transaction,-4.50054E+18,La Verne,CA,91750,5814,
2,0,2019,8,24,04:51,$44.31,Online Transaction,-6.45844E+18, ONLINE,,,4784,"Bad Expiration,"
2,0,2019,12,11,22:24,$12.31,Chip Transaction,3.63912E+18,West Covina,CA,91792,5814,
1,1,2019,11,29,22:06,$56.95,Chip Transaction,5.56161E+18,Little Neck,NY,11363,7230,
1414,0,2019,2,28,17:19,$0.27,Chip Transaction,-5.16204E+18,Rome,Italy,,5541,
2,0,2019,5,26,05:47,$11.40,Chip Transaction,1.91348E+18,Alhambra,CA,91801,5300,
2,0,2019,2,8,06:45,$33.43,Chip Transaction,-3.26567E+18,West Covina,CA,91792,7832,
0,3,2019,2,1,06:01,$136.39,Swipe Transaction,-7.27612E+17,Monterey Park,CA,91754,5411,
1885,1,2019,7,20,15:09,$1244.41,Chip Transaction,-8.80451E+18,Rome,Italy,,5712,
1877,1,2019,9,5,11:00,$26.55,Chip Transaction,5.90183E+17,Rome,Italy,,5094,
0,1,2019,11,15,20:02,$179.94,Online Transaction,6.65429E+18, ONLINE,,,4899,
0,0,2019,7,26,06:31,$35.22,Chip Transaction,-3.45515E+16,La Verne,CA,91750,5912,
1620,3,2019,8,27,16:25,$23.71,Chip Transaction,5.90183E+17,Rome,Italy,,5094,
2,0,2020,2,7,04:34,$55.89,Online Transaction,-6.45844E+18, ONLINE,,,4784,
0,3,2019,3,1,06:13,$80.61,Swipe Transaction,1.91348E+18,La Verne,CA,91750,5300,
1,1,2019,4,3,13:44,$101.33,Chip Transaction,-6.73834E+18,Corona,NY,11368,7538,
1,1,2019,2,25,13:52,$86.38,Chip Transaction,-6.73834E+18,Corona,NY,11368,7538,
2,0,2019,4,10,07:40,$148.15,Chip Transaction,-1.46227E+18,West Covina,CA,91792,6300,
1,1,2020,2,1,10:15,$55.28,Chip Transaction,-5.90412E+18,Flushing,NY,11367,5719,
1,2,2019,3,23,13:54,$92.06,Chip Transaction,6.12657E+18,Little Neck,NY,11363,7538,
1,2,2020,1,28,13:03,$18.52,Chip Transaction,-5.65725E+18,Little Neck,NY,11363,5411,
1933,2,2019,8,8,11:05,$1.53,Swipe Transaction,2.02755E+18,Rome,Italy,,5541,
0,1,2019,10,4,13:36,$40.02,Chip Transaction,-7.27612E+17,Monterey Park,CA,91754,5411,
2,0,2019,7,30,14:43,$173.33,Swipe Transaction,-3.69365E+18,Alhambra,CA,91801,4814,
1324,0,2019,6,22,16:05,$21.06,Chip Transaction,5.90183E+17,Rome,Italy,,5094,
1983,4,2019,8,16,13:56,$99.31,Chip Transaction,-8.80451E+18,Rome,Italy,,5712,
2,0,2020,2,21,06:40,$11.49,Chip Transaction,-4.89106E+18,West Covina,CA,91792,5411,
1,1,2019,1,10,09:12,$133.80,Chip Transaction,1.79919E+18,Little Neck,NY,11363,5499,
2,0,2019,11,5,09:52,$45.42,Online Transaction,-6.45844E+18, ONLINE,,,4784,
1579,2,2019,2,9,19:35,$28.14,Chip Transaction,9.05774E+18,Rome,Italy,,5311,
2,0,2019,3,26,06:44,$17.04,Chip Transaction,-4.89106E+18,West Covina,CA,91792,5411,
0,3,2019,6,24,06:10,$108.49,Online Transaction,-7.42109E+18, ONLINE,,,5311,
0,1,2020,1,25,13:02,$93.00,Chip Transaction,-1.28808E+18,La Verne,CA,91750,5499,
579,1,2019,3,22,11:48,$24.56,Chip Transaction,9.05774E+18,Rome,Italy,,5311,
1366,1,2019,5,21,11:06,$150.88,Chip Transaction,4.57388E+18,Rome,Italy,,5045,
1,4,2019,5,20,06:50,$16.67,Chip Transaction,1.79919E+18,Little Neck,NY,11363,5499,
1945,1,2019,9,24,18:25,$329.00,Chip Transaction,1.90253E+17,Rome,Italy,,3359,
1223,2,2019,10,22,13:10,$0.14,Chip Transaction,5.50735E+18,Rome,Italy,,4121,
0,2,2019,10,10,06:38,$41.99,Chip Transaction,4.06065E+18,La Verne,CA,91750,5411,
1,4,2019,6,28,18:53,$26.41,Chip Transaction,-5.62484E+18,Flushing,NY,11367,7832,
2,0,2019,11,8,04:03,$53.14,Online Transaction,-6.45844E+18, ONLINE,,,4784,
2,0,2020,1,2,10:51,$51.50,Chip Transaction,1.79919E+18,Alhambra,CA,91801,5499,
1207,0,2019,10,10,11:35,$1.75,Chip Transaction,-7.14667E+18,Rome,Italy,,5970,
1776,1,2019,1,12,11:00,$5.47,Chip Transaction,5.50735E+18,Rome,Italy,,4121,
1,1,2019,5,24,18:32,$63.38,Chip Transaction,-6.16179E+18,Rome,Italy,,3389,
1,3,2019,8,28,05:01,$8.57,Online Transaction,-2.04205E+18, ONLINE,,,5815,
0,1,2019,9,26,06:37,$36.48,Chip Transaction,-7.27612E+17,Monterey Park,CA,91754,5411,
341,2,2019,4,12,17:58,$2.19,Chip Transaction,6.99836E+18,Rome,Italy,,5411,
2,0,2020,2,16,23:40,$3.00,Chip Transaction,6.6665E+18,West Covina,CA,91792,5499,
0,3,2019,3,22,12:15,$14.76,Swipe Transaction,-4.50054E+18,La Verne,CA,91750,5814,
0,2,2019,4,25,07:21,$39.70,Chip Transaction,-7.27612E+17,Monterey Park,CA,91754,5411,
0,0,2019,6,9,06:44,$43.57,Chip Transaction,-5.47568E+18,Monterey Park,CA,91755,5942,
866,1,2019,5,18,17:30,$0.62,Chip Transaction,6.0514E+18,Rome,Italy,,5310,
1,4,2019,12,29,13:06,$0.77,Chip Transaction,-5.46792E+18,Oakland Gardens,NY,11364,5912,
1579,2,2019,2,16,18:21,$71.17,Chip Transaction,6.0514E+18,Rome,Italy,,5310,
1049,1,2019,9,13,16:50,$26.09,Chip Transaction,1.79919E+18,Rome,Italy,,5499,
1115,2,2019,5,3,13:31,$39.56,Chip Transaction,2.02755E+18,Rome,Italy,,5541,
1,2,2019,6,19,08:48,$102.94,Chip Transaction,-5.84849E+18,Little Neck,NY,11363,7549,
0,3,2019,8,8,06:58,$52.77,Swipe Transaction,-5.47568E+18,Monterey Park,CA,91755,5942,
1,4,2019,8,24,18:44,$15.02,Swipe Transaction,-2.16533E+18,Fresh Meadows,NY,11365,5311,
0,1,2019,1,4,13:05,$60.45,Chip Transaction,1.79919E+18,Princeton,MA,1541,5499,
41,1,2019,8,29,12:11,$33.86,Chip Transaction,9.05774E+18,Rome,Italy,,5311,
531,2,2019,7,19,08:03,$-241.00,Chip Transaction,4.8349E+17,Rome,Italy,,3504,
0,3,2019,10,7,06:03,$138.20,Swipe Transaction,5.81722E+18,La Verne,CA,91750,5912,
1,2,2020,2,18,08:24,$115.90,Chip Transaction,1.79919E+18,Little Neck,NY,11363,5499,
1115,2,2019,5,7,16:19,$7.11,Chip Transaction,6.0514E+18,Rome,Italy,,5310,
0,0,2019,10,7,06:41,$23.32,Chip Transaction,-3.45515E+16,La Verne,CA,91750,5912,
531,2,2019,7,26,19:02,$1.66,Chip Transaction,-3.39554E+18,Rome,Italy,,5311,
1731,0,2019,8,6,14:15,$5.11,Chip Transaction,7.06958E+18,Rome,Italy,,5812,
1201,3,2019,5,28,10:14,$410.03,Swipe Transaction,-7.80705E+18,Rome,Italy,,3684,
1621,3,2019,8,10,15:06,$1.71,Chip Transaction,-7.14667E+18,Rome,Italy,,5970,
230,1,2019,1,10,12:27,$62.67,Chip Transaction,7.48862E+18,Rome,Italy,,5651,
658,0,2019,10,4,16:54,$119.28,Chip Transaction,-7.80705E+18,Rome,Italy,,3684,
913,0,2019,1,26,17:42,$169.07,Chip Transaction,4.57388E+18,Rome,Italy,,5045,
1,2,2020,2,26,18:31,$78.46,Chip Transaction,4.31886E+18,Little Neck,NY,11363,5812,
882,0,2019,1,29,12:56,$127.92,Chip Transaction,-2.45178E+17,Rome,Italy,,5311,
1398,0,2019,2,28,17:27,$19.10,Chip Transaction,6.99836E+18,Rome,Italy,,5411,
634,5,2019,10,19,13:28,$48.07,Chip Transaction,-2.45178E+17,Rome,Italy,,5311,
2,0,2019,12,10,15:32,$40.00,Chip Transaction,-4.28247E+18,Chula Vista,CA,91910,4829,
432,2,2019,5,25,18:11,$266.38,Chip Transaction,4.8349E+17,Rome,Italy,,3504,
1597,2,2019,7,23,14:46,$50.52,Chip Transaction,-3.39554E+18,Rome,Italy,,5311,
1683,1,2019,9,28,14:12,$39.66,Chip Transaction,6.0514E+18,Rome,Italy,,5310,
1781,1,2019,4,30,16:46,$23.40,Chip Transaction,-5.16204E+18,Rome,Italy,,5541,
1,1,2019,5,23,09:58,$63.41,Chip Transaction,1.91348E+18,Fresh Meadows,NY,11366,5300,
0,2,2019,6,22,06:30,$29.65,Chip Transaction,-5.47568E+18,Monterey Park,CA,91755,5942,
0,0,2019,3,25,13:29,$5.03,Chip Transaction,2.02755E+18,Mira Loma,CA,91752,5541,
0,2,2019,5,16,06:01,$141.96,Chip Transaction,-7.27612E+17,Monterey Park,CA,91754,5411,
6,1,2019,3,7,16:06,$185.47,Chip Transaction,-1.6423E+18,Rome,Italy,,5912,
100,3,2019,3,28,16:42,$29.94,Chip Transaction,-2.45178E+17,Rome,Italy,,5311,
0,1,2019,1,11,11:59,$201.75,Online Transaction,4.64574E+18, ONLINE,,,7996,
0,3,2020,2,23,20:15,$201.74,Swipe Transaction,8.38425E+17,Mira Loma,CA,91752,4814,
406,1,2019,10,11,17:08,$10.96,Chip Transaction,-4.50054E+18,Rome,Italy,,5814,
41,1,2019,8,23,18:48,$9.61,Chip Transaction,2.91975E+18,Rome,Italy,,5932,
802,2,2019,4,2,12:01,$29.13,Chip Transaction,3.01718E+18,Rome,Italy,,5921,
1,1,2019,5,9,23:18,$483.00,Chip Transaction,4.8349E+17,Montgomery,AL,36105,3504,
0,1,2019,2,14,20:51,$44.81,Online Transaction,-9.09268E+18, ONLINE,,,4900,
2,0,2019,11,23,04:36,$45.32,Online Transaction,-6.45844E+18, ONLINE,,,4784,
1,2,2019,7,9,03:27,$21.66,Chip Transaction,-5.16204E+18,Little Neck,NY,11363,5541,
1,2,2019,9,4,18:58,$57.59,Chip Transaction,-7.05207E+18,Little Neck,NY,11363,5814,
1018,0,2019,7,4,15:01,$59.62,Chip Transaction,-6.16179E+18,Rome,Italy,,3389,
0,3,2019,3,14,06:15,$152.84,Swipe Transaction,5.81722E+18,La Verne,CA,91750,5912,
1,3,2019,7,8,21:01,$25.80,Chip Transaction,2.13217E+18,Little Neck,NY,11363,5813,
2,0,2019,1,11,14:55,$44.44,Online Transaction,-6.45844E+18, ONLINE,,,4784,
0,1,2019,6,30,05:50,$29.91,Chip Transaction,-3.45515E+16,La Verne,CA,91750,5912,
47,1,2019,1,8,13:50,$45.72,Chip Transaction,-6.16179E+18,Rome,Italy,,3389,
1,2,2019,2,1,06:39,$125.58,Chip Transaction,-8.72734E+18,Little Neck,NY,11363,5655,
1689,1,2019,3,15,10:45,$73.00,Chip Transaction,2.02755E+18,Rome,Italy,,5541,
1725,0,2019,7,20,16:44,$323.00,Chip Transaction,-1.12121E+17,Rome,Italy,,3509,
0,2,2019,1,7,20:24,$79.47,Chip Transaction,-2.74491E+18,North Grafton,MA,1536,5812,
1734,5,2019,7,4,15:23,$17.12,Chip Transaction,-3.94366E+18,Rome,Italy,,5712,
1675,0,2019,10,19,10:39,$129.91,Chip Transaction,-7.80705E+18,Rome,Italy,,3684,
100,3,2019,4,5,11:11,$10.90,Chip Transaction,7.48862E+18,Rome,Italy,,5651,
943,1,2019,6,4,16:15,$44.77,Swipe Transaction,-7.27612E+17,Rome,Italy,,5411,
1,2,2019,12,14,10:27,$61.26,Chip Transaction,6.66197E+18,Fresh Meadows,NY,11365,5211,
1546,2,2019,3,19,13:06,$123.00,Chip Transaction,-6.16179E+18,Rome,Italy,,3389,
114,1,2019,10,3,17:38,$70.03,Chip Transaction,-2.45178E+17,Rome,Italy,,5311,
1076,0,2019,2,19,18:53,$24.47,Chip Transaction,3.01718E+18,Rome,Italy,,5921,
946,2,2019,5,3,16:06,$0.77,Chip Transaction,9.05774E+18,Rome,Italy,,5311,
1709,2,2019,4,30,14:54,$524.28,Swipe Transaction,9.05774E+18,Rome,Italy,,5311,
1620,3,2019,8,30,16:23,$449.00,Chip Transaction,4.8349E+17,Rome,Italy,,3504,
0,3,2020,1,6,23:54,$-421.00,Swipe Transaction,-1.12121E+17,Brownsville,TX,78520,3509,
1983,4,2019,8,15,14:13,$118.79,Chip Transaction,-8.90095E+18,Rome,Italy,,5621,
1558,2,2019,5,11,15:15,$54.53,Chip Transaction,-5.67429E+18,Rome,Italy,,5733,"Bad PIN,"
162,2,2019,6,25,13:20,$149.74,Swipe Transaction,-1.6423E+18,Rome,Italy,,5912,
0,1,2019,7,13,06:14,$145.73,Chip Transaction,-3.45515E+16,La Verne,CA,91750,5912,
866,0,2019,8,10,11:55,$61.39,Chip Transaction,-7.5187E+18,Rome,Italy,,5813,
1641,1,2019,6,1,16:56,$90.53,Chip Transaction,3.18952E+18,Rome,Italy,,5311,
1607,4,2019,10,1,11:28,$1.70,Chip Transaction,6.99836E+18,Rome,Italy,,5411,
1,1,2019,4,29,17:28,$966.72,Chip Transaction,1.3252E+18,Garden City,NY,11530,3132,
0,2,2019,11,9,06:39,$39.38,Chip Transaction,4.06065E+18,La Verne,CA,91750,5411,
2,0,2019,3,8,23:37,$1.66,Chip Transaction,6.6665E+18,West Covina,CA,91792,5499,
0,2,2019,9,19,13:03,$94.00,Chip Transaction,-1.28808E+18,La Verne,CA,91750,5499,
262,0,2019,4,30,18:17,$48.18,Chip Transaction,1.90253E+17,Rome,Italy,,3359,
729,6,2019,10,12,16:50,$1.44,Chip Transaction,3.18952E+18,Rome,Italy,,5311,
341,2,2019,5,10,13:23,$66.74,Chip Transaction,-7.27612E+17,Rome,Italy,,5411,
162,2,2019,6,25,15:27,$62.49,Swipe Transaction,1.79919E+18,Rome,Italy,,5499,
863,2,2019,6,7,19:40,$250.00,Chip Transaction,-3.36283E+18,Rome,Italy,,7011,
1,1,2019,6,17,10:11,$57.56,Online Transaction,7.0356E+18, ONLINE,,,5311,
2,0,2020,1,2,10:55,$60.00,Chip Transaction,1.79919E+18,Alhambra,CA,91801,5499,
0,0,2019,7,15,06:12,$152.35,Chip Transaction,1.91348E+18,La Verne,CA,91750,5300,
1,3,2019,1,17,18:56,$61.49,Chip Transaction,-7.05207E+18,Little Neck,NY,11363,5814,
1,1,2019,8,10,15:11,$199.55,Swipe Transaction,-1.61222E+18,Corona,NY,11368,3387,
2,0,2019,10,4,04:19,$40.63,Online Transaction,-6.45844E+18, ONLINE,,,4784,
0,3,2019,12,11,06:17,$125.16,Online Transaction,7.0356E+18, ONLINE,,,5311,
620,1,2019,8,3,18:55,$311.61,Chip Transaction,-5.16204E+18,Rome,Italy,,5541,
0,3,2019,10,21,13:14,$91.98,Swipe Transaction,-4.33423E+18,Highland Park,MI,48203,5541,
1781,1,2019,5,2,18:35,$114.62,Chip Transaction,6.0514E+18,Rome,Italy,,5310,
0,0,2019,4,27,06:56,$32.81,Chip Transaction,-3.45515E+16,La Verne,CA,91750,5912,
432,2,2019,5,23,12:41,$804.36,Chip Transaction,5.64529E+18,Rome,Italy,,3075,
1320,5,2019,7,30,10:48,$27.07,Chip Transaction,6.99836E+18,Rome,Italy,,5411,
1958,4,2019,2,16,18:04,$0.09,Chip Transaction,-3.15872E+18,Rome,Italy,,5812,
1,2,2019,9,23,13:01,$73.18,Chip Transaction,6.69846E+18,Fresh Meadows,NY,11366,4814,
2,0,2019,5,22,05:59,$48.96,Online Transaction,-6.45844E+18, ONLINE,,,4784,"Insufficient Balance,"
1581,1,2019,6,15,14:29,$475.00,Chip Transaction,-7.80705E+18,Rome,Italy,,3684,
2,0,2019,11,29,04:16,$19.64,Swipe Transaction,-1.64421E+18,West Covina,CA,91792,5813,
190,1,2019,3,7,17:03,$21.80,Chip Transaction,6.99836E+18,Rome,Italy,,5411,
736,0,2019,10,11,11:14,$14.78,Chip Transaction,7.06958E+18,Rome,Italy,,5812,
0,2,2020,2,9,20:09,$70.07,Chip Transaction,-4.50054E+18,La Verne,CA,91750,5814,
1487,4,2019,5,10,17:37,$12.43,Chip Transaction,5.50735E+18,Rome,Italy,,4121,
0,3,2019,9,2,19:52,$90.73,Swipe Transaction,-1.60579E+18,La Verne,CA,91750,5812,
605,5,2019,3,5,18:56,$20.23,Chip Transaction,6.99836E+18,Rome,Italy,,5411,
1,1,2019,2,14,12:22,$10.98,Chip Transaction,-5.65725E+18,Little Neck,NY,11363,5411,
0,0,2019,5,13,06:24,$123.97,Chip Transaction,3.52721E+18,La Verne,CA,91750,5300,
1,3,2020,2,15,06:17,$20.10,Online Transaction,-5.21142E+17, ONLINE,,,5815,
1476,0,2019,2,15,13:15,$37.56,Chip Transaction,3.01718E+18,Rome,Italy,,5921,
1,2,2019,12,5,10:16,$55.29,Chip Transaction,6.4899E+18,Little Neck,NY,11363,5211,
0,3,2019,1,13,02:03,$-269.00,Swipe Transaction,-1.61222E+18,Shrewsbury,MA,1545,3387,
2,0,2020,2,5,09:57,$46.79,Online Transaction,-6.45844E+18, ONLINE,,,4784,
0,3,2019,7,15,06:50,$42.36,Swipe Transaction,-7.27612E+17,Monterey Park,CA,91754,5411,
0,3,2019,11,17,06:09,$161.23,Swipe Transaction,1.91348E+18,La Verne,CA,91750,5300,
528,1,2019,7,26,19:09,$33.49,Chip Transaction,-7.27612E+17,Rome,Italy,,5411,
0,3,2019,9,30,06:22,$130.24,Swipe Transaction,-3.45515E+16,La Verne,CA,91750,5912,
0,3,2019,12,16,13:15,$-62.00,Swipe Transaction,2.02755E+18,Mira Loma,CA,91752,5541,
2,0,2020,1,13,23:41,$2.28,Chip Transaction,6.6665E+18,West Covina,CA,91792,5499,
1103,1,2019,3,16,10:40,$137.39,Chip Transaction,6.0514E+18,Rome,Italy,,5310,
487,2,2019,4,16,19:52,$12.21,Chip Transaction,-1.28808E+18,Rome,Italy,,5499,
0,3,2019,7,10,05:27,$166.33,Swipe Transaction,4.06065E+18,La Verne,CA,91750,5411,
425,2,2019,3,2,15:02,$0.92,Chip Transaction,2.02755E+18,Rome,Italy,,5541,
1,1,2020,2,3,08:00,$113.48,Chip Transaction,1.79919E+18,Little Neck,NY,11363,5499,
1780,1,2019,3,13,11:26,$-420.00,Swipe Transaction,4.8349E+17,Rome,Italy,,3504,
1,3,2019,2,13,06:44,$45.34,Chip Transaction,-3.22224E+18,Little Neck,NY,11363,5651,
341,2,2019,2,15,10:42,$0.10,Chip Transaction,6.34125E+18,Rome,Italy,,7210,
1996,3,2019,6,22,15:06,$761.16,Chip Transaction,9.05774E+18,Rome,Italy,,5311,
583,2,2019,4,26,15:51,$19.90,Chip Transaction,-3.39554E+18,Rome,Italy,,5311,
0,1,2019,12,15,10:27,$47.30,Chip Transaction,-3.34594E+18,La Verne,CA,91750,7538,
0,3,2019,9,10,06:58,$48.45,Swipe Transaction,-5.47568E+18,Monterey Park,CA,91755,5942,
114,1,2019,10,4,17:23,$48.36,Chip Transaction,9.05774E+18,Rome,Italy,,5311,
0,2,2019,10,30,09:51,$64.70,Chip Transaction,3.95215E+18,La Verne,CA,91750,7538,
1,1,2019,11,25,18:58,$48.04,Chip Transaction,-5.0235E+18,Little Neck,NY,11363,5812,
583,2,2019,4,27,19:39,$14.06,Chip Transaction,6.66197E+18,Rome,Italy,,5211,
1808,0,2019,8,10,14:59,$8.03,Chip Transaction,-1.12121E+17,Rome,Italy,,3509,
204,1,2019,5,17,11:01,$92.88,Chip Transaction,6.0514E+18,Rome,Italy,,5310,
0,2,2019,9,14,06:55,$29.22,Chip Transaction,4.06065E+18,La Verne,CA,91750,5411,
0,2,2019,12,1,09:52,$64.63,Chip Transaction,-3.34594E+18,La Verne,CA,91750,7538,
0,3,2019,12,22,13:10,$12.21,Swipe Transaction,-1.60579E+18,La Verne,CA,91750,5812,
0,2,2019,1,11,20:07,$67.06,Chip Transaction,7.82331E+18,North Grafton,MA,1536,5812,
1,1,2020,2,5,06:48,$114.19,Chip Transaction,1.98019E+18,Little Neck,NY,11363,5661,
1717,4,2019,8,2,15:39,$50.01,Swipe Transaction,-2.45178E+17,Rome,Italy,,5311,
98,3,2019,1,22,13:55,$18.26,Chip Transaction,8.40186E+18,Rome,Italy,,3006,
1,1,2019,6,16,08:07,$74.67,Chip Transaction,1.79919E+18,Little Neck,NY,11363,5499,
1425,7,2019,7,6,19:23,$6.64,Chip Transaction,3.18952E+18,Rome,Italy,,5311,
1978,0,2019,4,20,10:48,$43.10,Chip Transaction,-3.39554E+18,Rome,Italy,,5311,
0,0,2019,4,1,15:12,$4.79,Swipe Transaction,3.56025E+17,La Verne,CA,91750,5921,
1320,5,2019,8,1,12:49,$132.00,Chip Transaction,-1.12121E+17,Rome,Italy,,3509,
100,3,2019,4,23,16:54,$35.33,Chip Transaction,6.99836E+18,Rome,Italy,,5411,
0,3,2019,4,1,06:44,$37.82,Swipe Transaction,-5.47568E+18,Monterey Park,CA,91755,5942,
0,3,2019,8,20,09:50,$109.73,Swipe Transaction,7.94533E+18,La Verne,CA,91750,4900,
0,2,2020,2,28,06:23,$46.77,Chip Transaction,-7.27612E+17,Monterey Park,CA,91754,5411,
620,1,2019,8,6,16:50,$61.39,Chip Transaction,-5.67429E+18,Rome,Italy,,5733,
1,2,2019,5,12,22:25,$100.00,Chip Transaction,-4.28247E+18,Oakland Gardens,NY,11364,4829,
1,2,2019,5,5,10:37,$969.99,Chip Transaction,-3.39554E+18,Oakland Gardens,NY,11364,5311,
2,0,2019,10,18,11:22,$11.45,Swipe Transaction,2.02755E+18,West Covina,CA,91792,5541,
913,1,2019,5,3,15:02,$97.60,Swipe Transaction,6.0514E+18,Rome,Italy,,5310,
1223,2,2019,10,19,12:15,$53.48,Chip Transaction,6.99836E+18,Rome,Italy,,5411,
1983,4,2019,8,17,13:07,$18.93,Chip Transaction,-1.28808E+18,Rome,Italy,,5499,
348,3,2019,3,29,11:31,$114.29,Chip Transaction,-2.45178E+17,Rome,Italy,,5311,
1546,2,2019,3,22,15:42,$26.68,Chip Transaction,6.99836E+18,Rome,Italy,,5411,
1776,0,2019,9,3,11:32,$295.27,Chip Transaction,-8.83014E+18,Rome,Italy,,5211,"Bad PIN,"
1103,1,2019,3,12,13:21,$89.00,Chip Transaction,1.79919E+18,Rome,Italy,,5499,
1,1,2019,3,1,10:04,$69.04,Chip Transaction,6.4899E+18,Little Neck,NY,11363,5211,
824,0,2019,2,5,17:52,$85.90,Chip Transaction,6.99836E+18,Rome,Italy,,5411,
1,1,2019,3,24,18:10,$111.85,Chip Transaction,1.91348E+18,Fresh Meadows,NY,11366,5300,
0,3,2019,11,20,16:53,$28.81,Online Transaction,4.24134E+18, ONLINE,,,4814,
1,1,2019,4,7,21:47,$84.05,Chip Transaction,5.56161E+18,Little Neck,NY,11363,7230,
946,2,2019,5,7,16:01,$504.54,Chip Transaction,-3.39554E+18,Rome,Italy,,5311,
1,2,2020,2,2,13:09,$13.30,Chip Transaction,-7.05207E+18,Little Neck,NY,11363,5814,
1,1,2019,7,5,10:59,$859.37,Chip Transaction,1.91348E+18,Fresh Meadows,NY,11366,5300,
1620,3,2019,8,30,16:23,$2.80,Chip Transaction,4.8349E+17,Rome,Italy,,3504,
0,0,2019,3,8,06:48,$36.31,Chip Transaction,-3.45515E+16,La Verne,CA,91750,5912,
1478,3,2019,6,4,13:23,$384.57,Chip Transaction,-2.91654E+18,Rome,Italy,,5712,
2,0,2019,8,27,06:42,$11.72,Chip Transaction,-5.47568E+18,Spring Valley,CA,91977,5942,
204,1,2019,5,4,11:10,$9.75,Chip Transaction,-5.16204E+18,Rome,Italy,,5541,
2,0,2019,9,5,14:51,$48.70,Online Transaction,-6.45844E+18, ONLINE,,,4784,
2,0,2019,5,27,14:47,$38.31,Online Transaction,-6.45844E+18, ONLINE,,,4784,
1725,0,2019,8,8,14:28,$0.00,Chip Transaction,5.50735E+18,Rome,Italy,,4121,
0,3,2020,1,18,06:15,$124.09,Swipe Transaction,5.81722E+18,La Verne,CA,91750,5912,
0,1,2019,7,16,14:05,$3.12,Chip Transaction,-7.27612E+17,Monterey Park,CA,91754,5411,
1234,3,2019,10,10,18:44,$185.54,Chip Transaction,-8.83014E+18,Rome,Italy,,5211,
1597,2,2019,7,26,13:15,$47.00,Chip Transaction,-8.83014E+18,Rome,Italy,,5211,
1,2,2019,6,28,21:33,$28.78,Chip Transaction,2.13217E+18,Little Neck,NY,11363,5813,
1,1,2019,5,12,04:38,$180.06,Swipe Transaction,4.55289E+18,Oakland,CA,94606,3596,"Insufficient Balance,"
256,0,2019,7,6,14:07,$49.03,Chip Transaction,9.05774E+18,Rome,Italy,,5311,
1,2,2019,6,3,18:34,$60.22,Chip Transaction,4.31886E+18,Little Neck,NY,11363,5812,
41,1,2019,8,20,16:41,$0.08,Chip Transaction,-1.6423E+18,Rome,Italy,,5912,
0,3,2019,11,7,13:04,$142.21,Swipe Transaction,7.94533E+18,La Verne,CA,91750,4900,
1689,1,2019,3,21,12:37,$9.45,Chip Transaction,-5.16204E+18,Rome,Italy,,5541,
1290,2,2019,1,3,12:08,$958.30,Chip Transaction,-3.39554E+18,Rome,Italy,,5311,
0,1,2019,8,24,22:02,$150.95,Chip Transaction,1.91348E+18,La Verne,CA,91750,5300,
634,5,2019,10,15,17:57,$17.95,Chip Transaction,6.09856E+18,Rome,Italy,,4214,
1,3,2020,1,26,18:40,$65.00,Chip Transaction,4.31886E+18,Little Neck,NY,11363,5812,
1,1,2019,1,19,13:58,$103.44,Chip Transaction,-3.49962E+18,Little Neck,NY,11363,7538,
1,3,2019,2,9,13:12,$46.00,Chip Transaction,6.69846E+18,Fresh Meadows,NY,11366,4814,
0,3,2019,2,8,06:23,$151.29,Swipe Transaction,2.02755E+18,Mira Loma,CA,91752,5541,
0,1,2020,2,12,20:29,$64.99,Swipe Transaction,-1.60579E+18,La Verne,CA,91750,5812,
0,0,2019,8,27,20:28,$65.35,Chip Transaction,-4.50054E+18,La Verne,CA,91750,5814,
0,3,2019,2,9,06:23,$156.01,Swipe Transaction,2.02755E+18,Mira Loma,CA,91752,5541,
0,1,2019,6,5,13:59,$5.66,Chip Transaction,1.91348E+18,La Verne,CA,91750,5300,
1089,0,2019,6,20,19:01,$8.37,Chip Transaction,3.63912E+18,Rome,Italy,,5814,
0,2,2020,2,24,06:26,$97.88,Chip Transaction,4.06065E+18,La Verne,CA,91750,5411,
1551,2,2019,8,2,15:29,$46.96,Chip Transaction,2.02755E+18,Rome,Italy,,5541,
2,0,2019,11,5,09:14,$210.19,Online Transaction,4.24134E+18, ONLINE,,,4814,
1781,1,2019,5,7,11:46,$3.59,Chip Transaction,6.0514E+18,Rome,Italy,,5310,
1689,1,2019,3,21,12:39,$62.00,Chip Transaction,-5.16204E+18,Rome,Italy,,5541,
1607,4,2019,10,8,12:27,$16.75,Chip Transaction,-4.75206E+18,Rome,Italy,,4214,
73,0,2019,2,1,14:43,$0.48,Swipe Transaction,-5.16204E+18,Rome,Italy,,5541,
0,1,2019,10,22,18:47,$6.16,Online Transaction,-2.04205E+18, ONLINE,,,5815,
414,3,2019,10,3,18:33,$49.85,Chip Transaction,4.8349E+17,Rome,Italy,,3504,
0,3,2019,7,14,06:04,$129.15,Swipe Transaction,3.52721E+18,La Verne,CA,91750,5300,
71,1,2019,8,30,11:42,$58.93,Chip Transaction,-1.6423E+18,Rome,Italy,,5912,
0,3,2019,4,21,06:23,$51.02,Swipe Transaction,-7.27612E+17,Monterey Park,CA,91754,5411,
2,0,2019,10,11,16:00,$44.89,Chip Transaction,-3.34594E+18,West Covina,CA,91792,7538,
2,0,2020,1,24,05:16,$42.90,Online Transaction,-6.45844E+18, ONLINE,,,4784,
1164,0,2019,5,2,13:00,$13.90,Chip Transaction,5.50735E+18,Rome,Italy,,4121,
2,0,2019,9,26,14:49,$28.29,Online Transaction,-6.45844E+18, ONLINE,,,4784,
1191,3,2019,3,21,17:50,$80.45,Chip Transaction,7.48862E+18,Rome,Italy,,5651,
1414,0,2019,3,9,19:40,$55.31,Chip Transaction,3.01718E+18,Rome,Italy,,5921,
1099,3,2019,6,25,19:05,$0.32,Chip Transaction,-1.6423E+18,Rome,Italy,,5912,
0,1,2019,4,28,06:56,$154.54,Chip Transaction,5.81722E+18,La Verne,CA,91750,5912,
1571,4,2019,4,2,10:46,$16.73,Chip Transaction,9.05774E+18,Rome,Italy,,5311,
913,1,2019,5,4,17:03,$61.48,Swipe Transaction,-5.67429E+18,Rome,Italy,,5733,
0,2,2019,11,20,09:49,$58.01,Chip Transaction,-3.34594E+18,La Verne,CA,91750,7538,
0,3,2019,11,6,13:30,$7.60,Swipe Transaction,2.02755E+18,Mira Loma,CA,91752,5541,
1,4,2019,4,27,21:27,$22.24,Chip Transaction,6.97226E+18,Shorter,AL,36075,5813,
2,0,2019,12,15,15:57,$42.63,Online Transaction,-6.45844E+18, ONLINE,,,4784,
1419,3,2019,3,21,19:02,$409.00,Chip Transaction,-7.80705E+18,Rome,Italy,,3684,
570,0,2019,10,26,13:50,$94.49,Chip Transaction,-1.6423E+18,Rome,Italy,,5912,
2,0,2019,3,31,04:37,$54.25,Online Transaction,-6.45844E+18, ONLINE,,,4784,
1324,0,2019,6,18,14:12,$97.38,Chip Transaction,7.48862E+18,Rome,Italy,,5651,
0,3,2019,6,6,06:23,$117.87,Swipe Transaction,4.06065E+18,La Verne,CA,91750,5411,
2,0,2019,1,10,23:38,$1.44,Chip Transaction,6.6665E+18,West Covina,CA,91792,5499,
2,0,2019,4,11,06:53,$13.05,Chip Transaction,6.04253E+18,West Covina,CA,91792,5912,
1223,2,2019,10,15,14:56,$158.06,Chip Transaction,4.57388E+18,Rome,Italy,,5045,
2,0,2019,8,24,22:07,$36.07,Chip Transaction,-6.03533E+18,Alhambra,CA,91801,5812,
866,1,2019,5,18,10:33,$30.07,Chip Transaction,-2.45178E+17,Rome,Italy,,5311,
0,1,2019,4,28,14:13,$3.74,Chip Transaction,2.02755E+18,Mira Loma,CA,91752,5541,
1,1,2019,5,6,09:54,$72.61,Swipe Transaction,-2.16533E+18,Fresh Meadows,NY,11365,5311,
1,1,2019,8,14,10:14,$73.39,Chip Transaction,-5.90412E+18,Flushing,NY,11367,5719,
0,3,2019,5,11,06:20,$109.58,Swipe Transaction,-3.45515E+16,La Verne,CA,91750,5912,
1174,1,2019,6,11,19:05,$82.00,Chip Transaction,-5.16204E+18,Rome,Italy,,5541,
767,0,2019,7,2,16:21,$1.51,Chip Transaction,6.34125E+18,Rome,Italy,,7210,
1,2,2019,2,28,12:47,$17.14,Chip Transaction,-5.0235E+18,Little Neck,NY,11363,5812,
824,0,2019,2,8,11:04,$88.09,Chip Transaction,2.91975E+18,Rome,Italy,,5932,
0,3,2019,3,2,13:45,$66.67,Swipe Transaction,8.08093E+18,Monterey Park,CA,91754,5310,
432,2,2019,5,11,18:48,$0.62,Chip Transaction,7.06958E+18,Rome,Italy,,5812,
1,1,2019,1,10,09:22,$100.00,Chip Transaction,1.79919E+18,Little Neck,NY,11363,5499,
1555,0,2019,1,10,12:30,$35.46,Chip Transaction,3.18952E+18,Rome,Italy,,5311,
0,3,2019,3,27,06:31,$24.26,Swipe Transaction,-7.27612E+17,Monterey Park,CA,91754,5411,
0,3,2019,7,12,06:23,$154.56,Swipe Transaction,-2.45178E+17,La Verne,CA,91750,5311,
414,3,2019,10,27,14:31,$241.61,Chip Transaction,1.7153E+18,Rome,Italy,,3722,
0,0,2019,1,31,09:33,$70.85,Chip Transaction,4.05526E+18,La Verne,CA,91750,7538,
1,2,2019,3,22,06:56,$99.87,Chip Transaction,-5.90412E+18,Northfield Falls,VT,5664,5719,
1,2,2019,5,27,05:28,$17.21,Online Transaction,6.45521E+18, ONLINE,,,5815,
0,2,2019,1,28,06:13,$107.39,Chip Transaction,-2.45178E+17,La Verne,CA,91750,5311,
1101,6,2019,4,20,15:16,$34.15,Chip Transaction,-1.6423E+18,Rome,Italy,,5912,
1571,4,2019,4,2,13:07,$-76.00,Chip Transaction,-5.16204E+18,Rome,Italy,,5541,
1236,2,2019,1,12,18:42,$42.52,Chip Transaction,5.90183E+17,Rome,Italy,,5094,
634,5,2019,10,25,11:03,$13.75,Chip Transaction,5.90183E+17,Rome,Italy,,5094,
0,2,2020,1,8,06:16,$115.82,Chip Transaction,-2.45178E+17,La Verne,CA,91750,5311,
768,1,2019,4,20,10:48,$731.37,Chip Transaction,-2.91654E+18,Rome,Italy,,5712,
1,2,2019,2,7,03:56,$-472.00,Chip Transaction,1.7153E+18,San Antonio,TX,78251,3722,
1049,1,2019,9,17,19:10,$0.07,Chip Transaction,-2.45178E+17,Rome,Italy,,5311,
441,0,2019,6,25,10:30,$9.19,Chip Transaction,5.50735E+18,Rome,Italy,,4121,
0,3,2019,7,17,06:38,$125.56,Swipe Transaction,-7.27612E+17,Monterey Park,CA,91754,5411,
2,0,2019,10,8,04:11,$42.66,Online Transaction,-6.45844E+18, ONLINE,,,4784,
0,3,2019,9,2,06:36,$40.24,Swipe Transaction,-7.27612E+17,Monterey Park,CA,91754,5411,
0,3,2020,2,11,06:37,$37.83,Swipe Transaction,-5.47568E+18,Monterey Park,CA,91755,5942,
1,2,2019,6,21,06:51,$18.51,Chip Transaction,1.79919E+18,Little Neck,NY,11363,5499,
2,0,2019,1,6,17:58,$54.54,Chip Transaction,-2.47248E+18,West Covina,CA,91792,7538,
0,3,2020,2,3,06:24,$35.96,Swipe Transaction,-7.27612E+17,Monterey Park,CA,91754,5411,
1,4,2020,2,6,06:56,$17.74,Chip Transaction,1.79919E+18,Little Neck,NY,11363,5499,
680,1,2019,8,13,19:25,$109.88,Chip Transaction,3.01718E+18,Rome,Italy,,5921,
0,1,2019,7,8,06:07,$69.31,Chip Transaction,-2.45178E+17,La Verne,CA,91750,5311,
1099,3,2019,6,22,11:20,$122.42,Chip Transaction,-7.27612E+17,Rome,Italy,,5411,
0,3,2019,7,1,06:16,$122.85,Swipe Transaction,3.52721E+18,La Verne,CA,91750,5300,
840,3,2019,1,1,11:50,$79.35,Chip Transaction,-6.16179E+18,Rome,Italy,,3389,
1353,1,2019,1,26,19:51,$198.58,Chip Transaction,-1.6423E+18,Rome,Italy,,5912,
943,1,2019,6,6,18:58,$93.43,Swipe Transaction,9.05774E+18,Rome,Italy,,5311,
548,0,2019,8,15,15:31,$18.03,Chip Transaction,9.05774E+18,Rome,Italy,,5311,
1378,0,2019,3,12,11:44,$9.56,Chip Transaction,5.50735E+18,Rome,Italy,,4121,
0,3,2019,10,14,06:12,$95.55,Swipe Transaction,1.91348E+18,La Verne,CA,91750,5300,
2,0,2019,9,5,09:00,$35.44,Online Transaction,-6.45844E+18, ONLINE,,,4784,
0,3,2019,11,22,06:31,$30.03,Swipe Transaction,4.06065E+18,La Verne,CA,91750,5411,
0,0,2019,6,2,06:18,$141.72,Chip Transaction,3.52721E+18,La Verne,CA,91750,5300,
1,1,2019,9,19,08:22,$77.00,Chip Transaction,-5.16204E+18,Little Neck,NY,11363,5541,
1163,5,2019,1,26,14:48,$78.05,Chip Transaction,4.57388E+18,Rome,Italy,,5045,
1,1,2019,2,17,18:50,$117.01,Chip Transaction,9.70328E+16,Oakland Gardens,NY,11364,5411,
1304,4,2019,3,25,14:47,$-288.00,Chip Transaction,-7.80705E+18,Rome,Italy,,3684,
0,3,2019,7,19,16:41,$33.07,Online Transaction,4.24134E+18, ONLINE,,,4814,
0,0,2019,8,6,06:53,$40.97,Chip Transaction,4.06065E+18,La Verne,CA,91750,5411,
1,1,2019,1,27,06:33,$15.18,Chip Transaction,-4.79124E+18,Little Neck,NY,11363,5921,
1101,6,2019,4,18,12:39,$26.50,Chip Transaction,6.0514E+18,Rome,Italy,,5310,
414,3,2019,10,18,18:45,$39.07,Chip Transaction,9.05774E+18,Rome,Italy,,5311,
0,3,2019,4,22,06:42,$38.87,Swipe Transaction,-3.45515E+16,La Verne,CA,91750,5912,
1206,0,2019,9,6,19:13,$152.61,Chip Transaction,6.0514E+18,Rome,Italy,,5310,
1,1,2019,1,21,13:58,$79.70,Chip Transaction,-6.73834E+18,Corona,NY,11368,7538,
0,1,2019,4,30,06:15,$47.06,Chip Transaction,5.81722E+18,La Verne,CA,91750,5912,
1,2,2019,5,15,06:10,$13.40,Chip Transaction,1.79919E+18,Little Neck,NY,11363,5499,
2,0,2019,10,24,07:49,$5.96,Chip Transaction,-4.89106E+18,West Covina,CA,91792,5411,
1477,2,2019,4,5,13:35,$19.25,Chip Transaction,-2.45178E+17,Rome,Italy,,5311,
0,3,2020,2,5,21:09,$48.17,Swipe Transaction,-2.47414E+18,La Verne,CA,91750,7349,
1324,0,2019,6,18,12:11,$37.23,Chip Transaction,9.05774E+18,Rome,Italy,,5311,
2,0,2019,11,28,14:52,$45.42,Online Transaction,-6.45844E+18, ONLINE,,,4784,
2,0,2020,1,22,10:57,$13.10,Chip Transaction,4.72291E+18,Alhambra,CA,91801,5411,
1249,3,2019,6,28,11:29,$12.98,Chip Transaction,5.90183E+17,Rome,Italy,,5094,
0,3,2019,11,28,06:11,$127.23,Swipe Transaction,5.81722E+18,La Verne,CA,91750,5912,
0,0,2020,1,21,05:25,$140.61,Chip Transaction,-3.45515E+16,La Verne,CA,91750,5912,
1323,1,2019,2,12,16:49,$62.00,Chip Transaction,-1.28808E+18,Rome,Italy,,5499,
278,1,2019,4,16,14:17,$145.55,Chip Transaction,7.48862E+18,Rome,Italy,,5651,
0,3,2019,12,16,06:03,$126.69,Swipe Transaction,3.52721E+18,La Verne,CA,91750,5300,
2,0,2019,7,20,07:44,$9.52,Chip Transaction,-6.03533E+18,Alhambra,CA,91801,5812,
0,1,2019,3,11,09:50,$58.40,Chip Transaction,-3.34594E+18,La Verne,CA,91750,7538,
0,2,2019,1,22,13:14,$79.00,Chip Transaction,-1.28808E+18,La Verne,CA,91750,5499,
0,3,2019,7,31,06:23,$103.32,Swipe Transaction,4.06065E+18,La Verne,CA,91750,5411,
0,3,2019,12,10,06:04,$154.08,Swipe Transaction,1.91348E+18,La Verne,CA,91750,5300,
0,3,2019,7,17,06:21,$130.00,Swipe Transaction,-3.45515E+16,La Verne,CA,91750,5912,
1018,0,2019,6,28,14:40,$1.85,Chip Transaction,-7.27612E+17,Rome,Italy,,5411,"Bad PIN,"
204,1,2019,5,10,19:34,$73.52,Chip Transaction,9.05774E+18,Rome,Italy,,5311,
2,0,2020,1,10,14:41,$44.81,Online Transaction,-6.45844E+18, ONLINE,,,4784,"Bad Card Number,"
1607,4,2019,9,26,16:57,$24.07,Chip Transaction,6.0514E+18,Rome,Italy,,5310,
0,3,2019,8,14,06:00,$85.30,Swipe Transaction,3.52721E+18,La Verne,CA,91750,5300,
2,0,2019,4,25,13:40,$40.99,Online Transaction,-6.45844E+18, ONLINE,,,4784,
0,1,2019,3,23,06:43,$25.83,Chip Transaction,5.81722E+18,La Verne,CA,91750,5912,
767,0,2019,6,25,19:03,$92.86,Chip Transaction,-6.16179E+18,Rome,Italy,,3389,
0,3,2020,2,5,06:25,$77.64,Swipe Transaction,5.81722E+18,La Verne,CA,91750,5912,
1993,1,2019,5,28,10:55,$16.15,Chip Transaction,3.18952E+18,Rome,Italy,,5311,"Bad PIN,"
0,3,2019,6,10,06:44,$43.90,Swipe Transaction,5.81722E+18,La Verne,CA,91750,5912,
176,2,2019,10,1,16:24,$82.33,Chip Transaction,-1.12121E+17,Rome,Italy,,3509,
901,1,2019,4,16,15:42,$165.61,Chip Transaction,9.05774E+18,Rome,Italy,,5311,
1062,6,2019,8,6,11:04,$11.43,Chip Transaction,5.50735E+18,Rome,Italy,,4121,
611,0,2019,1,25,18:26,$0.61,Chip Transaction,3.18952E+18,Rome,Italy,,5311,
0,2,2019,8,27,06:12,$125.52,Chip Transaction,3.52721E+18,La Verne,CA,91750,5300,
1473,1,2019,10,17,14:43,$204.42,Chip Transaction,4.8349E+17,Rome,Italy,,3504,
1,2,2019,10,12,18:02,$-302.00,Chip Transaction,3.99132E+18,Harper Woods,MI,48225,3405,
1,1,2019,3,12,08:18,$-93.00,Chip Transaction,-5.16204E+18,Little Neck,NY,11363,5541,
1802,0,2019,2,19,11:44,$3.84,Swipe Transaction,-3.39554E+18,Rome,Italy,,5311,
1,3,2019,4,25,06:24,$25.37,Online Transaction,-5.21142E+17, ONLINE,,,5815,
1,1,2020,2,3,08:20,$-57.00,Chip Transaction,1.79919E+18,Little Neck,NY,11363,5499,
1,2,2019,4,30,11:05,$239.51,Chip Transaction,2.00729E+18,Little Neck,NY,11363,8011,
2,0,2019,9,1,04:56,$35.43,Online Transaction,-6.45844E+18, ONLINE,,,4784,
2,0,2019,6,1,09:47,$47.81,Online Transaction,-6.45844E+18, ONLINE,,,4784,
2,0,2019,1,23,23:56,$2.18,Chip Transaction,6.6665E+18,West Covina,CA,91792,5499,
1,4,2019,7,21,10:10,$41.32,Chip Transaction,-5.46792E+18,Oakland Gardens,NY,11364,5912,
0,3,2020,1,31,12:56,$22.68,Swipe Transaction,3.52721E+18,La Verne,CA,91750,5300,
2,0,2019,1,8,14:56,$54.45,Online Transaction,-6.45844E+18, ONLINE,,,4784,
0,2,2019,6,3,13:20,$95.00,Chip Transaction,2.02755E+18,Mira Loma,CA,91752,5541,
1060,4,2019,8,24,13:52,$45.08,Chip Transaction,-8.40529E+18,Rome,Italy,,5651,
1958,0,2019,7,18,12:11,$3.74,Chip Transaction,6.0514E+18,Rome,Italy,,5310,
1,2,2019,8,11,10:28,$73.86,Chip Transaction,1.91348E+18,Fresh Meadows,NY,11366,5300,
866,0,2019,8,3,19:21,$94.74,Chip Transaction,6.99836E+18,Rome,Italy,,5411,
517,3,2019,4,18,19:50,$-62.00,Chip Transaction,-1.28808E+18,Rome,Italy,,5499,
1364,2,2019,5,14,10:43,$23.01,Chip Transaction,6.99836E+18,Rome,Italy,,5411,
0,3,2019,4,4,08:18,$34.17,Swipe Transaction,-7.27612E+17,Monterey Park,CA,91754,5411,
1,2,2020,2,14,10:12,$178.24,Chip Transaction,2.09421E+18,Little Neck,NY,11363,6300,
1,2,2019,3,5,13:07,$48.94,Online Transaction,4.24134E+18, ONLINE,,,4814,
2,0,2019,1,3,04:00,$46.45,Online Transaction,-6.45844E+18, ONLINE,,,4784,
44,0,2019,6,20,11:38,$557.37,Swipe Transaction,-3.39554E+18,Rome,Italy,,5311,
0,1,2019,3,2,06:24,$105.98,Chip Transaction,3.52721E+18,La Verne,CA,91750,5300,
0,2,2019,9,12,13:46,$7.00,Chip Transaction,1.91348E+18,La Verne,CA,91750,5300,
2,0,2019,8,23,06:52,$45.21,Chip Transaction,4.72291E+18,Alhambra,CA,91801,5411,
0,1,2019,4,22,06:23,$153.27,Chip Transaction,4.06065E+18,La Verne,CA,91750,5411,
0,1,2020,1,26,06:20,$148.69,Chip Transaction,1.91348E+18,La Verne,CA,91750,5300,
1,1,2019,5,15,10:10,$73.40,Chip Transaction,6.4899E+18,Little Neck,NY,11363,5211,
1,1,2019,7,2,08:28,$98.65,Chip Transaction,-5.16204E+18,Little Neck,NY,11363,5541,
2,0,2019,2,8,09:34,$40.25,Online Transaction,-6.45844E+18, ONLINE,,,4784,
1223,2,2019,10,19,12:05,$6.36,Chip Transaction,5.50735E+18,Rome,Italy,,4121,
1109,0,2019,2,28,16:56,$25.14,Chip Transaction,9.05774E+18,Rome,Italy,,5311,
2,0,2019,3,15,09:39,$43.82,Online Transaction,-6.45844E+18, ONLINE,,,4784,
1353,1,2019,1,10,16:15,$22.58,Chip Transaction,-1.6423E+18,Rome,Italy,,5912,
829,3,2019,1,10,11:03,$2.99,Chip Transaction,9.05774E+18,Rome,Italy,,5311,
0,3,2019,3,15,13:23,$5.63,Swipe Transaction,-4.50054E+18,La Verne,CA,91750,5814,
822,3,2019,8,2,11:23,$50.56,Chip Transaction,-8.40529E+18,Rome,Italy,,5651,
2,0,2019,1,10,09:35,$46.89,Online Transaction,-6.45844E+18, ONLINE,,,4784,
1926,4,2019,6,13,10:49,$3.22,Chip Transaction,3.01718E+18,Rome,Italy,,5921,
0,2,2019,2,25,06:41,$44.24,Chip Transaction,5.81722E+18,La Verne,CA,91750,5912,
230,1,2019,1,12,18:47,$112.97,Chip Transaction,3.18952E+18,Rome,Italy,,5311,
1166,0,2019,6,28,18:47,$124.35,Chip Transaction,9.05774E+18,Rome,Italy,,5311,
0,1,2019,9,14,07:02,$36.84,Chip Transaction,4.06065E+18,La Verne,CA,91750,5411,
1191,3,2019,4,20,17:03,$0.73,Chip Transaction,-2.45178E+17,Rome,Italy,,5311,
1,1,2019,10,2,09:15,$927.77,Chip Transaction,1.3252E+18,Garden City,NY,11530,3132,
1206,0,2019,9,13,17:21,$124.55,Chip Transaction,9.05774E+18,Rome,Italy,,5311,
913,1,2019,4,25,16:53,$2.67,Swipe Transaction,6.0514E+18,Rome,Italy,,5310,
2,0,2019,8,25,09:31,$90.95,Chip Transaction,-4.5855E+18,West Covina,CA,91792,4900,
0,1,2019,8,28,13:05,$165.36,Chip Transaction,7.94533E+18,La Verne,CA,91750,4900,
1978,0,2019,4,18,14:41,$6.98,Chip Transaction,5.50735E+18,Rome,Italy,,4121,
2,0,2019,9,21,16:58,$10.53,Chip Transaction,8.7556E+17,West Covina,CA,91792,5921,
1327,3,2019,3,19,14:03,$109.46,Chip Transaction,1.90253E+17,Rome,Italy,,3359,
0,3,2019,5,25,13:28,$-89.00,Swipe Transaction,2.02755E+18,Mira Loma,CA,91752,5541,
840,3,2019,1,1,11:47,$15.11,Chip Transaction,5.50735E+18,Rome,Italy,,4121,
1166,0,2019,6,21,11:54,$70.13,Chip Transaction,-7.27612E+17,Rome,Italy,,5411,
2,0,2019,4,10,07:03,$31.41,Chip Transaction,1.43225E+18,Alhambra,CA,91803,7832,
813,4,2019,2,12,19:01,$7.39,Chip Transaction,3.41453E+18,Rome,Italy,,5651,
2,0,2019,2,19,09:42,$31.04,Online Transaction,-6.45844E+18, ONLINE,,,4784,
0,2,2019,4,3,19:10,$-195.00,Chip Transaction,4.55289E+18,Oakland,CA,94606,3596,
768,1,2019,4,19,15:36,$0.50,Chip Transaction,3.18952E+18,Rome,Italy,,5311,
0,2,2019,10,1,17:41,$6.61,Online Transaction,6.45521E+18, ONLINE,,,5815,
0,3,2020,1,6,23:26,$179.14,Online Transaction,3.69472E+18, ONLINE,,,4722,
0,0,2019,11,8,06:37,$46.87,Chip Transaction,4.06065E+18,La Verne,CA,91750,5411,
1237,0,2019,10,12,18:46,$43.62,Chip Transaction,6.0514E+18,Rome,Italy,,5310,
204,1,2019,5,9,15:02,$125.00,Chip Transaction,4.8349E+17,Rome,Italy,,3504,
1885,1,2019,7,19,16:02,$1.97,Chip Transaction,7.06958E+18,Rome,Italy,,5812,
1,2,2020,2,2,06:44,$123.08,Chip Transaction,-3.22224E+18,Little Neck,NY,11363,5651,
1,1,2019,5,7,13:07,$0.63,Chip Transaction,-5.47568E+18,Rego Park,NY,11374,5942,
478,0,2019,10,18,16:13,$107.58,Chip Transaction,2.91975E+18,Rome,Italy,,5932,
1885,1,2019,7,20,18:16,$6.68,Chip Transaction,-8.83014E+18,Rome,Italy,,5211,
1,1,2019,11,3,21:53,$3.53,Chip Transaction,1.91348E+18,Fresh Meadows,NY,11366,5300,
0,3,2020,1,8,06:55,$40.55,Swipe Transaction,-7.27612E+17,Monterey Park,CA,91754,5411,
1062,6,2019,8,10,14:14,$43.36,Chip Transaction,-2.45178E+17,Rome,Italy,,5311,
0,2,2019,7,23,07:22,$146.00,Chip Transaction,4.06065E+18,La Verne,CA,91750,5411,
1,2,2019,8,16,06:36,$14.73,Chip Transaction,1.79919E+18,Little Neck,NY,11363,5499,
2,0,2019,5,24,09:32,$70.36,Online Transaction,-6.45844E+18, ONLINE,,,4784,
0,3,2019,6,2,14:51,$106.50,Swipe Transaction,3.52721E+18,La Verne,CA,91750,5300,
2,0,2020,2,27,06:47,$9.50,Chip Transaction,4.72291E+18,Alhambra,CA,91801,5411,
882,0,2019,1,31,15:59,$6.49,Chip Transaction,-3.39554E+18,Rome,Italy,,5311,
1487,4,2019,5,9,11:39,$104.70,Chip Transaction,-6.16179E+18,Rome,Italy,,3389,
1558,2,2019,5,18,13:17,$205.25,Chip Transaction,9.05774E+18,Rome,Italy,,5311,
0,1,2019,10,15,01:41,$358.00,Chip Transaction,4.8349E+17,Detroit,MI,48207,3504,
2,0,2019,2,20,14:36,$39.30,Chip Transaction,4.72291E+18,Alhambra,CA,91801,5411,
1776,0,2019,9,7,11:36,$17.09,Chip Transaction,6.99836E+18,Rome,Italy,,5411,
1,4,2019,12,15,06:36,$14.28,Chip Transaction,1.79919E+18,Little Neck,NY,11363,5499,
0,0,2019,9,30,06:47,$124.38,Chip Transaction,4.06065E+18,La Verne,CA,91750,5411,
1,2,2019,10,18,06:45,$116.57,Chip Transaction,-8.40529E+18,Jackson Heights,NY,11372,5651,
579,1,2019,3,29,15:51,$22.42,Chip Transaction,6.0514E+18,Rome,Italy,,5310,
0,3,2019,4,30,06:57,$35.90,Swipe Transaction,-3.45515E+16,La Verne,CA,91750,5912,
0,1,2019,7,22,10:32,$26.23,Chip Transaction,-8.68256E+16,La Verne,CA,91750,7230,
0,3,2019,12,10,13:00,$264.01,Swipe Transaction,-8.97869E+18,La Verne,CA,91750,8021,
1689,1,2019,3,22,15:21,$26.85,Chip Transaction,-8.80451E+18,Rome,Italy,,5712,
2,0,2019,4,3,04:50,$41.37,Online Transaction,-6.45844E+18, ONLINE,,,4784,
0,1,2019,12,30,20:17,$84.94,Chip Transaction,5.2051E+18,San Antonio,TX,78259,5812,
1958,4,2019,2,22,19:59,$35.15,Chip Transaction,3.18952E+18,Rome,Italy,,5311,
0,3,2019,1,20,13:18,$9.72,Swipe Transaction,-1.60579E+18,La Verne,CA,91750,5812,
1,2,2019,9,26,13:03,$18.25,Chip Transaction,-7.05207E+18,Little Neck,NY,11363,5814,
1993,1,2019,5,30,11:22,$4.42,Chip Transaction,-5.67429E+18,Rome,Italy,,5733,
0,1,2019,5,5,08:43,$49.21,Chip Transaction,-3.34594E+18,La Verne,CA,91750,7538,
0,2,2019,4,27,13:03,$-66.00,Chip Transaction,2.02755E+18,Mira Loma,CA,91752,5541,
1008,4,2019,9,27,15:41,$29.33,Chip Transaction,-1.28808E+18,Rome,Italy,,5499,
1298,2,2019,9,7,15:47,$34.67,Swipe Transaction,3.01718E+18,Rome,Italy,,5921,
0,1,2019,4,29,13:48,$47.42,Chip Transaction,3.18952E+18,La Verne,CA,91750,5311,
2,0,2019,8,23,06:55,$35.55,Chip Transaction,-3.26567E+18,West Covina,CA,91792,7832,
0,2,2020,1,25,14:26,$63.33,Chip Transaction,6.66197E+18,Ontario,CA,91761,5211,
2,0,2019,9,4,15:48,$48.73,Online Transaction,-6.45844E+18, ONLINE,,,4784,
1,4,2019,1,4,13:21,$0.69,Chip Transaction,1.91348E+18,Fresh Meadows,NY,11366,5300,
0,2,2020,1,2,13:25,$12.17,Chip Transaction,-1.09672E+18,San Antonio,TX,78258,5812,
0,3,2019,1,18,13:03,$12.70,Swipe Transaction,-5.0235E+18,Mira Loma,CA,91752,5812,
256,0,2019,7,9,18:37,$55.19,Chip Transaction,6.0514E+18,Rome,Italy,,5310,
0,3,2020,1,5,17:42,$6.00,Online Transaction,-5.21142E+17, ONLINE,,,5815,"Technical Glitch,"
1780,3,2019,6,14,11:42,$0.87,Swipe Transaction,-7.14667E+18,Rome,Italy,,5970,
914,4,2019,1,19,19:12,$90.20,Chip Transaction,7.48862E+18,Rome,Italy,,5651,
940,2,2019,10,11,19:06,$275.04,Chip Transaction,-3.39554E+18,Rome,Italy,,5311,
0,3,2019,6,12,05:09,$130.25,Swipe Transaction,1.91348E+18,La Verne,CA,91750,5300,
0,0,2019,1,26,20:28,$159.65,Online Transaction,4.24134E+18, ONLINE,,,4814,
0,3,2019,4,12,12:02,$60.68,Swipe Transaction,2.02755E+18,Mira Loma,CA,91752,5541,
0,3,2019,2,20,14:14,$663.02,Swipe Transaction,4.85928E+18,La Verne,CA,91750,5932,
0,2,2019,3,10,06:50,$43.68,Chip Transaction,-3.45515E+16,La Verne,CA,91750,5912,
1546,2,2019,3,19,12:41,$22.70,Chip Transaction,5.90183E+17,Rome,Italy,,5094,
0,1,2019,10,26,23:53,$171.87,Chip Transaction,4.8349E+17,Detroit,MI,48207,3504,
450,0,2019,3,21,14:37,$19.16,Chip Transaction,9.05774E+18,Rome,Italy,,5311,
1405,1,2019,5,24,14:47,$4.82,Chip Transaction,-3.15872E+18,Rome,Italy,,5812,
0,0,2020,1,1,06:14,$88.88,Chip Transaction,-8.82635E+18,San Antonio,TX,78266,5411,
240,2,2019,7,2,15:47,$70.83,Chip Transaction,4.57388E+18,Rome,Italy,,5045,
0,1,2020,1,25,13:20,$63.01,Chip Transaction,-1.28808E+18,La Verne,CA,91750,5499,
517,3,2019,4,23,13:48,$9.98,Chip Transaction,-3.39554E+18,Rome,Italy,,5311,
2,0,2019,10,23,16:34,$10.70,Swipe Transaction,2.02755E+18,West Covina,CA,91792,5541,
1776,0,2019,9,10,13:36,$30.38,Chip Transaction,9.05774E+18,Rome,Italy,,5311,
1316,2,2019,2,16,14:47,$695.01,Chip Transaction,-8.80451E+18,Rome,Italy,,5712,
777,2,2019,7,20,13:02,$6.93,Chip Transaction,-1.6423E+18,Rome,Italy,,5912,
1006,1,2019,1,29,18:05,$8.19,Chip Transaction,-3.39554E+18,Rome,Italy,,5311,
1,3,2019,8,25,18:45,$68.45,Chip Transaction,-5.0235E+18,Little Neck,NY,11363,5812,
1,2,2019,8,19,09:26,$197.68,Chip Transaction,-6.40666E+18,Detroit,MI,48227,3390,
1607,3,2019,10,22,13:14,$-52.00,Chip Transaction,-1.28808E+18,Rome,Italy,,5499,
441,0,2019,6,22,15:21,$120.43,Chip Transaction,3.18952E+18,Rome,Italy,,5311,
0,2,2019,5,2,13:11,$10.12,Chip Transaction,2.02755E+18,Mira Loma,CA,91752,5541,
1,1,2019,5,5,15:26,$16.84,Chip Transaction,6.09856E+18,Elmhurst,NY,11373,4214,
2,0,2019,7,6,09:41,$49.90,Online Transaction,-6.45844E+18, ONLINE,,,4784,
204,1,2019,5,9,18:01,$9.30,Chip Transaction,2.91975E+18,Rome,Italy,,5932,
1780,1,2019,3,8,17:53,$420.00,Swipe Transaction,4.8349E+17,Rome,Italy,,3504,
1,3,2020,2,27,06:39,$8.73,Chip Transaction,-4.79124E+18,Little Neck,NY,11363,5921,
0,2,2019,9,19,13:18,$-94.00,Chip Transaction,-1.28808E+18,La Verne,CA,91750,5499,
1780,3,2019,6,14,16:12,$11.97,Swipe Transaction,9.05774E+18,Rome,Italy,,5311,
0,1,2019,5,19,06:15,$122.18,Chip Transaction,4.06065E+18,La Verne,CA,91750,5411,"Insufficient Balance,"
1207,0,2019,10,11,19:33,$0.58,Chip Transaction,-7.27612E+17,Rome,Italy,,5411,
1725,0,2019,7,30,16:49,$29.19,Chip Transaction,-2.45178E+17,Rome,Italy,,5311,
0,3,2020,2,11,21:49,$52.93,Swipe Transaction,7.94533E+18,La Verne,CA,91750,4900,
0,1,2019,11,25,06:29,$120.59,Chip Transaction,-7.27612E+17,Monterey Park,CA,91754,5411,
414,3,2019,10,26,13:34,$474.00,Chip Transaction,-3.36283E+18,Rome,Italy,,7011,
0,0,2019,7,4,19:38,$74.87,Swipe Transaction,-1.60579E+18,La Verne,CA,91750,5812,
0,0,2019,9,1,06:46,$28.55,Chip Transaction,5.81722E+18,La Verne,CA,91750,5912,
2,0,2019,4,28,09:46,$132.36,Chip Transaction,-1.36149E+18,Rosemead,CA,91772,4111,
377,2,2019,9,5,18:30,$7.27,Chip Transaction,1.79919E+18,Rome,Italy,,5499,
0,0,2019,6,7,13:16,$11.20,Chip Transaction,-4.50054E+18,La Verne,CA,91750,5814,
2,0,2019,6,22,14:42,$46.78,Online Transaction,-6.45844E+18, ONLINE,,,4784,
450,0,2019,3,26,11:07,$3.06,Chip Transaction,-6.16179E+18,Rome,Italy,,3389,
2,0,2019,4,22,06:36,$11.07,Chip Transaction,-5.86136E+18,West Covina,CA,91792,5912,
44,0,2019,6,18,13:09,$273.00,Swipe Transaction,-3.36283E+18,Rome,Italy,,7011,
1,4,2019,5,6,21:24,$27.05,Chip Transaction,2.13217E+18,Little Neck,NY,11363,5813,
1,2,2019,12,17,13:33,$102.28,Chip Transaction,-3.34594E+18,Whitehouse,TX,75791,7538,
299,0,2019,1,11,12:31,$14.95,Chip Transaction,-8.83014E+18,Rome,Italy,,5211,
2,0,2019,7,7,14:30,$51.40,Online Transaction,-6.45844E+18, ONLINE,,,4784,
0,0,2019,1,6,20:10,$68.43,Chip Transaction,-2.74491E+18,North Grafton,MA,1536,5812,
299,0,2019,1,10,17:41,$11.88,Chip Transaction,6.66197E+18,Rome,Italy,,5211,
1977,0,2019,10,26,15:15,$112.44,Chip Transaction,6.0514E+18,Rome,Italy,,5310,
1,4,2019,5,30,09:20,$4.77,Chip Transaction,-5.46792E+18,Oakland Gardens,NY,11364,5912,
1315,2,2019,10,18,17:14,$4.23,Chip Transaction,-7.27612E+17,Rome,Italy,,5411,
1323,1,2019,2,22,17:01,$9.04,Chip Transaction,-3.39554E+18,Rome,Italy,,5311,
114,1,2019,10,11,12:17,$79.97,Chip Transaction,-2.45178E+17,Rome,Italy,,5311,
946,1,2019,6,4,18:30,$74.00,Chip Transaction,4.57388E+18,Rome,Italy,,5045,
0,3,2019,9,14,15:44,$10.74,Swipe Transaction,-2.45178E+17,La Verne,CA,91750,5311,
628,0,2019,7,16,18:26,$0.01,Chip Transaction,6.66197E+18,Rome,Italy,,5211,
0,2,2019,6,19,20:39,$43.13,Online Transaction,-9.09268E+18, ONLINE,,,4900,
1,2,2019,7,16,22:09,$100.00,Chip Transaction,-4.28247E+18,Oakland Gardens,NY,11364,4829,
1206,0,2019,8,27,04:04,$5.62,Chip Transaction,4.8349E+17,Rome,Italy,,3504,
556,0,2019,7,26,18:13,$0.03,Chip Transaction,6.6665E+18,Rome,Italy,,5499,
1,1,2020,2,1,18:33,$63.36,Chip Transaction,-7.05207E+18,Little Neck,NY,11363,5814,
946,1,2019,6,6,15:18,$0.11,Chip Transaction,-8.83014E+18,Rome,Italy,,5211,
0,0,2020,1,16,09:52,$34.19,Chip Transaction,4.05526E+18,La Verne,CA,91750,7538,
0,3,2019,2,3,16:33,$131.84,Swipe Transaction,-5.14953E+18,La Verne,CA,91750,5655,
1237,0,2019,10,25,11:22,$287.98,Chip Transaction,4.8349E+17,Rome,Italy,,3504,
785,0,2019,5,16,14:09,$4.85,Chip Transaction,-7.27612E+17,Rome,Italy,,5411,
2,0,2019,2,8,05:58,$36.06,Online Transaction,-6.45844E+18, ONLINE,,,4784,
230,1,2019,1,24,14:57,$0.01,Chip Transaction,5.50735E+18,Rome,Italy,,4121,
1576,3,2019,6,1,14:20,$52.36,Chip Transaction,6.0514E+18,Rome,Italy,,5310,
548,0,2019,8,29,11:02,$5.59,Chip Transaction,9.05774E+18,Rome,Italy,,5311,
813,4,2019,2,8,17:57,$46.40,Chip Transaction,9.05774E+18,Rome,Italy,,5311,
1,1,2020,1,19,04:21,$132.95,Chip Transaction,-6.09472E+18,Little Neck,NY,11363,4900,
1455,1,2019,1,31,13:14,$330.35,Chip Transaction,-1.59553E+18,Rome,Italy,,3005,
1731,0,2019,8,9,17:44,$134.32,Chip Transaction,-8.83014E+18,Rome,Italy,,5211,
620,1,2019,8,8,12:59,$-57.00,Chip Transaction,-5.16204E+18,Rome,Italy,,5541,
1945,1,2019,9,27,16:14,$602.10,Chip Transaction,-8.80451E+18,Rome,Italy,,5712,
0,3,2020,2,27,15:22,$-295.00,Swipe Transaction,7.83406E+18,New York,NY,10128,3395,
2,0,2019,1,13,05:22,$56.91,Online Transaction,-6.45844E+18, ONLINE,,,4784,
0,1,2019,3,5,06:42,$35.84,Chip Transaction,-5.47568E+18,Monterey Park,CA,91755,5942,
0,0,2019,5,12,06:57,$59.86,Chip Transaction,5.81722E+18,La Verne,CA,91750,5912,
866,1,2019,5,17,13:41,$64.03,Chip Transaction,6.0514E+18,Rome,Italy,,5310,
0,3,2019,8,30,06:38,$51.89,Swipe Transaction,4.06065E+18,La Verne,CA,91750,5411,
0,1,2019,9,29,06:17,$157.61,Chip Transaction,3.52721E+18,La Verne,CA,91750,5300,
0,2,2019,6,7,12:50,$156.77,Online Transaction,-9.09268E+18, ONLINE,,,4900,
1,1,2019,2,3,06:42,$315.38,Chip Transaction,1.91348E+18,Fresh Meadows,NY,11366,5300,
1993,1,2019,6,15,09:02,$-162.00,Chip Transaction,-1.12121E+17,Rome,Italy,,3509,
1060,4,2019,8,22,11:29,$7.19,Chip Transaction,9.05774E+18,Rome,Italy,,5311,
2,0,2020,1,27,15:28,$37.50,Online Transaction,-6.45844E+18, ONLINE,,,4784,
1099,3,2019,6,13,19:18,$130.66,Chip Transaction,5.90183E+17,Rome,Italy,,5094,
1917,0,2019,4,4,13:15,$11.15,Chip Transaction,5.90183E+17,Rome,Italy,,5094,
1895,0,2019,2,5,12:13,$287.77,Chip Transaction,-8.80451E+18,Rome,Italy,,5712,
943,1,2019,6,6,15:48,$14.88,Swipe Transaction,-5.67429E+18,Rome,Italy,,5733,
579,1,2019,3,26,11:21,$821.19,Chip Transaction,-3.94366E+18,Rome,Italy,,5712,
1,2,2019,12,2,21:42,$3.50,Online Transaction,-7.42109E+18, ONLINE,,,5311,
1419,3,2019,3,29,14:14,$10.89,Chip Transaction,-3.39554E+18,Rome,Italy,,5311,
0,3,2019,12,29,13:04,$94.34,Swipe Transaction,-3.72029E+18,San Antonio,TX,78258,4900,
1576,3,2019,5,17,19:50,$173.46,Chip Transaction,1.7153E+18,Rome,Italy,,3722,
2,0,2019,6,27,14:39,$46.42,Online Transaction,-6.45844E+18, ONLINE,,,4784,
182,0,2019,1,12,17:01,$4.02,Chip Transaction,-7.14667E+18,Rome,Italy,,5970,
0,2,2019,4,1,07:02,$32.08,Chip Transaction,-3.45515E+16,La Verne,CA,91750,5912,
0,1,2019,9,8,10:51,$23.37,Chip Transaction,-8.68256E+16,La Verne,CA,91750,7230,
1,1,2019,12,27,18:05,$110.62,Chip Transaction,9.70328E+16,Oakland Gardens,NY,11364,5411,
1607,3,2019,10,18,10:35,$47.85,Chip Transaction,6.0514E+18,Rome,Italy,,5310,
1,4,2019,8,28,06:54,$11.19,Chip Transaction,-4.79124E+18,Little Neck,NY,11363,5921,
1741,2,2019,8,17,13:40,$5.84,Chip Transaction,-3.39554E+18,Rome,Italy,,5311,
0,1,2019,7,13,09:47,$69.50,Chip Transaction,3.95215E+18,La Verne,CA,91750,7538,
2,0,2019,10,27,14:38,$38.41,Chip Transaction,-6.76107E+18,Alhambra,CA,91801,5310,
2,0,2019,6,24,06:52,$13.90,Chip Transaction,-5.47568E+18,Spring Valley,CA,91977,5942,
1414,0,2019,3,2,18:56,$397.00,Chip Transaction,4.8349E+17,Rome,Italy,,3504,
1,2,2019,8,12,13:13,$16.48,Chip Transaction,8.91968E+18,Ogdensburg,NJ,7439,5814,
0,3,2019,8,9,06:03,$118.45,Swipe Transaction,3.52721E+18,La Verne,CA,91750,5300,
0,2,2019,6,19,06:51,$134.06,Chip Transaction,2.02755E+18,Mira Loma,CA,91752,5541,
0,2,2019,3,17,06:31,$34.27,Chip Transaction,-5.47568E+18,Monterey Park,CA,91755,5942,
1551,2,2019,8,6,15:08,$8.19,Chip Transaction,-7.27612E+17,Rome,Italy,,5411,
1101,6,2019,5,16,13:00,$182.00,Chip Transaction,-1.12121E+17,Rome,Italy,,3509,
2,0,2019,11,30,10:36,$28.99,Chip Transaction,-4.5855E+18,West Covina,CA,91792,4900,
0,3,2019,8,28,06:43,$174.94,Swipe Transaction,5.81722E+18,La Verne,CA,91750,5912,
1717,4,2019,8,2,18:30,$11.31,Swipe Transaction,5.50735E+18,Rome,Italy,,4121,
1776,2,2019,2,8,18:44,$39.70,Chip Transaction,-7.27612E+17,Rome,Italy,,5411,"Insufficient Balance,"
1571,4,2019,3,30,10:40,$20.47,Chip Transaction,5.90183E+17,Rome,Italy,,5094,
0,3,2020,1,23,20:01,$79.59,Swipe Transaction,5.2328E+18,Livingston,CA,95334,5814,
1,2,2020,2,24,07:09,$16.86,Chip Transaction,1.79919E+18,Little Neck,NY,11363,5499,
0,3,2019,2,10,06:43,$51.32,Swipe Transaction,-3.45515E+16,La Verne,CA,91750,5912,
0,3,2019,2,11,09:30,$62.21,Swipe Transaction,3.95215E+18,La Verne,CA,91750,7538,
1201,3,2019,5,23,14:37,$8.91,Swipe Transaction,6.99836E+18,Rome,Italy,,5411,
1,4,2020,1,7,21:13,$26.32,Chip Transaction,-2.82344E+18,Beijing,China,,5813,
908,1,2019,10,5,16:37,$492.95,Chip Transaction,-3.39554E+18,Rome,Italy,,5311,
425,2,2019,2,28,15:26,$455.99,Chip Transaction,-5.54669E+17,Rome,Italy,,3008,
1,1,2019,10,24,05:08,$17.31,Online Transaction,6.45521E+18, ONLINE,,,5815,
1,1,2019,4,11,06:45,$114.03,Chip Transaction,-3.39554E+18,Oshkosh,WI,54901,5311,
1323,1,2019,2,19,14:53,$5.49,Chip Transaction,6.99836E+18,Rome,Italy,,5411,
1683,1,2019,9,27,18:51,$29.98,Chip Transaction,3.01718E+18,Rome,Italy,,5921,
0,0,2019,5,31,13:40,$8.64,Chip Transaction,3.52721E+18,La Verne,CA,91750,5300,
0,3,2019,4,9,16:57,$85.98,Swipe Transaction,3.41453E+18,Monterey Park,CA,91754,5651,
2,0,2019,8,29,07:35,$5.50,Chip Transaction,-6.03533E+18,Alhambra,CA,91801,5812,
0,0,2019,2,10,11:38,$1.54,Chip Transaction,6.6665E+18,La Verne,CA,91750,5499,
466,1,2019,8,3,15:46,$1.71,Chip Transaction,6.99836E+18,Rome,Italy,,5411,
1315,2,2019,10,22,15:41,$11.18,Chip Transaction,-4.75206E+18,Rome,Italy,,4214,
1597,2,2019,7,23,15:26,$19.16,Chip Transaction,-7.27612E+17,Rome,Italy,,5411,
1,1,2019,12,30,13:50,$122.50,Chip Transaction,-3.49962E+18,Little Neck,NY,11363,7538,
0,3,2019,6,17,06:10,$119.48,Swipe Transaction,1.91348E+18,La Verne,CA,91750,5300,"Insufficient Balance,"
1,2,2019,8,14,01:30,$-230.00,Chip Transaction,-1.00748E+18,Marysville,OH,43040,3780,
938,1,2019,1,31,11:36,$87.09,Chip Transaction,-7.27612E+17,Rome,Italy,,5411,
1790,0,2019,3,12,16:09,$136.79,Chip Transaction,-7.9481E+17,Rome,Italy,,5814,
0,3,2019,9,9,06:19,$80.00,Swipe Transaction,-4.28247E+18,Mira Loma,CA,91752,4829,
1164,0,2019,5,11,17:28,$13.28,Chip Transaction,6.0514E+18,Rome,Italy,,5310,
230,1,2019,1,22,14:14,$43.23,Chip Transaction,-2.45178E+17,Rome,Italy,,5311,
0,3,2019,4,18,06:56,$30.51,Swipe Transaction,-3.45515E+16,La Verne,CA,91750,5912,
740,1,2019,4,20,12:08,$92.84,Chip Transaction,-8.83014E+18,Rome,Italy,,5211,
1607,3,2019,10,18,16:56,$3.09,Chip Transaction,-7.27612E+17,Rome,Italy,,5411,
1477,2,2019,4,25,11:53,$473.81,Chip Transaction,-3.94366E+18,Rome,Italy,,5712,
0,2,2019,3,10,13:20,$10.48,Chip Transaction,4.06065E+18,La Verne,CA,91750,5411,
0,3,2019,1,9,06:54,$160.93,Swipe Transaction,1.13964E+18,Oxford,MA,1540,5541,
1,1,2019,6,2,07:25,$100.18,Chip Transaction,-3.39554E+18,Oakland Gardens,NY,11364,5311,
914,4,2019,1,25,12:59,$10.17,Chip Transaction,-5.16204E+18,Rome,Italy,,5541,
1725,0,2019,8,1,17:17,$12.88,Chip Transaction,5.50735E+18,Rome,Italy,,4121,
2,0,2019,12,22,16:55,$21.74,Chip Transaction,1.79919E+18,Alhambra,CA,91801,5499,
425,2,2019,2,15,16:17,$118.42,Chip Transaction,4.57388E+18,Rome,Italy,,5045,
2,0,2019,3,24,06:39,$6.62,Chip Transaction,-4.89106E+18,West Covina,CA,91792,5411,
341,2,2019,5,2,13:54,$35.49,Chip Transaction,-2.45178E+17,Rome,Italy,,5311,
0,3,2019,5,3,06:50,$39.43,Swipe Transaction,-7.27612E+17,Monterey Park,CA,91754,5411,
680,1,2019,8,10,17:37,$21.61,Chip Transaction,9.05774E+18,Rome,Italy,,5311,
1781,1,2019,5,4,10:37,$0.18,Chip Transaction,6.0514E+18,Rome,Italy,,5310,
2,0,2019,12,22,23:30,$2.01,Chip Transaction,6.6665E+18,West Covina,CA,91792,5499,
2,0,2019,10,20,23:57,$1.91,Chip Transaction,6.6665E+18,West Covina,CA,91792,5499,
0,3,2019,5,28,06:55,$150.42,Swipe Transaction,5.81722E+18,La Verne,CA,91750,5912,
813,4,2019,1,17,16:38,$1.16,Chip Transaction,-6.01867E+18,Rome,Italy,,5947,
1047,2,2019,1,22,12:35,$0.03,Chip Transaction,2.91975E+18,Rome,Italy,,5932,
0,2,2020,2,25,23:11,$150.00,Chip Transaction,1.27047E+18,Waianae,HI,96792,3730,
1008,4,2019,10,5,13:04,$43.88,Chip Transaction,-2.45178E+17,Rome,Italy,,5311,
0,2,2020,1,4,13:04,$14.69,Chip Transaction,-4.50054E+18,San Antonio,TX,78258,5814,
0,2,2020,2,7,06:33,$157.33,Chip Transaction,1.91348E+18,La Verne,CA,91750,5300,
2,0,2019,9,1,14:34,$46.58,Online Transaction,-6.45844E+18, ONLINE,,,4784,
2,0,2019,6,29,11:06,$54.00,Swipe Transaction,2.02755E+18,West Covina,CA,91792,5541,
1353,1,2019,1,18,11:06,$91.00,Chip Transaction,1.79919E+18,Rome,Italy,,5499,
0,0,2019,2,10,13:15,$31.68,Online Transaction,-6.16004E+18, ONLINE,,,4121,
162,2,2019,6,28,14:58,$35.95,Swipe Transaction,-7.27612E+17,Rome,Italy,,5411,
0,3,2019,4,18,06:27,$155.48,Swipe Transaction,4.06065E+18,La Verne,CA,91750,5411,
2,0,2019,11,5,23:55,$1.75,Chip Transaction,6.6665E+18,West Covina,CA,91792,5499,
0,3,2019,5,11,09:34,$131.27,Swipe Transaction,7.94533E+18,La Verne,CA,91750,4900,
785,0,2019,5,3,16:02,$0.68,Chip Transaction,-2.45178E+17,Rome,Italy,,5311,
781,0,2019,10,24,13:52,$213.06,Chip Transaction,1.7153E+18,Rome,Italy,,3722,
2,0,2019,6,22,04:34,$65.55,Online Transaction,-6.45844E+18, ONLINE,,,4784,
1933,2,2019,8,16,15:19,$-292.00,Swipe Transaction,4.8349E+17,Rome,Italy,,3504,
0,3,2020,1,4,06:05,$115.71,Swipe Transaction,-5.16204E+18,San Antonio,TX,78258,5541,
0,2,2019,1,17,06:06,$82.82,Chip Transaction,-3.45515E+16,La Verne,CA,91750,5912,
1400,0,2019,4,26,12:45,$0.38,Chip Transaction,-3.15872E+18,Rome,Italy,,5812,
410,1,2019,9,19,13:44,$183.30,Chip Transaction,-1.6423E+18,Rome,Italy,,5912,
0,3,2019,12,6,06:28,$121.41,Swipe Transaction,4.06065E+18,La Verne,CA,91750,5411,"Insufficient Balance,"
0,1,2019,3,17,06:27,$151.63,Chip Transaction,4.06065E+18,La Verne,CA,91750,5411,
0,3,2019,7,1,20:08,$153.83,Swipe Transaction,8.38425E+17,Mira Loma,CA,91752,4814,
2,0,2019,2,25,16:30,$59.80,Chip Transaction,-4.16511E+18,West Covina,CA,91792,7538,
0,3,2019,12,18,06:10,$117.22,Swipe Transaction,-7.27612E+17,Monterey Park,CA,91754,5411,
2,0,2019,9,22,14:31,$49.70,Online Transaction,-6.45844E+18, ONLINE,,,4784,
0,2,2019,5,31,13:19,$-97.00,Chip Transaction,-1.28808E+18,La Verne,CA,91750,5499,
1,1,2019,5,2,21:42,$171.66,Chip Transaction,5.23774E+18,Las Vegas,NV,89148,3775,
0,3,2019,7,6,06:06,$114.93,Swipe Transaction,4.06065E+18,La Verne,CA,91750,5411,
509,1,2019,1,3,17:05,$16.50,Swipe Transaction,-8.83014E+18,Rome,Italy,,5211,
913,1,2019,5,2,17:39,$74.55,Swipe Transaction,6.66197E+18,Rome,Italy,,5211,
0,2,2019,6,11,13:32,$7.15,Chip Transaction,-2.83951E+18,La Verne,CA,91750,8099,
727,1,2019,9,3,16:07,$14.78,Chip Transaction,3.18952E+18,Rome,Italy,,5311,
2,0,2019,12,29,09:39,$41.13,Online Transaction,-6.45844E+18, ONLINE,,,4784,
1,1,2019,1,5,15:33,$230.07,Chip Transaction,4.93736E+18,Little Neck,NY,11363,5300,
0,3,2019,7,16,06:45,$42.29,Swipe Transaction,4.06065E+18,La Verne,CA,91750,5411,
0,2,2019,12,4,14:12,$1.97,Chip Transaction,2.02755E+18,Mira Loma,CA,91752,5541,
2,0,2019,10,12,04:47,$47.58,Online Transaction,-6.45844E+18, ONLINE,,,4784,
283,0,2019,7,30,12:34,$31.50,Chip Transaction,-2.45178E+17,Rome,Italy,,5311,
0,1,2020,1,4,06:49,$41.05,Chip Transaction,5.66055E+18,San Antonio,TX,78258,5912,
517,3,2019,4,23,13:59,$75.01,Chip Transaction,6.0514E+18,Rome,Italy,,5310,
785,0,2019,5,11,18:12,$305.29,Chip Transaction,1.7153E+18,Rome,Italy,,3722,
1405,1,2019,5,23,14:47,$8.94,Chip Transaction,5.50735E+18,Rome,Italy,,4121,
2,0,2019,2,17,14:09,$44.84,Online Transaction,-6.45844E+18, ONLINE,,,4784,
1515,5,2019,4,9,18:07,$158.95,Chip Transaction,6.0514E+18,Rome,Italy,,5310,
813,4,2019,1,22,16:52,$22.15,Chip Transaction,-1.6423E+18,Rome,Italy,,5912,
1,2,2019,7,11,03:12,$42.90,Chip Transaction,9.70328E+16,Oakland Gardens,NY,11364,5411,
1,1,2019,11,29,10:38,$67.91,Chip Transaction,1.10189E+18,Little Neck,NY,11363,5310,
0,3,2019,12,20,13:09,$16.54,Swipe Transaction,-1.60579E+18,La Verne,CA,91750,5812,
1,4,2020,2,1,06:52,$15.77,Chip Transaction,-5.16204E+18,Little Neck,NY,11363,5541,
0,1,2019,4,13,20:09,$75.57,Swipe Transaction,-1.60579E+18,La Verne,CA,91750,5812,
1,1,2019,11,27,22:24,$100.00,Chip Transaction,-4.28247E+18,Oakland Gardens,NY,11364,4829,
2,0,2019,1,13,04:39,$32.96,Online Transaction,-6.45844E+18, ONLINE,,,4784,
0,2,2019,6,16,07:04,$128.40,Chip Transaction,-3.45515E+16,La Verne,CA,91750,5912,
2,0,2019,10,4,07:30,$9.34,Chip Transaction,-7.80474E+18,West Covina,CA,91792,5812,
2,0,2019,3,25,23:53,$1.36,Chip Transaction,6.6665E+18,West Covina,CA,91792,5499,
1477,2,2019,3,23,13:29,$139.48,Chip Transaction,-1.6423E+18,Rome,Italy,,5912,
1607,3,2019,10,17,18:31,$133.22,Chip Transaction,6.66197E+18,Rome,Italy,,5211,
114,1,2019,10,10,15:32,$8.73,Chip Transaction,2.91975E+18,Rome,Italy,,5932,
0,1,2019,11,20,07:25,$29.22,Chip Transaction,-3.45515E+16,La Verne,CA,91750,5912,
2,1,2019,1,1,23:56,$1.98,Swipe Transaction,6.6665E+18,West Covina,CA,91792,5499,
0,3,2019,8,11,06:57,$37.20,Swipe Transaction,5.81722E+18,La Verne,CA,91750,5912,
914,4,2019,1,19,13:35,$5.31,Chip Transaction,-2.45178E+17,Rome,Italy,,5311,
1581,1,2019,6,15,14:44,$96.00,Chip Transaction,2.02755E+18,Rome,Italy,,5541,
0,2,2019,5,9,13:37,$41.42,Chip Transaction,2.02755E+18,Mira Loma,CA,91752,5541,
1425,7,2019,7,18,13:52,$248.23,Chip Transaction,1.7153E+18,Rome,Italy,,3722,
908,1,2019,10,13,10:21,$-145.00,Chip Transaction,1.90253E+17,Rome,Italy,,3359,
1731,0,2019,8,8,12:08,$123.34,Chip Transaction,3.41453E+18,Rome,Italy,,5651,
1802,0,2019,2,19,12:56,$198.76,Swipe Transaction,6.0514E+18,Rome,Italy,,5310,
1731,0,2019,8,6,18:47,$270.49,Chip Transaction,-3.36283E+18,Rome,Italy,,7011,
1101,6,2019,4,25,18:10,$123.27,Chip Transaction,-8.83014E+18,Rome,Italy,,5211,
0,3,2019,11,18,06:51,$40.18,Swipe Transaction,-5.47568E+18,Monterey Park,CA,91755,5942,
1,2,2019,8,22,13:40,$105.84,Chip Transaction,-3.49962E+18,Little Neck,NY,11363,7538,
1,1,2019,5,17,13:23,$38.63,Chip Transaction,3.01718E+18,Rome,Italy,,5921,
1669,1,2019,1,15,14:49,$135.24,Chip Transaction,9.05774E+18,Rome,Italy,,5311,
204,1,2019,5,24,15:17,$1.35,Chip Transaction,6.34125E+18,Rome,Italy,,7210,
1,2,2019,8,5,21:58,$27.76,Chip Transaction,2.13217E+18,Little Neck,NY,11363,5813,
240,3,2019,9,26,12:50,$15.84,Chip Transaction,7.48862E+18,Rome,Italy,,5651,
8,1,2019,3,28,19:42,$159.55,Chip Transaction,4.8349E+17,Rome,Italy,,3504,
2,0,2019,10,3,14:59,$54.57,Online Transaction,-6.45844E+18, ONLINE,,,4784,
2,0,2019,4,1,23:35,$2.11,Chip Transaction,6.6665E+18,West Covina,CA,91792,5499,
2,0,2019,9,22,23:53,$1.78,Chip Transaction,6.6665E+18,West Covina,CA,91792,5499,
777,2,2019,7,19,07:32,$-179.00,Chip Transaction,-7.80705E+18,Rome,Italy,,3684,
0,3,2020,1,17,06:23,$141.08,Swipe Transaction,5.81722E+18,La Verne,CA,91750,5912,
802,2,2019,3,28,15:14,$11.76,Chip Transaction,2.02755E+18,Rome,Italy,,5541,
946,2,2019,5,17,17:36,$0.99,Chip Transaction,-5.16204E+18,Rome,Italy,,5541,
1528,2,2019,7,11,18:59,$163.54,Chip Transaction,-8.83014E+18,Rome,Italy,,5211,
2,0,2019,2,27,08:37,$38.03,Online Transaction,-6.45844E+18, ONLINE,,,4784,
1,3,2019,9,9,22:50,$134.00,Chip Transaction,-8.56695E+18,San Antonio,TX,78223,3640,
1,2,2019,1,3,06:44,$123.97,Chip Transaction,-6.76107E+18,Corona,NY,11368,5310,
1,1,2019,1,1,13:05,$51.94,Online Transaction,4.24134E+18, ONLINE,,,4814,
1487,4,2019,5,16,18:26,$21.71,Chip Transaction,-7.05207E+18,Rome,Italy,,5814,
2,0,2019,4,22,04:54,$46.54,Online Transaction,-6.45844E+18, ONLINE,,,4784,
2,0,2019,9,29,04:08,$16.46,Swipe Transaction,-1.64421E+18,West Covina,CA,91792,5813,
680,1,2019,8,3,17:25,$132.79,Chip Transaction,6.0514E+18,Rome,Italy,,5310,
2,0,2019,7,6,23:33,$2.02,Chip Transaction,6.6665E+18,West Covina,CA,91792,5499,
1551,2,2019,8,3,11:45,$73.82,Chip Transaction,4.57388E+18,Rome,Italy,,5045,
0,3,2019,10,9,06:00,$140.50,Swipe Transaction,3.52721E+18,La Verne,CA,91750,5300,
1316,2,2019,2,1,13:01,$74.87,Chip Transaction,4.57388E+18,Rome,Italy,,5045,
0,3,2019,6,14,06:43,$42.29,Swipe Transaction,-7.27612E+17,Monterey Park,CA,91754,5411,
0,3,2019,2,13,10:57,$14.02,Swipe Transaction,-8.68256E+16,La Verne,CA,91750,7230,
450,0,2019,3,23,14:21,$73.09,Chip Transaction,4.57388E+18,Rome,Italy,,5045,"Bad PIN,"
1,2,2019,8,14,01:36,$173.74,Chip Transaction,-1.00748E+18,Marysville,OH,43040,3780,
0,0,2019,3,15,06:52,$48.37,Chip Transaction,5.81722E+18,La Verne,CA,91750,5912,
0,1,2020,1,16,13:32,$58.10,Chip Transaction,3.18952E+18,La Verne,CA,91750,5311,
0,3,2019,5,8,06:11,$144.32,Swipe Transaction,3.52721E+18,La Verne,CA,91750,5300,
1049,1,2019,9,12,12:08,$94.41,Chip Transaction,-8.83014E+18,Rome,Italy,,5211,
0,3,2019,11,23,06:36,$51.01,Swipe Transaction,5.81722E+18,La Verne,CA,91750,5912,
0,3,2020,1,9,06:01,$125.64,Swipe Transaction,3.52721E+18,La Verne,CA,91750,5300,
2,0,2019,9,18,08:11,$10.00,Swipe Transaction,2.02755E+18,West Covina,CA,91792,5541,
0,0,2019,3,18,06:30,$36.71,Chip Transaction,-7.27612E+17,Monterey Park,CA,91754,5411,
0,3,2019,6,19,13:13,$129.85,Online Transaction,-9.09268E+18, ONLINE,,,4900,
0,3,2019,6,24,06:55,$135.15,Swipe Transaction,-7.27612E+17,Monterey Park,CA,91754,5411,
1049,1,2019,8,31,18:24,$386.00,Chip Transaction,4.8349E+17,Rome,Italy,,3504,
1,1,2019,4,22,07:04,$17.09,Chip Transaction,-5.16204E+18,Little Neck,NY,11363,5541,
1,1,2019,12,29,11:19,$222.89,Online Transaction,-2.51963E+17, ONLINE,,,6300,
0,0,2019,3,18,16:48,$25.67,Online Transaction,4.24134E+18, ONLINE,,,4814,
1,1,2019,8,5,04:30,$141.74,Chip Transaction,-6.09472E+18,Little Neck,NY,11363,4900,
866,0,2019,8,10,18:56,$6.37,Chip Transaction,-2.45178E+17,Rome,Italy,,5311,
0,0,2019,10,12,06:30,$70.14,Chip Transaction,-7.27612E+17,Monterey Park,CA,91754,5411,
1,1,2019,1,15,19:12,$98.50,Chip Transaction,-6.09472E+18,Little Neck,NY,11363,4900,"Bad PIN,"
182,0,2019,1,17,17:44,$149.42,Chip Transaction,-7.80705E+18,Rome,Italy,,3684,
658,0,2019,10,4,12:17,$272.00,Chip Transaction,4.8349E+17,Rome,Italy,,3504,
1744,1,2019,5,24,13:19,$61.19,Chip Transaction,7.06958E+18,Rome,Italy,,5812,
943,1,2019,6,7,11:56,$157.59,Swipe Transaction,-8.83014E+18,Rome,Italy,,5211,
73,0,2019,2,2,12:19,$105.91,Swipe Transaction,9.05774E+18,Rome,Italy,,5311,
1002,1,2019,6,22,19:05,$1.18,Chip Transaction,-1.6423E+18,Rome,Italy,,5912,
1,2,2019,3,28,13:01,$116.34,Chip Transaction,6.12657E+18,Little Neck,NY,11363,7538,
0,3,2020,1,20,13:51,$82.49,Swipe Transaction,3.18952E+18,La Verne,CA,91750,5311,
1,1,2019,2,17,18:24,$122.70,Chip Transaction,9.70328E+16,Oakland Gardens,NY,11364,5411,
1,4,2019,2,21,13:07,$9.69,Chip Transaction,9.70328E+16,Oakland Gardens,NY,11364,5411,
0,2,2019,6,5,06:54,$133.91,Chip Transaction,3.52721E+18,La Verne,CA,91750,5300,
1212,5,2019,3,8,10:39,$21.90,Swipe Transaction,-1.6423E+18,Rome,Italy,,5912,
2,0,2019,1,29,23:04,$1.90,Chip Transaction,6.6665E+18,West Covina,CA,91792,5499,
0,3,2019,4,23,06:04,$166.69,Swipe Transaction,4.06065E+18,La Verne,CA,91750,5411,
0,3,2019,2,4,06:44,$37.06,Swipe Transaction,5.81722E+18,La Verne,CA,91750,5912,
0,0,2019,10,2,06:48,$49.04,Chip Transaction,-3.45515E+16,La Verne,CA,91750,5912,
0,0,2019,1,9,10:18,$59.17,Chip Transaction,-4.69398E+18,North Grafton,MA,1536,7538,
1129,0,2019,5,10,17:28,$197.00,Chip Transaction,-1.12121E+17,Rome,Italy,,3509,
2,0,2019,3,14,09:56,$42.39,Online Transaction,-6.45844E+18, ONLINE,,,4784,
0,3,2019,3,25,09:34,$65.89,Swipe Transaction,4.05526E+18,La Verne,CA,91750,7538,
156,0,2019,9,27,14:59,$206.00,Chip Transaction,-3.36283E+18,Rome,Italy,,7011,
2,0,2019,11,24,04:52,$18.60,Swipe Transaction,-1.64421E+18,West Covina,CA,91792,5813,
1122,1,2019,10,11,12:55,$108.11,Chip Transaction,5.90183E+17,Rome,Italy,,5094,
1,2,2019,1,18,19:10,$101.93,Chip Transaction,-6.09472E+18,Little Neck,NY,11363,4900,
1,2,2020,1,4,18:44,$49.08,Chip Transaction,4.7517E+18,San Antonio,TX,78251,5814,
1,3,2019,12,20,18:55,$79.28,Chip Transaction,4.31886E+18,Little Neck,NY,11363,5812,
0,3,2019,8,6,11:55,$1.80,Swipe Transaction,6.6665E+18,La Verne,CA,91750,5499,
1,1,2019,11,19,13:55,$93.73,Chip Transaction,-6.73834E+18,Corona,NY,11368,7538,
156,0,2019,9,24,19:16,$139.00,Chip Transaction,-7.80705E+18,Rome,Italy,,3684,
764,1,2019,1,4,13:10,$1135.92,Chip Transaction,-3.39554E+18,Rome,Italy,,5311,
1621,3,2019,8,20,11:41,$52.25,Chip Transaction,-3.36283E+18,Rome,Italy,,7011,
0,0,2019,4,15,06:15,$124.12,Chip Transaction,5.81722E+18,La Verne,CA,91750,5912,
1,2,2020,1,31,10:11,$63.30,Chip Transaction,9.70328E+16,Oakland Gardens,NY,11364,5411,
1,3,2019,11,26,21:12,$27.20,Chip Transaction,2.13217E+18,Little Neck,NY,11363,5813,
1231,1,2019,9,28,12:21,$69.00,Chip Transaction,2.02755E+18,Rome,Italy,,5541,
2,0,2020,2,1,04:40,$46.18,Online Transaction,-6.45844E+18, ONLINE,,,4784,
190,1,2019,3,1,17:15,$0.40,Chip Transaction,6.09856E+18,Rome,Italy,,4214,
1049,1,2019,9,21,12:11,$85.37,Chip Transaction,-7.27612E+17,Rome,Italy,,5411,
1103,1,2019,3,12,14:41,$9.66,Chip Transaction,-1.28808E+18,Rome,Italy,,5499,
0,3,2019,3,4,06:03,$984.04,Swipe Transaction,-7.81388E+17,Elk Grove,CA,95758,3009,
1741,2,2019,8,24,17:47,$21.27,Chip Transaction,5.90183E+17,Rome,Italy,,5094,
1,1,2019,3,8,18:17,$108.06,Chip Transaction,-5.65725E+18,Little Neck,NY,11363,5411,
0,3,2019,4,17,06:01,$128.81,Online Transaction,-7.42109E+18, ONLINE,,,5311,
802,2,2019,4,25,17:03,$12.43,Chip Transaction,-8.83014E+18,Rome,Italy,,5211,"Bad PIN,"
1,2,2019,2,7,03:51,$215.91,Chip Transaction,1.7153E+18,San Antonio,TX,78251,3722,
1,2,2019,1,15,19:14,$98.31,Chip Transaction,-6.09472E+18,Little Neck,NY,11363,4900,
0,3,2019,2,1,16:46,$105.62,Swipe Transaction,1.87845E+18,La Verne,CA,91750,5310,
6,1,2019,3,7,17:14,$85.01,Chip Transaction,6.66197E+18,Rome,Italy,,5211,
2,0,2019,7,7,15:13,$51.22,Online Transaction,-6.45844E+18, ONLINE,,,4784,
1,3,2019,7,11,12:43,$14.54,Chip Transaction,-6.09472E+18,Little Neck,NY,11363,4900,
0,3,2019,8,29,20:00,$90.90,Swipe Transaction,-4.50054E+18,La Verne,CA,91750,5814,
1109,0,2019,3,1,14:48,$7.49,Chip Transaction,6.66197E+18,Rome,Italy,,5211,
0,3,2020,2,9,20:18,$214.77,Online Transaction,-2.39221E+18, ONLINE,,,4899,
1,1,2019,6,16,08:22,$-92.00,Chip Transaction,1.79919E+18,Little Neck,NY,11363,5499,
0,3,2019,2,19,20:02,$97.84,Swipe Transaction,-4.50054E+18,La Verne,CA,91750,5814,
768,1,2019,4,23,15:04,$2.64,Chip Transaction,7.48862E+18,Rome,Italy,,5651,
785,0,2019,5,31,16:19,$135.28,Chip Transaction,6.0514E+18,Rome,Italy,,5310,
2,0,2019,3,13,14:43,$43.71,Online Transaction,-6.45844E+18, ONLINE,,,4784,
1231,1,2019,10,4,17:37,$7.18,Chip Transaction,5.50735E+18,Rome,Italy,,4121,
1977,0,2019,10,25,18:01,$56.33,Chip Transaction,-3.39554E+18,Rome,Italy,,5311,
2,0,2019,6,18,14:58,$42.20,Online Transaction,-6.45844E+18, ONLINE,,,4784,
0,3,2019,6,8,06:18,$131.52,Swipe Transaction,-2.45178E+17,La Verne,CA,91750,5311,
796,1,2019,2,14,17:44,$24.18,Swipe Transaction,6.0514E+18,Rome,Italy,,5310,
0,1,2019,10,4,11:33,$29.75,Chip Transaction,-4.75206E+18,La Verne,CA,91750,4214,
41,1,2019,8,27,15:59,$32.88,Chip Transaction,9.05774E+18,Rome,Italy,,5311,
1844,2,2019,10,10,16:47,$1.49,Chip Transaction,-3.94366E+18,Rome,Italy,,5712,
425,2,2019,2,22,19:59,$81.10,Chip Transaction,2.91975E+18,Rome,Italy,,5932,
0,2,2020,2,7,06:51,$40.37,Chip Transaction,-5.47568E+18,Monterey Park,CA,91755,5942,
0,1,2019,12,5,06:08,$158.49,Chip Transaction,4.06065E+18,La Verne,CA,91750,5411,
0,1,2019,4,8,06:16,$137.67,Chip Transaction,4.06065E+18,La Verne,CA,91750,5411,
1877,1,2019,9,12,13:53,$60.74,Chip Transaction,3.18952E+18,Rome,Italy,,5311,
0,0,2019,9,3,06:12,$147.12,Chip Transaction,4.06065E+18,La Verne,CA,91750,5411,
1122,1,2019,10,5,10:41,$44.32,Chip Transaction,5.90183E+17,Rome,Italy,,5094,
2,0,2019,1,31,06:42,$43.85,Swipe Transaction,2.02755E+18,West Covina,CA,91792,5541,
1206,0,2019,9,5,18:30,$6.39,Chip Transaction,-5.16204E+18,Rome,Italy,,5541,
0,3,2019,10,29,07:27,$146.87,Swipe Transaction,-2.45178E+17,La Verne,CA,91750,5311,
2,0,2019,2,10,17:12,$47.63,Chip Transaction,-2.47248E+18,West Covina,CA,91792,7538,
41,1,2019,8,20,19:33,$435.03,Chip Transaction,-7.81388E+17,Rome,Italy,,3009,
1476,0,2019,2,22,19:30,$21.70,Chip Transaction,-8.29162E+18,Rome,Italy,,5193,
0,1,2019,6,29,06:03,$100.52,Chip Transaction,3.52721E+18,La Verne,CA,91750,5300,
946,1,2019,5,18,17:53,$2.56,Chip Transaction,5.50735E+18,Rome,Italy,,4121,
413,1,2019,4,6,12:25,$75.47,Chip Transaction,-3.39554E+18,Rome,Italy,,5311,
0,1,2019,2,19,13:07,$14.86,Chip Transaction,-7.27612E+17,Monterey Park,CA,91754,5411,
2,0,2019,10,18,06:44,$12.61,Chip Transaction,-5.86136E+18,West Covina,CA,91792,5912,
0,3,2019,12,31,13:08,$12.41,Swipe Transaction,5.2051E+18,San Antonio,TX,78259,5812,
1,2,2019,12,22,08:26,$71.18,Chip Transaction,1.79919E+18,Little Neck,NY,11363,5499,
0,1,2019,3,3,06:28,$43.65,Chip Transaction,-7.27612E+17,Monterey Park,CA,91754,5411,
0,2,2020,1,30,06:22,$175.07,Chip Transaction,-7.27612E+17,Monterey Park,CA,91754,5411,
0,3,2019,1,15,16:58,$13.53,Swipe Transaction,-8.68256E+16,La Verne,CA,91750,7230,
0,1,2019,1,13,06:39,$52.40,Chip Transaction,5.81722E+18,La Verne,CA,91750,5912,
0,1,2019,5,21,06:11,$115.39,Chip Transaction,-7.27612E+17,Monterey Park,CA,91754,5411,
0,1,2020,2,22,20:26,$58.58,Swipe Transaction,-1.60579E+18,La Verne,CA,91750,5812,
2,0,2019,1,31,04:50,$44.82,Online Transaction,-6.45844E+18, ONLINE,,,4784,
0,3,2019,6,5,05:48,$41.13,Swipe Transaction,5.81722E+18,La Verne,CA,91750,5912,
1780,1,2019,3,14,11:49,$26.64,Swipe Transaction,-5.16204E+18,Rome,Italy,,5541,
0,3,2019,2,24,12:34,$72.38,Swipe Transaction,-7.14667E+18,Monterey Park,CA,91755,5970,
1844,2,2019,10,11,18:24,$87.75,Chip Transaction,2.91975E+18,Rome,Italy,,5932,
1,3,2019,12,31,19:07,$71.27,Chip Transaction,4.31886E+18,Little Neck,NY,11363,5812,
1617,2,2019,10,25,14:06,$28.58,Chip Transaction,6.0514E+18,Rome,Italy,,5310,
0,3,2020,1,26,06:43,$37.95,Swipe Transaction,-5.47568E+18,Monterey Park,CA,91755,5942,
1002,1,2019,6,26,12:08,$-247.00,Chip Transaction,-6.16179E+18,Rome,Italy,,3389,
1,2,2020,2,18,08:07,$88.00,Chip Transaction,1.79919E+18,Little Neck,NY,11363,5499,
1260,2,2019,6,28,11:58,$13.75,Chip Transaction,-2.45178E+17,Rome,Italy,,5311,
0,1,2019,1,18,06:46,$43.86,Chip Transaction,-5.47568E+18,Monterey Park,CA,91755,5942,
2,0,2019,11,18,14:46,$41.62,Online Transaction,-6.45844E+18, ONLINE,,,4784,
0,2,2019,4,26,13:09,$7.11,Chip Transaction,-4.50054E+18,La Verne,CA,91750,5814,
0,3,2019,1,9,20:17,$187.00,Swipe Transaction,8.38425E+17,Oxford,MA,1540,4814,
0,1,2019,5,4,06:28,$154.78,Chip Transaction,3.52721E+18,La Verne,CA,91750,5300,
365,2,2019,5,11,11:39,$300.07,Chip Transaction,-8.80451E+18,Rome,Italy,,5712,
0,3,2019,10,5,06:24,$133.36,Swipe Transaction,4.06065E+18,La Verne,CA,91750,5411,
1,1,2019,5,21,15:25,$10.78,Chip Transaction,6.09856E+18,Elmhurst,NY,11373,4214,
1945,1,2019,9,20,19:03,$138.32,Chip Transaction,6.0514E+18,Rome,Italy,,5310,
0,0,2019,1,28,13:59,$70.50,Chip Transaction,-5.90412E+18,Diamond Bar,CA,91765,5719,
727,1,2019,8,31,14:12,$4.73,Chip Transaction,3.18952E+18,Rome,Italy,,5311,
165,0,2019,5,23,14:33,$65.91,Chip Transaction,-7.05207E+18,Rome,Italy,,5814,
0,3,2019,5,12,19:59,$426.45,Swipe Transaction,-8.11651E+17,La Verne,CA,91750,6300,
466,1,2019,7,30,15:36,$0.13,Chip Transaction,-2.45178E+17,Rome,Italy,,5311,
1201,3,2019,5,23,14:19,$1.34,Swipe Transaction,-6.01867E+18,Rome,Italy,,5947,
2,0,2020,1,22,23:31,$1.62,Chip Transaction,6.6665E+18,West Covina,CA,91792,5499,
0,0,2019,3,18,09:16,$61.89,Chip Transaction,4.05526E+18,La Verne,CA,91750,7538,
0,1,2019,8,7,06:27,$166.16,Chip Transaction,-3.45515E+16,La Verne,CA,91750,5912,
1062,6,2019,8,8,14:39,$45.34,Chip Transaction,-8.40529E+18,Rome,Italy,,5651,
0,0,2019,10,29,10:49,$2.10,Chip Transaction,5.81722E+18,La Verne,CA,91750,5912,
466,1,2019,8,3,18:19,$20.87,Chip Transaction,3.18952E+18,Rome,Italy,,5311,
414,3,2019,10,15,17:37,$6.12,Chip Transaction,6.99836E+18,Rome,Italy,,5411,
0,3,2019,11,20,06:16,$199.65,Swipe Transaction,-3.45515E+16,La Verne,CA,91750,5912,
240,2,2019,6,28,14:30,$131.53,Chip Transaction,-2.45178E+17,Rome,Italy,,5311,
785,0,2019,5,24,14:13,$154.00,Chip Transaction,-6.16179E+18,Rome,Italy,,3389,
0,3,2019,9,25,20:13,$99.28,Swipe Transaction,-5.0235E+18,Mira Loma,CA,91752,5812,
2,0,2019,6,19,05:46,$10.23,Chip Transaction,4.72291E+18,Alhambra,CA,91801,5411,
71,1,2019,8,22,18:41,$9.32,Chip Transaction,-7.27612E+17,Rome,Italy,,5411,
748,1,2019,4,4,13:52,$58.00,Chip Transaction,2.02755E+18,Rome,Italy,,5541,
680,1,2019,8,6,04:29,$-207.00,Chip Transaction,4.8349E+17,Rome,Italy,,3504,
0,3,2019,11,11,09:30,$42.32,Swipe Transaction,-1.36816E+18,San Ysidro,CA,92143,7538,
1323,1,2019,2,16,10:48,$240.98,Chip Transaction,2.02755E+18,Rome,Italy,,5541,
0,2,2019,8,4,06:51,$47.82,Chip Transaction,5.81722E+18,La Verne,CA,91750,5912,
1,1,2019,6,17,18:24,$124.86,Chip Transaction,4.93736E+18,Little Neck,NY,11363,5300,
0,1,2019,10,6,06:34,$38.22,Chip Transaction,-3.45515E+16,La Verne,CA,91750,5912,
482,4,2019,4,4,15:09,$16.06,Chip Transaction,-2.45178E+17,Rome,Italy,,5311,
0,3,2019,5,24,13:26,$64.63,Swipe Transaction,2.02755E+18,Mira Loma,CA,91752,5541,
2,0,2019,10,14,08:29,$164.69,Swipe Transaction,-3.69365E+18,Alhambra,CA,91801,4814,
1002,1,2019,6,25,19:26,$109.29,Chip Transaction,-3.15872E+18,Rome,Italy,,5812,
44,0,2019,6,20,13:33,$287.71,Swipe Transaction,6.0514E+18,Rome,Italy,,5310,
946,2,2019,5,3,16:57,$155.00,Chip Transaction,1.7153E+18,Rome,Italy,,3722,
0,3,2019,1,4,13:16,$10.26,Swipe Transaction,7.82331E+18,North Grafton,MA,1536,5812,
0,3,2019,3,4,06:22,$122.09,Swipe Transaction,2.02755E+18,Mira Loma,CA,91752,5541,"Insufficient Balance,"
1,1,2019,9,25,13:24,$0.43,Chip Transaction,1.76341E+18,Little Neck,NY,11363,5912,
1744,1,2019,5,23,15:01,$11.81,Chip Transaction,9.05774E+18,Rome,Italy,,5311,
341,2,2019,5,9,13:49,$87.63,Chip Transaction,6.0514E+18,Rome,Italy,,5310,
0,0,2019,8,25,06:59,$38.65,Chip Transaction,-7.27612E+17,Monterey Park,CA,91754,5411,
0,2,2019,9,11,21:32,$24.35,Chip Transaction,-5.41338E+18,La Verne,CA,91750,5813,
0,1,2019,6,23,07:29,$40.24,Chip Transaction,-3.45515E+16,La Verne,CA,91750,5912,
0,1,2019,9,27,06:23,$136.03,Chip Transaction,1.91348E+18,La Verne,CA,91750,5300,
1993,1,2019,6,1,14:18,$23.62,Chip Transaction,-8.29162E+18,Rome,Italy,,5193,
1885,1,2019,7,23,16:39,$100.00,Chip Transaction,-1.28808E+18,Rome,Italy,,5499,
824,0,2019,2,2,12:51,$73.38,Chip Transaction,4.57388E+18,Rome,Italy,,5045,
1,3,2019,1,9,21:20,$29.13,Chip Transaction,2.13217E+18,Little Neck,NY,11363,5813,
0,1,2019,10,5,06:45,$28.49,Chip Transaction,-7.27612E+17,Monterey Park,CA,91754,5411,
0,2,2020,2,13,06:18,$26.62,Chip Transaction,-3.45515E+16,La Verne,CA,91750,5912,
0,3,2019,8,4,06:29,$147.56,Swipe Transaction,-2.45178E+17,La Verne,CA,91750,5311,
943,1,2019,6,4,16:00,$58.00,Swipe Transaction,-1.28808E+18,Rome,Italy,,5499,"Bad PIN,"
0,0,2019,3,30,06:52,$34.99,Chip Transaction,-5.47568E+18,Monterey Park,CA,91755,5942,
1,1,2019,12,30,06:30,$102.01,Chip Transaction,-3.22224E+18,Little Neck,NY,11363,5651,
1780,3,2019,6,13,16:38,$283.06,Swipe Transaction,-5.16204E+18,Rome,Italy,,5541,
1802,0,2019,2,19,12:06,$34.29,Swipe Transaction,9.05774E+18,Rome,Italy,,5311,
0,3,2019,9,17,06:04,$131.86,Swipe Transaction,1.91348E+18,La Verne,CA,91750,5300,
2,0,2019,12,28,23:36,$2.10,Chip Transaction,6.6665E+18,West Covina,CA,91792,5499,
0,3,2019,12,9,02:38,$-111.00,Swipe Transaction,1.7153E+18,San Diego,CA,92110,3722,
1405,1,2019,5,24,16:48,$191.17,Chip Transaction,9.05774E+18,Rome,Italy,,5311,
450,0,2019,3,29,18:46,$147.04,Chip Transaction,1.7153E+18,Rome,Italy,,3722,
2,0,2019,10,14,17:15,$49.04,Chip Transaction,-4.16511E+18,West Covina,CA,91792,7538,
1,1,2019,9,11,20:12,$-464.00,Chip Transaction,1.90253E+17,Hallettsville,TX,77964,3359,
1,2,2019,10,19,13:50,$96.04,Chip Transaction,6.12657E+18,Little Neck,NY,11363,7538,
1798,0,2019,3,26,18:35,$82.00,Chip Transaction,2.02755E+18,Rome,Italy,,5541,
1062,6,2019,7,24,15:32,$-216.00,Chip Transaction,-1.12121E+17,Rome,Italy,,3509,
1,2,2020,2,11,13:54,$90.03,Chip Transaction,-3.49962E+18,Little Neck,NY,11363,7538,
0,1,2019,6,27,13:15,$151.82,Chip Transaction,7.94533E+18,La Verne,CA,91750,4900,
0,0,2020,1,18,06:32,$39.41,Chip Transaction,4.06065E+18,La Verne,CA,91750,5411,
0,3,2020,2,27,06:29,$112.12,Swipe Transaction,-1.40695E+18,New York,NY,10112,5300,
0,0,2019,1,22,20:29,$37.45,Chip Transaction,-4.50054E+18,La Verne,CA,91750,5814,
1,1,2019,9,24,10:22,$61.61,Chip Transaction,-7.14667E+18,Jackson Heights,NY,11372,5970,
908,1,2019,10,12,16:44,$26.79,Chip Transaction,6.0514E+18,Rome,Italy,,5310,
1206,0,2019,8,31,19:20,$4.56,Chip Transaction,-2.45178E+17,Rome,Italy,,5311,
432,2,2019,5,18,14:33,$5.33,Chip Transaction,-3.39554E+18,Rome,Italy,,5311,
240,3,2019,9,27,12:24,$13.13,Chip Transaction,2.02755E+18,Rome,Italy,,5541,
556,0,2019,8,9,10:38,$330.33,Chip Transaction,-1.12121E+17,Rome,Italy,,3509,
1505,1,2019,9,7,16:18,$0.48,Chip Transaction,6.09856E+18,Rome,Italy,,4214,
2,0,2019,8,12,16:04,$159.65,Online Transaction,-9.09268E+18, ONLINE,,,4900,
2,0,2020,2,19,07:35,$9.06,Swipe Transaction,2.02755E+18,West Covina,CA,91792,5541,
299,0,2019,1,12,19:45,$37.54,Chip Transaction,-7.5187E+18,Rome,Italy,,5813,
0,0,2019,6,27,06:40,$24.73,Chip Transaction,5.81722E+18,La Verne,CA,91750,5912,
1237,0,2019,10,15,13:58,$39.07,Chip Transaction,-3.39554E+18,Rome,Italy,,5311,
0,0,2019,10,13,06:05,$130.03,Chip Transaction,4.06065E+18,La Verne,CA,91750,5411,
0,0,2019,7,6,05:44,$129.72,Chip Transaction,-7.27612E+17,Monterey Park,CA,91754,5411,
1201,3,2019,5,23,13:29,$7.57,Swipe Transaction,8.91968E+18,Rome,Italy,,5814,
1996,3,2019,6,22,19:08,$61.00,Chip Transaction,2.02755E+18,Rome,Italy,,5541,
1323,1,2019,2,21,14:25,$31.36,Chip Transaction,-7.5187E+18,Rome,Italy,,5813,
1018,0,2019,7,4,16:58,$96.27,Chip Transaction,-1.6423E+18,Rome,Italy,,5912,"Bad PIN,"
854,3,2019,10,3,18:42,$371.23,Chip Transaction,-3.36283E+18,Rome,Italy,,7011,
1101,6,2019,5,9,14:10,$8.86,Chip Transaction,5.50735E+18,Rome,Italy,,4121,
1049,1,2019,8,27,10:41,$0.71,Chip Transaction,6.99836E+18,Rome,Italy,,5411,
1400,0,2019,4,16,11:47,$100.00,Chip Transaction,-1.28808E+18,Rome,Italy,,5499,
0,3,2019,12,16,13:15,$62.00,Swipe Transaction,2.02755E+18,Mira Loma,CA,91752,5541,
1675,0,2019,10,18,19:51,$84.00,Chip Transaction,-2.45178E+17,Rome,Italy,,5311,
0,3,2019,8,5,06:06,$147.00,Swipe Transaction,-3.45515E+16,La Verne,CA,91750,5912,
1178,1,2019,9,21,14:15,$64.00,Chip Transaction,2.02755E+18,Rome,Italy,,5541,
165,0,2019,4,27,15:33,$1.25,Chip Transaction,-8.29162E+18,Rome,Italy,,5193,"Bad PIN,"
2,0,2019,3,19,04:50,$47.16,Online Transaction,-6.45844E+18, ONLINE,,,4784,
1,1,2019,9,27,18:35,$76.83,Chip Transaction,4.31886E+18,Little Neck,NY,11363,5812,
0,0,2019,9,17,09:48,$67.85,Chip Transaction,4.05526E+18,La Verne,CA,91750,7538,
2,0,2019,6,26,20:59,$688.78,Chip Transaction,1.3252E+18,Carlsbad,CA,92008,3132,
0,2,2019,1,10,06:22,$116.76,Chip Transaction,1.13964E+18,Oxford,MA,1540,5541,
1231,1,2019,9,28,12:25,$-69.00,Chip Transaction,2.02755E+18,Rome,Italy,,5541,
1327,3,2019,3,19,19:42,$22.31,Chip Transaction,6.0514E+18,Rome,Italy,,5310,
1103,1,2019,3,12,13:09,$7.13,Chip Transaction,1.79919E+18,Rome,Italy,,5499,
781,0,2019,10,26,11:39,$66.53,Chip Transaction,7.48862E+18,Rome,Italy,,5651,
1,2,2019,11,23,22:16,$100.00,Chip Transaction,-4.28247E+18,Oakland Gardens,NY,11364,4829,
1780,3,2019,6,14,11:43,$9.17,Swipe Transaction,-1.28808E+18,Rome,Italy,,5499,
0,3,2019,1,19,06:09,$72.02,Swipe Transaction,2.02755E+18,Mira Loma,CA,91752,5541,
1,2,2020,1,9,22:36,$-371.00,Swipe Transaction,-6.16179E+18,Beijing,China,,3389,
1260,2,2019,7,4,19:24,$24.77,Chip Transaction,5.90183E+17,Rome,Italy,,5094,
1115,2,2019,4,20,16:54,$19.27,Chip Transaction,5.90183E+17,Rome,Italy,,5094,
0,1,2019,10,21,06:35,$112.71,Chip Transaction,5.64126E+18,Detroit,MI,48202,5912,
0,3,2019,1,23,06:09,$127.07,Swipe Transaction,1.91348E+18,La Verne,CA,91750,5300,
100,3,2019,4,19,14:32,$181.00,Chip Transaction,-6.16179E+18,Rome,Italy,,3389,
71,1,2019,8,30,14:58,$196.09,Chip Transaction,-3.36283E+18,Rome,Italy,,7011,
940,2,2019,10,10,19:03,$119.02,Chip Transaction,6.0514E+18,Rome,Italy,,5310,
0,0,2019,6,21,11:05,$17.22,Chip Transaction,9.13777E+18,La Verne,CA,91750,7210,
0,3,2020,2,19,06:19,$156.62,Online Transaction,-7.42109E+18, ONLINE,,,5311,
1515,5,2019,4,6,10:39,$10.97,Chip Transaction,5.50735E+18,Rome,Italy,,4121,
190,1,2019,2,15,13:37,$193.40,Chip Transaction,-3.39554E+18,Rome,Italy,,5311,
240,2,2019,6,29,18:52,$23.03,Chip Transaction,6.09856E+18,Rome,Italy,,4214,
0,0,2019,11,8,06:52,$86.59,Chip Transaction,4.06065E+18,La Verne,CA,91750,5411,
943,1,2019,6,6,19:18,$0.21,Swipe Transaction,3.18952E+18,Rome,Italy,,5311,
126,0,2019,8,10,12:05,$237.90,Chip Transaction,-7.81388E+17,Rome,Italy,,3009,
2,0,2019,2,14,16:01,$15.45,Chip Transaction,8.7556E+17,West Covina,CA,91792,5921,
1206,0,2019,8,23,11:41,$364.00,Chip Transaction,4.8349E+17,Rome,Italy,,3504,
0,0,2019,9,9,06:41,$132.99,Chip Transaction,3.52721E+18,La Verne,CA,91750,5300,
0,0,2019,2,23,06:46,$50.11,Chip Transaction,-7.27612E+17,Monterey Park,CA,91754,5411,
1115,2,2019,4,27,13:58,$471.00,Chip Transaction,1.7153E+18,Rome,Italy,,3722,
946,1,2019,5,25,12:43,$23.52,Chip Transaction,5.50735E+18,Rome,Italy,,4121,
1115,2,2019,5,2,11:24,$0.26,Chip Transaction,6.0514E+18,Rome,Italy,,5310,
0,2,2020,1,20,06:48,$35.76,Chip Transaction,-3.45515E+16,La Verne,CA,91750,5912,
256,0,2019,6,29,10:36,$204.55,Chip Transaction,-1.6423E+18,Rome,Italy,,5912,
1,1,2019,3,4,22:42,$85.93,Chip Transaction,5.56161E+18,Little Neck,NY,11363,7230,
1,3,2019,4,10,05:38,$22.49,Online Transaction,-2.04205E+18, ONLINE,,,5815,
1741,2,2019,8,10,12:59,$61.00,Chip Transaction,-5.16204E+18,Rome,Italy,,5541,
1122,1,2019,10,1,14:27,$29.06,Chip Transaction,-6.16179E+18,Rome,Italy,,3389,
1,2,2019,1,26,13:58,$108.90,Chip Transaction,6.12657E+18,Little Neck,NY,11363,7538,
1400,0,2019,4,16,11:32,$-100.00,Chip Transaction,-1.28808E+18,Rome,Italy,,5499,
0,2,2020,2,3,13:27,$-70.00,Chip Transaction,-1.28808E+18,La Verne,CA,91750,5499,
466,1,2019,7,30,14:36,$1.71,Chip Transaction,-2.45178E+17,Rome,Italy,,5311,
413,0,2019,10,24,15:43,$109.02,Swipe Transaction,-2.45178E+17,Rome,Italy,,5311,
1,2,2019,8,11,18:57,$230.00,Chip Transaction,-1.00748E+18,Marysville,OH,43040,3780,
377,2,2019,9,6,18:09,$16.98,Chip Transaction,-8.40529E+18,Rome,Italy,,5651,
0,1,2020,1,21,06:22,$93.24,Chip Transaction,5.81722E+18,La Verne,CA,91750,5912,
256,0,2019,6,29,14:10,$333.55,Chip Transaction,-3.36283E+18,Rome,Italy,,7011,
2,0,2019,2,5,04:33,$60.02,Online Transaction,-6.45844E+18, ONLINE,,,4784,
1487,4,2019,5,9,18:33,$46.97,Chip Transaction,-6.16179E+18,Rome,Italy,,3389,
2,0,2019,8,6,23:04,$2.17,Chip Transaction,6.6665E+18,West Covina,CA,91792,5499,
0,2,2019,7,24,09:54,$60.15,Chip Transaction,-3.34594E+18,La Verne,CA,91750,7538,
0,0,2019,10,11,06:55,$135.63,Chip Transaction,5.81722E+18,La Verne,CA,91750,5912,
0,3,2019,1,6,06:23,$102.60,Swipe Transaction,1.91348E+18,Sturbridge,MA,1566,5300,"Insufficient Balance,"
1249,3,2019,6,11,15:09,$45.74,Chip Transaction,-3.39554E+18,Rome,Italy,,5311,
802,2,2019,4,23,18:13,$5.43,Chip Transaction,5.50735E+18,Rome,Italy,,4121,
2,0,2019,2,21,14:55,$48.55,Online Transaction,-6.45844E+18, ONLINE,,,4784,
1018,0,2019,7,2,14:00,$103.91,Chip Transaction,6.0514E+18,Rome,Italy,,5310,
1,2,2019,2,26,09:14,$77.84,Chip Transaction,-5.46792E+18,Oakland Gardens,NY,11364,5912,
0,2,2019,6,16,06:16,$128.19,Chip Transaction,-7.27612E+17,Monterey Park,CA,91754,5411,
1,1,2019,3,28,23:23,$99.89,Chip Transaction,5.56161E+18,Little Neck,NY,11363,7230,
482,4,2019,4,9,10:46,$73.92,Chip Transaction,-3.39554E+18,Rome,Italy,,5311,
680,1,2019,8,9,12:50,$0.02,Chip Transaction,6.99836E+18,Rome,Italy,,5411,"Bad PIN,"
1,2,2019,7,31,13:22,$0.50,Chip Transaction,-5.65725E+18,Little Neck,NY,11363,5411,
531,2,2019,7,16,11:36,$1.45,Chip Transaction,-3.39554E+18,Rome,Italy,,5311,
1316,2,2019,2,7,13:41,$0.31,Chip Transaction,1.79919E+18,Rome,Italy,,5499,
414,3,2019,10,8,16:35,$91.56,Chip Transaction,6.0514E+18,Rome,Italy,,5310,
0,0,2019,3,21,06:42,$35.80,Chip Transaction,-7.27612E+17,Monterey Park,CA,91754,5411,
1,1,2019,2,16,04:38,$131.67,Chip Transaction,-6.09472E+18,Little Neck,NY,11363,4900,
2,0,2019,2,28,04:33,$43.97,Online Transaction,-6.45844E+18, ONLINE,,,4784,
2,0,2019,5,4,13:47,$42.67,Online Transaction,-6.45844E+18, ONLINE,,,4784,
680,1,2019,8,1,11:47,$207.00,Chip Transaction,4.8349E+17,Rome,Italy,,3504,
1378,0,2019,3,21,19:02,$53.85,Chip Transaction,-8.40529E+18,Rome,Italy,,5651,
1249,3,2019,6,15,16:58,$12.62,Chip Transaction,-8.83014E+18,Rome,Italy,,5211,
901,0,2019,5,7,14:16,$654.84,Swipe Transaction,-1.59553E+18,Rome,Italy,,3005,
47,1,2019,1,17,19:30,$15.90,Chip Transaction,3.18952E+18,Rome,Italy,,5311,
628,0,2019,7,27,11:58,$151.67,Chip Transaction,-7.27612E+17,Rome,Italy,,5411,
2,0,2019,2,22,06:58,$13.48,Chip Transaction,-5.86136E+18,West Covina,CA,91792,5912,
0,1,2019,12,19,06:25,$153.10,Chip Transaction,3.52721E+18,La Verne,CA,91750,5300,
1231,1,2019,10,1,14:01,$90.25,Chip Transaction,-2.45178E+17,Rome,Italy,,5311,
2,0,2019,2,11,07:37,$5.46,Chip Transaction,-4.89106E+18,West Covina,CA,91792,5411,
2,0,2020,1,21,07:31,$7.38,Chip Transaction,-6.03533E+18,Alhambra,CA,91801,5812,
777,2,2019,7,16,13:55,$179.00,Chip Transaction,-7.80705E+18,Rome,Italy,,3684,
0,3,2020,1,29,06:05,$155.11,Swipe Transaction,5.81722E+18,La Verne,CA,91750,5912,
1,2,2020,1,7,23:32,$239.00,Chip Transaction,-1.12121E+17,Beijing,China,,3509,
1781,1,2019,5,10,19:08,$92.33,Chip Transaction,6.99836E+18,Rome,Italy,,5411,
0,3,2020,1,30,21:48,$36.63,Swipe Transaction,-6.73317E+18,Mira Loma,CA,91752,7832,"Insufficient Balance,"
0,1,2019,1,4,06:17,$46.52,Chip Transaction,-5.47568E+18,Holliston,MA,1746,5942,
2,1,2019,1,11,15:17,$90.37,Online Transaction,4.24134E+18, ONLINE,,,4814,
0,2,2019,3,17,09:38,$55.08,Chip Transaction,3.95215E+18,La Verne,CA,91750,7538,
2,0,2020,2,20,17:12,$57.84,Chip Transaction,-2.47248E+18,West Covina,CA,91792,7538,
764,1,2019,1,8,19:51,$17.35,Chip Transaction,-5.16204E+18,Rome,Italy,,5541,
632,2,2019,10,11,13:17,$1.36,Chip Transaction,-1.6423E+18,Rome,Italy,,5912,
165,0,2019,5,21,13:21,$94.84,Chip Transaction,7.48862E+18,Rome,Italy,,5651,
0,3,2019,1,8,06:04,$119.34,Swipe Transaction,-3.60629E+18,North Grafton,MA,1536,5912,
1725,0,2019,8,2,16:51,$11.13,Chip Transaction,3.01718E+18,Rome,Italy,,5921,
2,0,2019,3,12,06:33,$53.06,Chip Transaction,1.91348E+18,Alhambra,CA,91801,5300,
73,0,2019,2,1,15:49,$4.70,Swipe Transaction,9.05774E+18,Rome,Italy,,5311,
727,1,2019,8,27,19:13,$136.45,Chip Transaction,6.0514E+18,Rome,Italy,,5310,
165,0,2019,5,2,10:54,$-146.00,Chip Transaction,-1.12121E+17,Rome,Italy,,3509,
0,2,2019,6,22,06:05,$131.21,Chip Transaction,1.91348E+18,La Verne,CA,91750,5300,
0,3,2020,1,29,20:15,$193.60,Swipe Transaction,8.38425E+17,Mira Loma,CA,91752,4814,
1,1,2019,3,6,18:01,$134.03,Online Transaction,7.0356E+18, ONLINE,,,5311,
1725,0,2019,7,20,16:58,$175.03,Chip Transaction,-7.27612E+17,Rome,Italy,,5411,
913,0,2019,2,19,13:59,$14.92,Chip Transaction,5.50735E+18,Rome,Italy,,4121,
1725,0,2019,7,25,11:08,$1.54,Chip Transaction,-1.6423E+18,Rome,Italy,,5912,
414,3,2019,10,24,14:01,$1.97,Chip Transaction,-7.14667E+18,Rome,Italy,,5970,
1945,1,2019,9,26,19:32,$356.64,Chip Transaction,-3.65006E+18,Rome,Italy,,3007,
768,1,2019,4,20,10:55,$85.07,Chip Transaction,7.48862E+18,Rome,Italy,,5651,
0,3,2019,5,2,06:22,$134.76,Swipe Transaction,3.52721E+18,La Verne,CA,91750,5300,
1620,3,2019,8,31,19:15,$443.88,Chip Transaction,9.05774E+18,Rome,Italy,,5311,
0,3,2020,1,14,06:19,$171.06,Online Transaction,-7.42109E+18, ONLINE,,,5311,
0,3,2019,5,24,13:09,$-71.00,Swipe Transaction,2.02755E+18,Mira Loma,CA,91752,5541,
1926,4,2019,5,28,12:11,$32.89,Chip Transaction,3.01718E+18,Rome,Italy,,5921,
2,0,2019,7,29,07:54,$7.32,Chip Transaction,-6.03533E+18,Alhambra,CA,91801,5812,
1,1,2019,12,19,12:18,$36.35,Chip Transaction,-6.09472E+18,Little Neck,NY,11363,4900,
1576,3,2019,5,21,17:02,$95.82,Chip Transaction,6.99836E+18,Rome,Italy,,5411,
632,2,2019,10,19,10:35,$11.98,Chip Transaction,7.48862E+18,Rome,Italy,,5651,
1505,1,2019,9,3,18:02,$146.10,Chip Transaction,-3.15872E+18,Rome,Italy,,5812,
0,2,2020,2,9,05:24,$88.96,Chip Transaction,1.91348E+18,La Verne,CA,91750,5300,
1717,4,2019,8,2,19:20,$25.91,Swipe Transaction,-7.27612E+17,Rome,Italy,,5411,
509,1,2019,1,9,12:14,$218.67,Swipe Transaction,-1.12121E+17,Rome,Italy,,3509,
0,3,2019,1,14,06:48,$39.61,Swipe Transaction,-7.27612E+17,Monterey Park,CA,91754,5411,
1,4,2019,3,13,13:16,$15.13,Chip Transaction,4.31886E+18,Little Neck,NY,11363,5812,
1477,2,2019,4,20,19:45,$32.22,Chip Transaction,3.18952E+18,Rome,Italy,,5311,
240,3,2019,9,21,16:05,$3.55,Chip Transaction,9.05774E+18,Rome,Italy,,5311,
1101,6,2019,4,27,10:40,$221.62,Chip Transaction,4.57388E+18,Rome,Italy,,5045,
0,2,2019,3,9,06:20,$197.43,Chip Transaction,5.81722E+18,La Verne,CA,91750,5912,
0,0,2019,5,30,06:16,$121.10,Chip Transaction,-2.45178E+17,La Verne,CA,91750,5311,"Insufficient Balance,"
1993,1,2019,5,24,17:49,$90.89,Chip Transaction,9.05774E+18,Rome,Italy,,5311,
0,3,2020,2,2,06:23,$144.86,Swipe Transaction,4.06065E+18,La Verne,CA,91750,5411,
1579,2,2019,2,1,17:55,$89.33,Chip Transaction,-2.45178E+17,Rome,Italy,,5311,
0,3,2019,5,9,06:56,$100.00,Swipe Transaction,-4.28247E+18,Mira Loma,CA,91752,4829,
888,0,2019,8,9,15:13,$98.97,Chip Transaction,6.99836E+18,Rome,Italy,,5411,"Bad PIN,"
1780,3,2019,6,14,11:53,$-93.00,Swipe Transaction,-1.28808E+18,Rome,Italy,,5499,
611,0,2019,1,17,15:27,$0.50,Chip Transaction,-1.6423E+18,Rome,Italy,,5912,
2,0,2019,5,24,06:53,$13.43,Chip Transaction,-4.89106E+18,West Covina,CA,91792,5411,
0,3,2019,2,3,06:18,$98.13,Swipe Transaction,4.06065E+18,La Verne,CA,91750,5411,
0,1,2019,6,15,06:19,$158.31,Chip Transaction,-2.45178E+17,La Verne,CA,91750,5311,
2,0,2019,2,12,07:59,$8.05,Chip Transaction,-6.03533E+18,Alhambra,CA,91801,5812,
2,0,2019,1,7,14:06,$54.22,Online Transaction,-6.45844E+18, ONLINE,,,4784,
0,3,2019,5,26,13:26,$-86.00,Swipe Transaction,2.02755E+18,Mira Loma,CA,91752,5541,
0,3,2019,3,3,06:18,$94.26,Swipe Transaction,-3.45515E+16,La Verne,CA,91750,5912,
1572,3,2019,3,16,14:26,$9.94,Chip Transaction,5.50735E+18,Rome,Italy,,4121,
0,3,2019,5,5,13:44,$63.45,Swipe Transaction,-5.47568E+18,Monterey Park,CA,91755,5942,
2,0,2019,12,31,09:20,$174.08,Online Transaction,4.24134E+18, ONLINE,,,4814,
0,0,2019,10,29,06:16,$122.76,Chip Transaction,1.91348E+18,La Verne,CA,91750,5300,
0,0,2019,10,9,13:31,$74.45,Chip Transaction,-3.45515E+16,La Verne,CA,91750,5912,
1,1,2019,9,26,05:17,$123.48,Chip Transaction,-6.09472E+18,Little Neck,NY,11363,4900,
0,1,2020,1,10,06:43,$34.71,Chip Transaction,4.06065E+18,La Verne,CA,91750,5411,
2,0,2020,1,17,14:33,$59.90,Online Transaction,-6.45844E+18, ONLINE,,,4784,
1076,0,2019,2,14,11:11,$18.49,Chip Transaction,5.50735E+18,Rome,Italy,,4121,
1776,2,2019,1,29,15:02,$37.12,Chip Transaction,-3.39554E+18,Rome,Italy,,5311,
0,3,2020,2,3,13:03,$12.29,Swipe Transaction,2.02755E+18,Mira Loma,CA,91752,5541,
605,5,2019,2,23,17:26,$9.82,Chip Transaction,5.50735E+18,Rome,Italy,,4121,
0,3,2019,9,16,06:29,$115.55,Swipe Transaction,5.81722E+18,La Verne,CA,91750,5912,
1579,2,2019,1,31,16:41,$47.71,Chip Transaction,-3.39554E+18,Rome,Italy,,5311,
913,0,2019,2,19,16:05,$176.50,Chip Transaction,-2.45178E+17,Rome,Italy,,5311,
0,3,2020,1,19,06:12,$120.13,Swipe Transaction,-7.27612E+17,Monterey Park,CA,91754,5411,
1174,1,2019,6,7,14:29,$0.31,Chip Transaction,6.09856E+18,Rome,Italy,,4214,
1400,0,2019,4,13,12:20,$3.54,Chip Transaction,6.99836E+18,Rome,Italy,,5411,
1231,1,2019,9,24,10:36,$8.95,Chip Transaction,2.02755E+18,Rome,Italy,,5541,
773,0,2019,1,1,12:40,$11.80,Chip Transaction,3.18952E+18,Rome,Italy,,5311,
777,2,2019,7,20,17:33,$15.81,Chip Transaction,6.99836E+18,Rome,Italy,,5411,
1579,2,2019,2,23,18:47,$442.15,Chip Transaction,-7.80705E+18,Rome,Italy,,3684,
579,1,2019,3,21,16:18,$71.99,Chip Transaction,-3.39554E+18,Rome,Italy,,5311,
0,1,2019,6,9,13:13,$74.00,Chip Transaction,-1.28808E+18,La Verne,CA,91750,5499,
1,2,2020,1,19,06:33,$109.25,Chip Transaction,-5.90412E+18,Flushing,NY,11367,5719,
2,0,2019,12,7,09:57,$51.58,Online Transaction,-6.45844E+18, ONLINE,,,4784,
2,0,2019,1,9,17:17,$46.27,Chip Transaction,-3.34594E+18,West Covina,CA,91792,7538,
2,0,2019,1,10,04:47,$42.20,Online Transaction,-6.45844E+18, ONLINE,,,4784,
1,3,2019,6,22,11:14,$62.48,Chip Transaction,-8.72734E+18,Little Neck,NY,11363,5655,
1717,4,2019,8,1,17:28,$290.00,Swipe Transaction,-7.80705E+18,Rome,Italy,,3684,
0,1,2019,5,10,16:56,$28.51,Online Transaction,4.24134E+18, ONLINE,,,4814,
0,3,2019,3,10,22:00,$170.99,Swipe Transaction,1.91348E+18,La Verne,CA,91750,5300,
517,3,2019,4,26,14:38,$12.08,Chip Transaction,5.50735E+18,Rome,Italy,,4121,
1734,5,2019,6,25,11:55,$134.73,Chip Transaction,6.0514E+18,Rome,Italy,,5310,
901,1,2019,4,12,19:22,$0.24,Chip Transaction,2.91975E+18,Rome,Italy,,5932,
0,3,2019,11,26,13:05,$58.39,Swipe Transaction,-5.16204E+18,New York,NY,10128,5541,
1477,2,2019,3,29,13:05,$11.17,Chip Transaction,6.0514E+18,Rome,Italy,,5310,
943,1,2019,6,4,16:20,$10.45,Swipe Transaction,-1.28808E+18,Rome,Italy,,5499,
2,0,2019,4,1,07:48,$7.68,Chip Transaction,-4.89106E+18,West Covina,CA,91792,5411,
888,0,2019,8,8,17:49,$55.76,Chip Transaction,-1.6423E+18,Rome,Italy,,5912,
2,0,2019,5,30,14:53,$42.66,Online Transaction,-6.45844E+18, ONLINE,,,4784,
1,3,2019,10,24,13:04,$88.06,Chip Transaction,6.12657E+18,Little Neck,NY,11363,7538,
1,1,2019,7,17,18:01,$78.81,Chip Transaction,4.93736E+18,Little Neck,NY,11363,5300,
0,3,2019,2,3,13:24,$-61.00,Swipe Transaction,2.02755E+18,Mira Loma,CA,91752,5541,
0,3,2019,2,16,06:15,$174.82,Swipe Transaction,3.52721E+18,La Verne,CA,91750,5300,
0,0,2019,4,18,17:41,$7.38,Online Transaction,-5.21142E+17, ONLINE,,,5815,
413,1,2019,4,5,19:19,$10.54,Chip Transaction,-7.5187E+18,Rome,Italy,,5813,
790,1,2019,1,25,18:42,$2.27,Chip Transaction,4.57388E+18,Rome,Italy,,5045,
1,3,2020,2,10,10:43,$16.25,Swipe Transaction,-6.73026E+18,Little Neck,NY,11363,7210,
1683,1,2019,9,24,16:04,$15.92,Chip Transaction,6.99836E+18,Rome,Italy,,5411,
1242,4,2019,8,24,11:29,$1.34,Chip Transaction,-1.6423E+18,Rome,Italy,,5912,
1,2,2019,8,1,18:11,$77.29,Chip Transaction,-7.05207E+18,Little Neck,NY,11363,5814,
768,1,2019,4,16,15:38,$0.62,Chip Transaction,-1.28808E+18,Rome,Italy,,5499,
2,0,2019,4,20,10:05,$46.28,Online Transaction,-6.45844E+18, ONLINE,,,4784,
0,3,2019,10,8,16:19,$91.05,Online Transaction,8.24576E+18, ONLINE,,,5661,
0,3,2019,7,1,06:47,$43.58,Swipe Transaction,-3.45515E+16,La Verne,CA,91750,5912,
2,0,2020,1,28,04:45,$31.14,Online Transaction,-6.45844E+18, ONLINE,,,4784,
1242,4,2019,8,16,12:41,$25.40,Chip Transaction,9.05774E+18,Rome,Italy,,5311,
509,1,2019,1,3,13:49,$425.07,Swipe Transaction,-3.39554E+18,Rome,Italy,,5311,
736,0,2019,10,18,13:03,$53.44,Chip Transaction,-3.39554E+18,Rome,Italy,,5311,
1,1,2019,3,20,16:56,$344.00,Chip Transaction,-1.12121E+17,New Britain,CT,6052,3509,
44,0,2019,6,20,11:34,$86.00,Swipe Transaction,2.02755E+18,Rome,Italy,,5541,
0,3,2019,2,1,06:38,$138.35,Swipe Transaction,4.06065E+18,La Verne,CA,91750,5411,
1958,0,2019,7,18,19:52,$1.09,Chip Transaction,-6.01867E+18,Rome,Italy,,5947,
531,2,2019,7,18,12:34,$241.00,Chip Transaction,4.8349E+17,Rome,Italy,,3504,
913,1,2019,4,27,19:46,$37.51,Swipe Transaction,-7.5187E+18,Rome,Italy,,5813,
680,1,2019,7,27,18:09,$-98.00,Chip Transaction,-5.16204E+18,Rome,Italy,,5541,
0,1,2019,3,28,20:05,$86.01,Chip Transaction,-4.50054E+18,La Verne,CA,91750,5814,
1958,0,2019,7,30,19:32,$176.51,Chip Transaction,4.57388E+18,Rome,Italy,,5045,
0,1,2019,11,25,06:32,$37.38,Chip Transaction,-3.45515E+16,La Verne,CA,91750,5912,
1515,5,2019,4,5,12:40,$286.85,Chip Transaction,-1.6423E+18,Rome,Italy,,5912,
2,0,2019,8,22,09:30,$87.92,Chip Transaction,-1.36149E+18,Rosemead,CA,91772,4111,
114,1,2019,10,5,14:16,$266.12,Chip Transaction,4.57388E+18,Rome,Italy,,5045,
2,0,2019,2,22,23:44,$2.23,Chip Transaction,6.6665E+18,West Covina,CA,91792,5499,
829,3,2019,1,10,13:42,$100.95,Chip Transaction,-2.45178E+17,Rome,Italy,,5311,
0,3,2019,1,1,06:41,$105.69,Swipe Transaction,-3.3943E+18,North Grafton,MA,1536,5411,
0,3,2019,6,1,06:08,$121.19,Swipe Transaction,5.81722E+18,La Verne,CA,91750,5912,
1798,0,2019,3,21,14:10,$72.56,Chip Transaction,9.05774E+18,Rome,Italy,,5311,
2,0,2019,7,1,13:24,$21.38,Chip Transaction,-3.89612E+17,West Covina,CA,91792,7230,
0,3,2019,7,2,13:13,$171.51,Online Transaction,-9.09268E+18, ONLINE,,,4900,
658,0,2019,10,4,12:19,$406.37,Chip Transaction,4.8349E+17,Rome,Italy,,3504,
1,2,2019,11,3,21:41,$3.79,Chip Transaction,1.91348E+18,Fresh Meadows,NY,11366,5300,"Bad PIN,"
1076,0,2019,2,15,12:57,$29.29,Chip Transaction,6.99836E+18,Rome,Italy,,5411,
0,1,2019,6,9,13:02,$64.59,Chip Transaction,-1.28808E+18,La Verne,CA,91750,5499,
1,1,2019,5,25,14:29,$38.36,Chip Transaction,3.18952E+18,Rome,Italy,,5311,
1,1,2019,2,27,17:43,$104.37,Online Transaction,-7.42109E+18, ONLINE,,,5311,
1,2,2019,9,4,15:03,$21.49,Chip Transaction,6.13521E+18,Little Neck,NY,11363,9402,
0,3,2019,8,30,06:25,$126.10,Swipe Transaction,-2.45178E+17,La Verne,CA,91750,5311,
2,0,2020,1,3,04:38,$40.97,Online Transaction,-6.45844E+18, ONLINE,,,4784,
0,1,2019,7,1,10:26,$60.74,Chip Transaction,-3.34594E+18,La Verne,CA,91750,7538,
0,0,2019,9,8,09:07,$99.14,Chip Transaction,-3.22076E+18,Spring Valley,CA,91978,5311,
0,2,2020,1,11,09:50,$54.11,Chip Transaction,3.95215E+18,La Verne,CA,91750,7538,
866,1,2019,5,16,13:01,$30.12,Chip Transaction,6.0514E+18,Rome,Italy,,5310,
0,3,2019,9,14,06:08,$141.37,Swipe Transaction,-7.27612E+17,Monterey Park,CA,91754,5411,
0,3,2019,3,25,06:38,$24.98,Swipe Transaction,4.06065E+18,La Verne,CA,91750,5411,
0,3,2019,6,9,20:09,$213.27,Online Transaction,4.24134E+18, ONLINE,,,4814,
1741,2,2019,8,3,19:07,$107.34,Chip Transaction,9.05774E+18,Rome,Italy,,5311,
1,1,2019,8,10,09:12,$151.83,Swipe Transaction,6.63005E+18,Ogdensburg,NJ,7439,7011,
2,0,2019,5,26,06:33,$17.04,Chip Transaction,-4.89106E+18,West Covina,CA,91792,5411,
1327,3,2019,3,19,14:24,$284.00,Chip Transaction,1.90253E+17,Rome,Italy,,3359,
0,2,2019,11,17,06:38,$47.12,Chip Transaction,5.81722E+18,La Verne,CA,91750,5912,
0,3,2019,7,13,06:46,$40.04,Swipe Transaction,4.06065E+18,La Verne,CA,91750,5411,
0,0,2019,5,1,06:04,$103.97,Chip Transaction,-7.27612E+17,Monterey Park,CA,91754,5411,
0,1,2019,3,28,06:37,$25.05,Chip Transaction,4.06065E+18,La Verne,CA,91750,5411,
2,0,2019,6,10,10:06,$98.00,Swipe Transaction,2.02755E+18,West Covina,CA,91792,5541,
1725,0,2019,8,8,14:58,$765.25,Chip Transaction,-2.45178E+17,Rome,Italy,,5311,
1,3,2019,8,18,13:39,$98.10,Chip Transaction,-6.73834E+18,Corona,NY,11368,7538,
1003,5,2019,10,12,11:33,$0.66,Chip Transaction,1.79919E+18,Rome,Italy,,5499,
1844,2,2019,10,15,17:18,$183.00,Chip Transaction,4.8349E+17,Rome,Italy,,3504,
0,3,2019,11,26,13:27,$-91.00,Swipe Transaction,-5.16204E+18,New York,NY,10128,5541,
2,0,2019,1,1,06:33,$39.69,Chip Transaction,1.43225E+18,Alhambra,CA,91803,7832,
0,0,2019,2,17,05:43,$155.04,Chip Transaction,2.02755E+18,Mira Loma,CA,91752,5541,
1844,2,2019,10,10,19:09,$99.75,Chip Transaction,4.57388E+18,Rome,Italy,,5045,
1062,6,2019,8,8,15:31,$418.00,Chip Transaction,-3.36283E+18,Rome,Italy,,7011,
1167,5,2019,3,12,13:54,$16.83,Chip Transaction,-8.80451E+18,Rome,Italy,,5712,
0,3,2019,1,26,06:40,$45.08,Swipe Transaction,-3.45515E+16,La Verne,CA,91750,5912,
0,3,2019,4,12,12:24,$56.00,Swipe Transaction,2.02755E+18,Mira Loma,CA,91752,5541,
1744,1,2019,5,23,11:50,$540.16,Chip Transaction,-8.80451E+18,Rome,Italy,,5712,
0,3,2019,5,25,13:28,$10.06,Swipe Transaction,-5.0235E+18,Mira Loma,CA,91752,5812,
81,2,2019,5,10,11:32,$5.65,Chip Transaction,7.06958E+18,Rome,Italy,,5812,
1047,2,2019,1,26,18:07,$57.73,Chip Transaction,9.05774E+18,Rome,Italy,,5311,
2,0,2019,9,28,14:45,$38.74,Online Transaction,-6.45844E+18, ONLINE,,,4784,
1588,5,2019,5,31,17:40,$103.10,Chip Transaction,5.90183E+17,Rome,Italy,,5094,
1993,1,2019,5,30,12:41,$27.46,Chip Transaction,-4.75206E+18,Rome,Italy,,4214,
1101,6,2019,5,16,13:22,$315.41,Chip Transaction,-1.12121E+17,Rome,Italy,,3509,
0,1,2019,9,18,13:34,$51.73,Online Transaction,7.0356E+18, ONLINE,,,5311,
1473,1,2019,10,12,17:07,$4.34,Chip Transaction,9.05774E+18,Rome,Italy,,5311,
1597,2,2019,7,18,17:44,$28.72,Chip Transaction,-7.27612E+17,Rome,Italy,,5411,
1320,5,2019,8,8,16:42,$1.80,Chip Transaction,-3.15872E+18,Rome,Italy,,5812,
2,0,2019,7,21,23:50,$0.83,Chip Transaction,6.6665E+18,West Covina,CA,91792,5499,
1174,1,2019,6,15,19:56,$65.57,Chip Transaction,-7.27612E+17,Rome,Italy,,5411,
0,3,2019,5,25,13:04,$67.60,Swipe Transaction,2.02755E+18,Mira Loma,CA,91752,5541,
1675,0,2019,10,22,15:38,$83.99,Chip Transaction,3.41453E+18,Rome,Italy,,5651,
2,0,2019,9,6,06:01,$15.52,Chip Transaction,4.72291E+18,Alhambra,CA,91801,5411,
914,4,2019,1,25,12:38,$77.00,Chip Transaction,-5.16204E+18,Rome,Italy,,5541,
0,0,2019,12,9,19:17,$70.13,Chip Transaction,-4.50054E+18,La Verne,CA,91750,5814,
658,0,2019,9,28,11:01,$1.25,Chip Transaction,-1.6423E+18,Rome,Italy,,5912,
0,3,2020,2,18,06:31,$32.24,Swipe Transaction,5.81722E+18,La Verne,CA,91750,5912,
450,0,2019,3,14,11:55,$5.59,Chip Transaction,4.57388E+18,Rome,Italy,,5045,
913,1,2019,5,4,14:37,$137.82,Swipe Transaction,-8.83014E+18,Rome,Italy,,5211,
100,3,2019,4,11,19:13,$13.99,Chip Transaction,2.02755E+18,Rome,Italy,,5541,
1,4,2019,2,22,13:05,$17.27,Chip Transaction,-7.05207E+18,Little Neck,NY,11363,5814,
0,3,2019,5,25,06:46,$22.74,Swipe Transaction,5.81722E+18,La Verne,CA,91750,5912,
2,0,2019,10,14,04:51,$37.56,Online Transaction,-6.45844E+18, ONLINE,,,4784,
0,2,2019,5,22,06:31,$27.69,Chip Transaction,-7.27612E+17,Monterey Park,CA,91754,5411,
1,3,2019,6,19,14:33,$89.14,Chip Transaction,6.4899E+18,Little Neck,NY,11363,5211,
1539,2,2019,2,19,17:49,$112.19,Chip Transaction,-7.27612E+17,Rome,Italy,,5411,
256,0,2019,7,4,11:38,$8.32,Chip Transaction,3.41453E+18,Rome,Italy,,5651,
466,1,2019,8,2,14:03,$372.00,Chip Transaction,1.90253E+17,Rome,Italy,,3359,
0,3,2019,11,27,10:45,$-394.00,Swipe Transaction,1.27047E+18,Waianae,HI,96792,3730,
2,0,2019,11,24,07:41,$8.42,Chip Transaction,-4.89106E+18,West Covina,CA,91792,5411,
1,2,2019,4,13,15:40,$751.33,Chip Transaction,-3.39554E+18,Oakland Gardens,NY,11364,5311,
863,2,2019,6,11,11:56,$134.98,Chip Transaction,6.0514E+18,Rome,Italy,,5310,
908,1,2019,10,8,18:54,$16.69,Chip Transaction,1.79919E+18,Rome,Italy,,5499,
1212,5,2019,3,8,10:49,$11.67,Swipe Transaction,7.48862E+18,Rome,Italy,,5651,
240,3,2019,9,21,13:17,$45.47,Chip Transaction,-8.83014E+18,Rome,Italy,,5211,
1,2,2020,1,22,17:30,$63.02,Chip Transaction,-7.05207E+18,Little Neck,NY,11363,5814,
1,1,2019,5,1,19:30,$163.00,Chip Transaction,-6.16179E+18,Hot Springs National Park,AR,71901,3389,
204,1,2019,5,18,13:05,$99.66,Chip Transaction,-7.81388E+17,Rome,Italy,,3009,
813,4,2019,2,12,18:34,$67.41,Chip Transaction,6.0514E+18,Rome,Italy,,5310,
813,4,2019,2,12,16:36,$1.79,Chip Transaction,-3.39554E+18,Rome,Italy,,5311,
943,1,2019,6,6,14:59,$9.76,Swipe Transaction,6.09856E+18,Rome,Italy,,4214,
531,2,2019,8,3,11:19,$5.90,Chip Transaction,9.05774E+18,Rome,Italy,,5311,
0,0,2019,4,7,06:59,$43.59,Chip Transaction,-7.27612E+17,Monterey Park,CA,91754,5411,
0,3,2019,7,19,06:44,$36.72,Swipe Transaction,-3.45515E+16,La Verne,CA,91750,5912,
1,4,2019,1,6,15:18,$16.85,Chip Transaction,6.09856E+18,Elmhurst,NY,11373,4214,
888,0,2019,8,6,13:28,$0.57,Chip Transaction,8.18129E+18,Rome,Italy,,5661,
1398,0,2019,3,9,13:43,$319.00,Chip Transaction,1.7153E+18,Rome,Italy,,3722,
487,2,2019,4,27,11:31,$39.45,Chip Transaction,3.18952E+18,Rome,Italy,,5311,
1450,0,2019,10,8,18:41,$261.28,Chip Transaction,4.57388E+18,Rome,Italy,,5045,
0,0,2019,7,29,09:23,$64.76,Chip Transaction,-3.34594E+18,La Verne,CA,91750,7538,
1178,1,2019,9,19,15:55,$2.33,Chip Transaction,9.05774E+18,Rome,Italy,,5311,
362,0,2019,1,1,14:13,$1.22,Chip Transaction,-1.6423E+18,Rome,Italy,,5912,
643,0,2019,4,11,11:14,$28.01,Chip Transaction,6.09856E+18,Rome,Italy,,4214,
1,1,2019,1,3,13:57,$18.85,Chip Transaction,-6.73834E+18,Corona,NY,11368,7538,
487,2,2019,4,27,10:51,$74.43,Chip Transaction,5.90183E+17,Rome,Italy,,5094,
0,1,2019,7,25,06:47,$30.83,Chip Transaction,-7.27612E+17,Monterey Park,CA,91754,5411,
1683,1,2019,10,17,12:28,$7.22,Chip Transaction,2.02755E+18,Rome,Italy,,5541,
943,1,2019,6,6,13:36,$60.41,Swipe Transaction,1.90253E+17,Rome,Italy,,3359,
126,0,2019,8,20,16:26,$0.33,Chip Transaction,-3.39554E+18,Rome,Italy,,5311,
0,3,2019,3,4,20:00,$14.87,Online Transaction,7.0356E+18, ONLINE,,,5311,
1,2,2019,3,25,06:31,$11.88,Chip Transaction,-4.79124E+18,Little Neck,NY,11363,5921,
478,0,2019,10,27,14:49,$-210.00,Chip Transaction,-1.12121E+17,Rome,Italy,,3509,
0,3,2019,6,27,06:25,$132.25,Swipe Transaction,3.52721E+18,La Verne,CA,91750,5300,
767,0,2019,6,11,18:48,$60.66,Chip Transaction,-7.5187E+18,Rome,Italy,,5813,
1983,4,2019,8,15,13:32,$50.01,Chip Transaction,3.18952E+18,Rome,Italy,,5311,
2,0,2019,5,16,05:16,$44.89,Online Transaction,-6.45844E+18, ONLINE,,,4784,"Bad Expiration,"
1620,3,2019,9,5,15:22,$61.04,Chip Transaction,-7.5187E+18,Rome,Italy,,5813,
2,0,2019,11,4,10:25,$31.19,Online Transaction,-6.45844E+18, ONLINE,,,4784,
0,1,2019,8,5,06:42,$33.62,Chip Transaction,5.81722E+18,La Verne,CA,91750,5912,
2,0,2019,8,29,06:52,$11.75,Chip Transaction,-5.86136E+18,West Covina,CA,91792,5912,
0,1,2019,7,11,06:28,$142.48,Chip Transaction,5.81722E+18,La Verne,CA,91750,5912,
1129,0,2019,5,18,13:26,$16.04,Chip Transaction,-3.39554E+18,Rome,Italy,,5311,
1620,3,2019,8,30,16:26,$174.00,Chip Transaction,4.8349E+17,Rome,Italy,,3504,
0,2,2020,2,16,06:32,$22.27,Chip Transaction,4.06065E+18,La Verne,CA,91750,5411,
658,0,2019,9,26,14:19,$19.39,Chip Transaction,4.57388E+18,Rome,Italy,,5045,
1164,0,2019,5,11,14:45,$103.65,Chip Transaction,-8.90095E+18,Rome,Italy,,5621,
1780,1,2019,3,15,17:20,$0.34,Swipe Transaction,-7.05207E+18,Rome,Italy,,5814,
1223,2,2019,10,15,10:30,$11.73,Chip Transaction,5.50735E+18,Rome,Italy,,4121,
785,0,2019,5,23,11:44,$145.16,Chip Transaction,-3.36283E+18,Rome,Italy,,7011,
0,0,2019,1,22,16:48,$27.29,Chip Transaction,8.38425E+17,Mira Loma,CA,91752,4814,
1,2,2019,6,30,08:25,$100.00,Chip Transaction,1.79919E+18,Little Neck,NY,11363,5499,
2,0,2019,3,16,10:56,$41.33,Online Transaction,-6.45844E+18, ONLINE,,,4784,
1741,2,2019,8,29,11:19,$10.25,Chip Transaction,7.06958E+18,Rome,Italy,,5812,
1,3,2019,3,5,03:10,$33.27,Chip Transaction,4.93736E+18,Little Neck,NY,11363,5300,
0,3,2019,2,11,16:57,$35.87,Online Transaction,4.24134E+18, ONLINE,,,4814,
813,4,2019,1,18,16:03,$0.32,Chip Transaction,3.18952E+18,Rome,Italy,,5311,
1958,4,2019,2,21,11:39,$109.35,Chip Transaction,6.99836E+18,Rome,Italy,,5411,
190,2,2019,8,20,16:12,$101.35,Chip Transaction,-5.16204E+18,Rome,Italy,,5541,
71,1,2019,9,27,18:09,$14.57,Chip Transaction,-7.14667E+18,Rome,Italy,,5970,
0,0,2019,6,13,06:53,$45.66,Chip Transaction,-5.47568E+18,Monterey Park,CA,91755,5942,
1780,1,2019,3,8,19:59,$13.86,Swipe Transaction,2.02755E+18,Rome,Italy,,5541,
0,0,2019,8,12,06:47,$60.21,Chip Transaction,-7.27612E+17,Monterey Park,CA,91754,5411,
278,1,2019,4,12,14:35,$572.13,Chip Transaction,-8.80451E+18,Rome,Italy,,5712,
2,0,2019,9,16,06:38,$36.89,Swipe Transaction,2.02755E+18,West Covina,CA,91792,5541,
1366,1,2019,5,25,11:19,$18.32,Chip Transaction,6.0514E+18,Rome,Italy,,5310,
1122,1,2019,10,15,19:03,$2.99,Chip Transaction,6.99836E+18,Rome,Italy,,5411,
785,0,2019,6,4,15:30,$39.61,Chip Transaction,-7.5187E+18,Rome,Italy,,5813,"Insufficient Balance,"
711,1,2019,3,7,19:44,$1.69,Chip Transaction,-1.6423E+18,Rome,Italy,,5912,
1933,2,2019,8,16,15:23,$219.42,Swipe Transaction,4.8349E+17,Rome,Italy,,3504,
425,2,2019,2,19,19:37,$0.09,Chip Transaction,3.18952E+18,Rome,Italy,,5311,
2,0,2019,7,2,11:42,$303.00,Chip Transaction,3.99132E+18,Staten Island,NY,10304,3405,
1,3,2019,10,8,13:56,$74.01,Chip Transaction,-6.73834E+18,Corona,NY,11368,7538,
1316,2,2019,2,16,15:05,$38.04,Chip Transaction,-3.15872E+18,Rome,Italy,,5812,
0,3,2019,2,25,06:26,$29.29,Swipe Transaction,-7.27612E+17,Monterey Park,CA,91754,5411,
727,1,2019,8,29,17:08,$301.00,Chip Transaction,1.7153E+18,Rome,Italy,,3722,
1,4,2019,1,31,12:40,$14.63,Chip Transaction,-5.65725E+18,Little Neck,NY,11363,5411,
1324,0,2019,5,31,10:56,$81.22,Chip Transaction,9.05774E+18,Rome,Italy,,5311,
1236,2,2019,1,12,18:49,$39.28,Chip Transaction,5.90183E+17,Rome,Italy,,5094,
299,0,2019,1,12,18:12,$23.53,Chip Transaction,-8.40529E+18,Rome,Italy,,5651,
1,3,2019,7,6,18:59,$82.42,Chip Transaction,-5.0235E+18,Little Neck,NY,11363,5812,
1,2,2019,5,12,08:43,$93.35,Chip Transaction,-3.49962E+18,Little Neck,NY,11363,7538,
0,2,2019,3,12,06:58,$36.42,Chip Transaction,-7.27612E+17,Toronto,Canada,,5411,
1018,0,2019,7,4,15:25,$176.00,Chip Transaction,-6.16179E+18,Rome,Italy,,3389,
1,3,2019,6,20,07:58,$87.32,Chip Transaction,1.79919E+18,Little Neck,NY,11363,5499,
44,0,2019,6,21,17:22,$13.39,Swipe Transaction,5.50735E+18,Rome,Italy,,4121,
2,0,2019,6,23,06:30,$15.91,Chip Transaction,4.72291E+18,Alhambra,CA,91801,5411,
0,3,2020,1,12,06:59,$117.51,Swipe Transaction,1.91348E+18,La Verne,CA,91750,5300,
2,0,2019,8,23,15:34,$40.00,Chip Transaction,-4.28247E+18,Chula Vista,CA,91910,4829,
0,3,2019,5,31,06:17,$85.38,Swipe Transaction,-3.45515E+16,La Verne,CA,91750,5912,
913,0,2019,2,1,14:45,$35.56,Chip Transaction,-1.6423E+18,Rome,Italy,,5912,
482,4,2019,4,6,18:41,$0.02,Chip Transaction,6.6665E+18,Rome,Italy,,5499,
509,1,2019,1,4,19:52,$60.38,Swipe Transaction,-7.27612E+17,Rome,Italy,,5411,
0,3,2019,9,24,06:25,$164.81,Swipe Transaction,-3.45515E+16,La Verne,CA,91750,5912,
1515,5,2019,4,5,17:35,$17.96,Chip Transaction,3.18952E+18,Rome,Italy,,5311,
2,1,2019,1,10,05:13,$52.21,Online Transaction,-6.45844E+18, ONLINE,,,4784,
2,0,2019,5,26,14:41,$46.80,Online Transaction,-6.45844E+18, ONLINE,,,4784,"Bad Expiration,"
0,1,2019,11,14,13:21,$-76.00,Chip Transaction,-1.28808E+18,La Verne,CA,91750,5499,
0,3,2019,5,15,06:25,$115.79,Swipe Transaction,2.02755E+18,Mira Loma,CA,91752,5541,
1576,3,2019,6,6,11:56,$0.62,Chip Transaction,-4.75206E+18,Rome,Italy,,4214,
0,1,2020,2,25,05:29,$115.86,Chip Transaction,3.52721E+18,La Verne,CA,91750,5300,
2,0,2019,2,1,04:32,$47.54,Online Transaction,-6.45844E+18, ONLINE,,,4784,
1298,2,2019,9,6,17:46,$123.60,Swipe Transaction,6.0514E+18,Rome,Italy,,5310,
1,2,2019,7,13,15:13,$189.85,Online Transaction,-2.15162E+18, ONLINE,,,5816,
1324,0,2019,6,18,13:28,$15.00,Chip Transaction,-1.6423E+18,Rome,Italy,,5912,
1324,0,2019,5,25,13:11,$83.12,Chip Transaction,-1.6423E+18,Rome,Italy,,5912,
1003,5,2019,10,11,16:34,$484.76,Chip Transaction,-3.39554E+18,Rome,Italy,,5311,
1,1,2019,7,2,08:19,$84.00,Chip Transaction,-5.16204E+18,Little Neck,NY,11363,5541,
1,1,2019,5,11,14:53,$14.22,Chip Transaction,9.05774E+18,Rome,Italy,,5311,
0,3,2019,11,26,13:10,$91.00,Swipe Transaction,-5.16204E+18,New York,NY,10128,5541,
2,0,2019,10,29,14:30,$24.29,Online Transaction,-6.45844E+18, ONLINE,,,4784,
41,1,2019,8,22,13:18,$8.18,Chip Transaction,6.09856E+18,Rome,Italy,,4214,
1,2,2019,6,1,18:07,$99.91,Chip Transaction,9.70328E+16,Oakland Gardens,NY,11364,5411,
1781,1,2019,5,25,11:12,$754.06,Chip Transaction,-8.80451E+18,Rome,Italy,,5712,
1,4,2019,10,12,18:05,$23.07,Chip Transaction,2.88124E+18,Little Neck,NY,11363,7832,
556,0,2019,7,26,15:49,$7.89,Chip Transaction,7.48862E+18,Rome,Italy,,5651,
2,0,2019,4,13,23:34,$1.52,Chip Transaction,6.6665E+18,West Covina,CA,91792,5499,
1115,2,2019,4,25,13:14,$128.17,Chip Transaction,7.48862E+18,Rome,Italy,,5651,
0,3,2019,3,2,06:35,$57.35,Swipe Transaction,-7.27612E+17,Monterey Park,CA,91754,5411,
2,0,2019,1,4,23:59,$1.57,Chip Transaction,6.6665E+18,West Covina,CA,91792,5499,
1917,0,2019,3,28,13:48,$6.54,Chip Transaction,9.05774E+18,Rome,Italy,,5311,
487,2,2019,4,25,12:27,$130.46,Chip Transaction,-3.36283E+18,Rome,Italy,,7011,
0,3,2019,12,22,06:07,$138.72,Swipe Transaction,-2.45178E+17,La Verne,CA,91750,5311,
1320,5,2019,8,6,17:59,$21.64,Chip Transaction,7.06958E+18,Rome,Italy,,5812,
100,3,2019,4,22,10:43,$74.24,Chip Transaction,-6.16179E+18,Rome,Italy,,3389,
0,3,2019,7,5,19:46,$494.95,Swipe Transaction,-8.11651E+17,La Verne,CA,91750,6300,
2,0,2019,5,18,07:17,$9.15,Chip Transaction,3.39745E+18,Niagara Falls,NY,14304,5541,
1689,1,2019,3,19,14:39,$521.62,Chip Transaction,-2.45178E+17,Rome,Italy,,5311,
0,3,2019,8,7,20:58,$84.57,Swipe Transaction,-1.60579E+18,La Verne,CA,91750,5812,
1,3,2019,9,7,18:12,$69.53,Chip Transaction,-7.05207E+18,Little Neck,NY,11363,5814,
2,0,2019,11,25,05:33,$53.55,Online Transaction,-6.45844E+18, ONLINE,,,4784,"Insufficient Balance,"
1129,0,2019,5,21,18:50,$31.05,Chip Transaction,-5.16204E+18,Rome,Italy,,5541,"Insufficient Balance,"
1178,1,2019,8,27,19:05,$1.85,Chip Transaction,-1.6423E+18,Rome,Italy,,5912,
230,1,2019,1,23,06:52,$1.65,Chip Transaction,-1.12121E+17,Rome,Italy,,3509,
1030,1,2019,10,4,18:56,$8.12,Chip Transaction,-3.39554E+18,Rome,Italy,,5311,
0,2,2019,8,11,06:26,$146.36,Chip Transaction,-7.27612E+17,Monterey Park,CA,91754,5411,
0,3,2020,2,6,06:15,$96.92,Swipe Transaction,1.91348E+18,La Verne,CA,91750,5300,
1,3,2019,7,2,05:26,$14.17,Online Transaction,6.45521E+18, ONLINE,,,5815,
2,0,2019,8,26,17:25,$28.30,Chip Transaction,-3.34594E+18,West Covina,CA,91792,7538,
2,0,2019,11,6,04:30,$48.02,Online Transaction,-6.45844E+18, ONLINE,,,4784,
2,0,2019,4,1,11:11,$35.15,Chip Transaction,1.79919E+18,Alhambra,CA,91801,5499,
0,3,2019,8,17,13:00,$60.54,Swipe Transaction,-1.28808E+18,La Verne,CA,91750,5499,
1,2,2020,1,1,13:03,$56.39,Chip Transaction,6.69846E+18,Fresh Meadows,NY,11366,4814,
1978,0,2019,4,13,16:09,$21.15,Chip Transaction,5.50735E+18,Rome,Italy,,4121,
0,0,2019,8,18,06:31,$35.73,Chip Transaction,-5.47568E+18,Monterey Park,CA,91755,5942,
1242,4,2019,8,23,18:16,$16.25,Chip Transaction,-2.45178E+17,Rome,Italy,,5311,
913,0,2019,2,1,10:59,$338.03,Chip Transaction,-3.39554E+18,Rome,Italy,,5311,
0,0,2019,5,25,16:59,$10.30,Chip Transaction,-7.27612E+17,Monterey Park,CA,91754,5411,
888,0,2019,8,6,17:36,$21.33,Chip Transaction,-3.39554E+18,Rome,Italy,,5311,
283,0,2019,7,13,19:17,$10.51,Chip Transaction,9.05774E+18,Rome,Italy,,5311,
2,0,2019,2,11,14:50,$51.46,Online Transaction,-6.45844E+18, ONLINE,,,4784,
1558,2,2019,5,9,14:32,$3.19,Chip Transaction,2.91975E+18,Rome,Italy,,5932,
0,3,2019,1,2,06:28,$131.85,Swipe Transaction,-3.3943E+18,North Grafton,MA,1536,5411,
0,3,2020,2,4,07:17,$40.33,Swipe Transaction,4.06065E+18,La Verne,CA,91750,5411,
230,1,2019,1,22,16:42,$25.48,Chip Transaction,-7.5187E+18,Rome,Italy,,5813,
1,3,2019,6,5,10:00,$57.63,Chip Transaction,-7.14667E+18,Jackson Heights,NY,11372,5970,
2,0,2019,8,9,06:47,$10.26,Chip Transaction,6.04253E+18,West Covina,CA,91792,5912,
1473,1,2019,10,15,19:50,$92.13,Chip Transaction,-1.6423E+18,Rome,Italy,,5912,
0,3,2019,4,12,06:23,$147.95,Swipe Transaction,-2.45178E+17,La Verne,CA,91750,5311,
1,1,2019,2,7,08:13,$193.23,Chip Transaction,7.83406E+18,San Antonio,TX,78260,3395,
1,3,2019,6,20,07:40,$96.00,Chip Transaction,1.79919E+18,Little Neck,NY,11363,5499,
1780,1,2019,3,9,15:53,$807.40,Swipe Transaction,-3.39554E+18,Rome,Italy,,5311,
410,1,2019,9,20,18:31,$44.87,Chip Transaction,-2.45178E+17,Rome,Italy,,5311,
1304,4,2019,3,19,16:13,$132.33,Chip Transaction,4.57388E+18,Rome,Italy,,5045,
0,3,2020,2,6,06:38,$40.17,Swipe Transaction,5.81722E+18,La Verne,CA,91750,5912,
2,0,2020,2,5,14:58,$43.96,Online Transaction,-6.45844E+18, ONLINE,,,4784,
1917,0,2019,4,2,14:06,$22.36,Chip Transaction,6.0514E+18,Rome,Italy,,5310,
44,0,2019,6,18,13:00,$49.64,Swipe Transaction,-2.45178E+17,Rome,Italy,,5311,
1260,2,2019,6,28,14:44,$54.27,Chip Transaction,5.90183E+17,Rome,Italy,,5094,
943,1,2019,6,4,19:56,$209.00,Swipe Transaction,1.90253E+17,Rome,Italy,,3359,
0,1,2019,8,29,06:58,$40.36,Chip Transaction,-7.27612E+17,Monterey Park,CA,91754,5411,
1,3,2019,11,13,17:33,$75.10,Chip Transaction,-5.46792E+18,Oakland Gardens,NY,11364,5912,
0,1,2019,6,21,06:47,$47.15,Chip Transaction,-5.47568E+18,Monterey Park,CA,91755,5942,
1400,0,2019,4,19,15:12,$62.98,Chip Transaction,-3.39554E+18,Rome,Italy,,5311,
1477,2,2019,3,2,12:50,$4.55,Chip Transaction,4.57388E+18,Rome,Italy,,5045,
2,0,2019,9,11,04:34,$51.94,Online Transaction,-6.45844E+18, ONLINE,,,4784,
1,2,2019,2,5,04:45,$175.76,Chip Transaction,5.87545E+18,San Antonio,TX,78251,4900,"Insufficient Balance,"
0,3,2019,9,22,06:11,$38.33,Swipe Transaction,-3.45515E+16,La Verne,CA,91750,5912,
1103,1,2019,3,22,12:58,$200.51,Chip Transaction,-2.45178E+17,Rome,Italy,,5311,
913,1,2019,4,25,16:15,$4.59,Swipe Transaction,6.99836E+18,Rome,Italy,,5411,
1877,1,2019,9,6,15:23,$120.28,Chip Transaction,6.0514E+18,Rome,Italy,,5310,
1062,6,2019,7,19,18:13,$216.00,Chip Transaction,-1.12121E+17,Rome,Italy,,3509,
1,4,2019,3,31,06:37,$13.76,Chip Transaction,1.79919E+18,Little Neck,NY,11363,5499,
406,1,2019,10,12,11:35,$4.46,Chip Transaction,-1.6423E+18,Rome,Italy,,5912,
1414,0,2019,2,23,12:38,$87.79,Chip Transaction,-5.16204E+18,Rome,Italy,,5541,
1977,0,2019,10,25,13:38,$204.95,Chip Transaction,2.02755E+18,Rome,Italy,,5541,
1419,3,2019,4,2,12:50,$75.79,Chip Transaction,9.05774E+18,Rome,Italy,,5311,
2,0,2019,9,18,14:50,$59.96,Online Transaction,-6.45844E+18, ONLINE,,,4784,"Insufficient Balance,"
1798,0,2019,3,29,19:33,$273.32,Chip Transaction,6.99836E+18,Rome,Italy,,5411,
0,3,2020,2,27,15:17,$167.96,Swipe Transaction,7.83406E+18,New York,NY,10128,3395,
0,1,2019,5,29,06:47,$36.63,Chip Transaction,4.06065E+18,La Verne,CA,91750,5411,
1,2,2019,2,25,08:08,$-61.00,Chip Transaction,-5.16204E+18,Little Neck,NY,11363,5541,
1163,5,2019,1,25,19:36,$182.57,Chip Transaction,-1.6423E+18,Rome,Italy,,5912,
1564,2,2019,1,1,15:24,$7.87,Chip Transaction,1.79919E+18,Rome,Italy,,5499,
2,0,2019,2,15,11:31,$9.48,Swipe Transaction,2.02755E+18,West Covina,CA,91792,5541,
370,0,2019,9,24,19:45,$1.69,Chip Transaction,-2.45178E+17,Rome,Italy,,5311,
2,0,2019,6,6,23:30,$2.09,Chip Transaction,6.6665E+18,West Covina,CA,91792,5499,
1,2,2019,6,10,10:08,$72.64,Chip Transaction,9.70328E+16,Oakland Gardens,NY,11364,5411,
1,4,2019,3,25,13:11,$0.67,Chip Transaction,-5.65725E+18,Little Neck,NY,11363,5411,
0,1,2019,2,14,09:58,$36.31,Chip Transaction,4.05526E+18,La Verne,CA,91750,7538,
1487,0,2019,8,8,12:03,$11.66,Chip Transaction,-2.45178E+17,Rome,Italy,,5311,
2,0,2019,2,4,09:57,$31.23,Online Transaction,-6.45844E+18, ONLINE,,,4784,
0,2,2020,1,12,06:23,$149.81,Chip Transaction,5.81722E+18,La Verne,CA,91750,5912,
0,3,2019,4,30,06:20,$115.10,Swipe Transaction,-2.45178E+17,La Verne,CA,91750,5311,
1169,4,2019,8,15,12:30,$7.89,Chip Transaction,-2.45178E+17,Rome,Italy,,5311,
2,0,2019,7,27,23:31,$1.87,Chip Transaction,6.6665E+18,West Covina,CA,91792,5499,
2,0,2019,1,29,04:57,$46.11,Online Transaction,-6.45844E+18, ONLINE,,,4784,
278,1,2019,4,12,14:48,$3.70,Chip Transaction,3.18952E+18,Rome,Italy,,5311,
1781,1,2019,5,18,15:40,$35.71,Chip Transaction,9.05774E+18,Rome,Italy,,5311,
0,0,2019,8,27,06:47,$28.11,Chip Transaction,-7.27612E+17,Monterey Park,CA,91754,5411,
1,3,2020,1,28,13:38,$90.34,Chip Transaction,-6.73834E+18,Corona,NY,11368,7538,
1,3,2019,2,14,09:33,$8.65,Swipe Transaction,-6.73026E+18,Little Neck,NY,11363,7210,
1,1,2020,1,25,13:22,$13.33,Chip Transaction,-5.0235E+18,Little Neck,NY,11363,5812,
0,1,2019,5,28,09:46,$147.50,Online Transaction,-9.09268E+18, ONLINE,,,4900,
0,2,2019,11,4,20:17,$189.72,Chip Transaction,8.38425E+17,Mira Loma,CA,91752,4814,
2,0,2019,4,1,11:13,$-84.00,Chip Transaction,1.79919E+18,Alhambra,CA,91801,5499,
1477,2,2019,3,30,19:12,$59.00,Chip Transaction,-1.28808E+18,Rome,Italy,,5499,
0,2,2019,5,9,13:55,$76.00,Chip Transaction,2.02755E+18,Mira Loma,CA,91752,5541,
2,0,2019,5,15,08:29,$36.06,Chip Transaction,3.09444E+18,Niagara Falls,NY,14303,7832,
0,0,2019,7,11,06:36,$46.77,Chip Transaction,5.81722E+18,La Verne,CA,91750,5912,
0,2,2019,4,4,09:47,$53.55,Chip Transaction,-3.34594E+18,La Verne,CA,91750,7538,
0,0,2020,2,7,17:46,$6.81,Online Transaction,6.45521E+18, ONLINE,,,5815,
0,3,2019,1,1,20:14,$61.55,Swipe Transaction,-2.74491E+18,North Grafton,MA,1536,5812,
1551,2,2019,7,26,19:51,$34.61,Chip Transaction,-2.45178E+17,Rome,Italy,,5311,
262,0,2019,4,25,13:06,$116.17,Chip Transaction,6.0514E+18,Rome,Italy,,5310,
0,3,2019,10,14,05:43,$43.37,Swipe Transaction,4.06065E+18,La Verne,CA,91750,5411,
1,1,2019,5,2,18:14,$32.34,Swipe Transaction,3.63912E+18,Camden,AR,71701,5814,
2,0,2019,9,17,07:36,$7.73,Chip Transaction,-6.03533E+18,Alhambra,CA,91801,5812,
1477,2,2019,4,12,19:33,$144.59,Chip Transaction,6.99836E+18,Rome,Italy,,5411,
813,4,2019,2,16,16:48,$44.55,Chip Transaction,-1.6423E+18,Rome,Italy,,5912,
2,0,2019,6,9,14:48,$27.20,Online Transaction,-6.45844E+18, ONLINE,,,4784,
1,1,2019,6,12,05:42,$197.00,Chip Transaction,7.1054E+18,Little Neck,NY,11363,5712,
531,2,2019,7,30,12:38,$50.94,Chip Transaction,-5.16204E+18,Rome,Italy,,5541,"Insufficient Balance,"
1,1,2019,4,16,10:48,$80.46,Chip Transaction,-5.46792E+18,Oakland Gardens,NY,11364,5912,
165,0,2019,5,7,17:36,$2.66,Chip Transaction,-1.6423E+18,Rome,Italy,,5912,
0,3,2019,3,24,06:00,$139.14,Swipe Transaction,2.02755E+18,Mira Loma,CA,91752,5541,
0,0,2019,11,19,20:16,$34.71,Chip Transaction,-4.50054E+18,La Verne,CA,91750,5814,
1,1,2019,6,16,10:28,$58.65,Chip Transaction,-5.47568E+18,Rego Park,NY,11374,5942,
41,1,2019,8,17,15:12,$363.92,Chip Transaction,-2.45178E+17,Rome,Italy,,5311,
0,3,2019,5,28,06:20,$151.95,Swipe Transaction,3.52721E+18,La Verne,CA,91750,5300,
2,0,2019,1,24,04:53,$39.07,Online Transaction,-6.45844E+18, ONLINE,,,4784,
2,0,2020,1,29,14:55,$43.13,Online Transaction,-6.45844E+18, ONLINE,,,4784,
1,2,2019,3,8,13:14,$101.23,Chip Transaction,6.12657E+18,Little Neck,NY,11363,7538,
341,2,2019,5,4,18:26,$12.36,Chip Transaction,5.50735E+18,Rome,Italy,,4121,
0,0,2019,7,16,20:53,$94.79,Chip Transaction,-4.50054E+18,La Verne,CA,91750,5814,
0,2,2019,10,18,13:49,$10.69,Chip Transaction,-1.04662E+18,Detroit,MI,48202,5812,
1,3,2019,7,17,18:52,$66.25,Chip Transaction,-5.0235E+18,Little Neck,NY,11363,5812,
0,0,2019,1,11,13:13,$16.07,Chip Transaction,7.52243E+18,Princeton,MA,1541,5411,
0,0,2019,5,19,06:33,$48.96,Chip Transaction,4.06065E+18,La Verne,CA,91750,5411,
1,2,2019,11,1,06:38,$13.36,Chip Transaction,1.79919E+18,Little Neck,NY,11363,5499,
0,1,2020,2,9,09:32,$72.25,Chip Transaction,3.95215E+18,La Verne,CA,91750,7538,
829,3,2019,1,12,15:38,$0.62,Chip Transaction,6.99836E+18,Rome,Italy,,5411,
0,0,2019,1,13,00:16,$120.80,Chip Transaction,1.27047E+18,Waianae,HI,96792,3730,"Insufficient Balance,"
0,3,2019,12,20,06:07,$128.58,Swipe Transaction,2.02755E+18,Mira Loma,CA,91752,5541,
0,3,2019,5,12,06:21,$102.98,Swipe Transaction,4.06065E+18,La Verne,CA,91750,5411,
2,1,2019,1,9,06:50,$44.09,Swipe Transaction,6.04253E+18,West Covina,CA,91792,5912,
0,0,2020,2,11,13:08,$82.88,Online Transaction,-9.09268E+18, ONLINE,,,4900,
0,3,2019,8,17,06:46,$40.00,Swipe Transaction,-5.47568E+18,Monterey Park,CA,91755,5942,
2,1,2019,1,6,14:36,$41.88,Online Transaction,-6.45844E+18, ONLINE,,,4784,
0,1,2019,1,9,20:39,$65.53,Chip Transaction,7.82331E+18,North Grafton,MA,1536,5812,
370,0,2019,9,27,13:29,$109.19,Chip Transaction,9.05774E+18,Rome,Italy,,5311,
1450,0,2019,10,10,11:25,$38.36,Chip Transaction,-7.27612E+17,Rome,Italy,,5411,
0,3,2019,10,25,06:19,$123.31,Swipe Transaction,6.09869E+18,Detroit,MI,48202,5300,
256,0,2019,7,2,15:11,$10.90,Chip Transaction,-5.16204E+18,Rome,Italy,,5541,
1166,0,2019,6,21,14:36,$9.19,Chip Transaction,5.50735E+18,Rome,Italy,,4121,
1,2,2019,3,10,07:31,$18.35,Chip Transaction,1.79919E+18,Little Neck,NY,11363,5499,
1364,2,2019,5,21,16:55,$554.28,Chip Transaction,-8.80451E+18,Rome,Italy,,5712,
938,1,2019,1,26,16:47,$9.23,Chip Transaction,5.50735E+18,Rome,Italy,,4121,
278,1,2019,4,6,19:07,$6.24,Chip Transaction,7.06958E+18,Rome,Italy,,5812,
866,0,2019,8,3,19:11,$48.71,Chip Transaction,-1.6423E+18,Rome,Italy,,5912,
2,0,2020,2,7,23:54,$1.70,Chip Transaction,6.6665E+18,West Covina,CA,91792,5499,
71,1,2019,9,7,13:35,$80.38,Chip Transaction,4.57388E+18,Rome,Italy,,5045,
1,1,2019,10,5,18:46,$134.96,Chip Transaction,-5.46792E+18,Oakland Gardens,NY,11364,5912,
1,2,2019,2,5,04:46,$131.87,Chip Transaction,5.87545E+18,San Antonio,TX,78251,4900,
1790,0,2019,4,4,11:01,$87.09,Chip Transaction,3.41453E+18,Rome,Italy,,5651,
2,0,2019,8,13,23:23,$0.97,Chip Transaction,6.6665E+18,West Covina,CA,91792,5499,
100,3,2019,4,18,10:48,$3.38,Chip Transaction,-1.6423E+18,Rome,Italy,,5912,
1477,2,2019,4,9,13:56,$383.00,Chip Transaction,-6.16179E+18,Rome,Italy,,3389,
0,3,2020,2,3,13:54,$56.89,Online Transaction,-7.42109E+18, ONLINE,,,5311,
888,0,2019,8,6,13:21,$49.32,Chip Transaction,3.41453E+18,Rome,Italy,,5651,
1207,0,2019,9,19,12:08,$61.45,Chip Transaction,-8.40529E+18,Rome,Italy,,5651,
1,4,2020,2,22,13:11,$16.65,Online Transaction,4.24134E+18, ONLINE,,,4814,
1683,1,2019,10,12,18:11,$0.05,Chip Transaction,5.50735E+18,Rome,Italy,,4121,
2,0,2019,9,8,09:58,$50.06,Online Transaction,-6.45844E+18, ONLINE,,,4784,
1,4,2019,12,5,18:41,$23.51,Chip Transaction,2.88124E+18,Little Neck,NY,11363,7832,
914,4,2019,2,1,15:21,$38.53,Chip Transaction,3.41453E+18,Rome,Italy,,5651,
1,2,2019,11,18,14:05,$13.32,Chip Transaction,9.70328E+16,Oakland Gardens,NY,11364,5411,
829,3,2019,1,10,19:54,$17.02,Chip Transaction,6.99836E+18,Rome,Italy,,5411,
0,3,2020,1,31,06:12,$130.87,Swipe Transaction,-3.45515E+16,La Verne,CA,91750,5912,
156,0,2019,10,5,13:13,$23.20,Chip Transaction,-3.39554E+18,Rome,Italy,,5311,
1,1,2019,11,16,06:46,$11.89,Chip Transaction,-5.16204E+18,Little Neck,NY,11363,5541,
1689,1,2019,3,9,18:21,$164.00,Chip Transaction,1.7153E+18,Rome,Italy,,3722,
2,0,2019,11,27,06:43,$13.44,Chip Transaction,-5.47568E+18,Spring Valley,CA,91977,5942,
1062,6,2019,7,26,11:46,$114.24,Chip Transaction,4.57388E+18,Rome,Italy,,5045,
44,0,2019,6,21,13:02,$0.69,Swipe Transaction,-2.45178E+17,Rome,Italy,,5311,
190,1,2019,2,21,14:35,$28.42,Chip Transaction,4.7517E+18,Rome,Italy,,5814,
1528,2,2019,7,2,11:39,$13.77,Chip Transaction,-3.39554E+18,Rome,Italy,,5311,
1709,2,2019,4,30,14:36,$4.64,Swipe Transaction,6.99836E+18,Rome,Italy,,5411,
0,2,2019,9,6,06:05,$73.31,Chip Transaction,-3.45515E+16,La Verne,CA,91750,5912,
1477,2,2019,3,26,17:58,$2.46,Chip Transaction,6.0514E+18,Rome,Italy,,5310,
1,1,2019,8,10,15:11,$-110.00,Chip Transaction,-1.61222E+18,Corona,NY,11368,3387,
0,0,2019,7,8,12:53,$93.00,Chip Transaction,2.02755E+18,Mira Loma,CA,91752,5541,
2,0,2019,7,11,23:57,$1.02,Chip Transaction,6.6665E+18,West Covina,CA,91792,5499,
1414,0,2019,3,8,12:21,$90.35,Chip Transaction,-1.6423E+18,Rome,Italy,,5912,
0,3,2019,11,2,06:36,$172.27,Swipe Transaction,-2.45178E+17,La Verne,CA,91750,5311,
1571,4,2019,4,2,18:07,$72.58,Chip Transaction,7.48862E+18,Rome,Italy,,5651,
0,0,2020,2,25,06:52,$19.97,Chip Transaction,4.06065E+18,La Verne,CA,91750,5411,
0,0,2019,5,9,13:10,$47.53,Chip Transaction,2.02755E+18,Mira Loma,CA,91752,5541,
1579,2,2019,2,19,13:06,$1.68,Chip Transaction,-7.27612E+17,Rome,Italy,,5411,
1,2,2019,2,4,23:15,$472.00,Chip Transaction,1.7153E+18,San Antonio,TX,78251,3722,
2,0,2019,2,21,04:34,$46.02,Online Transaction,-6.45844E+18, ONLINE,,,4784,
767,0,2019,6,21,19:27,$67.46,Chip Transaction,-3.39554E+18,Rome,Italy,,5311,
1018,0,2019,7,12,12:00,$-176.00,Chip Transaction,-6.16179E+18,Rome,Italy,,3389,
2,0,2019,5,19,09:42,$29.68,Online Transaction,-6.45844E+18, ONLINE,,,4784,
0,2,2019,4,16,06:49,$42.05,Chip Transaction,-3.45515E+16,La Verne,CA,91750,5912,
240,3,2019,9,13,18:59,$28.51,Chip Transaction,-8.7334E+18,Rome,Italy,,5814,
0,0,2019,7,27,07:00,$39.03,Chip Transaction,-3.45515E+16,La Verne,CA,91750,5912,
946,1,2019,5,31,14:31,$6.31,Chip Transaction,-2.45178E+17,Rome,Italy,,5311,
2,0,2019,3,31,23:43,$2.31,Chip Transaction,6.6665E+18,West Covina,CA,91792,5499,
0,3,2019,12,27,06:36,$41.08,Swipe Transaction,4.06065E+18,La Verne,CA,91750,5411,
0,3,2020,1,25,06:21,$132.96,Swipe Transaction,1.91348E+18,La Verne,CA,91750,5300,
1,4,2019,12,6,06:56,$9.08,Chip Transaction,1.79919E+18,Little Neck,NY,11363,5499,
1571,4,2019,4,5,12:36,$409.00,Chip Transaction,1.90253E+17,Rome,Italy,,3359,
1546,2,2019,4,2,17:35,$40.08,Chip Transaction,5.90183E+17,Rome,Italy,,5094,
2,0,2019,2,21,15:24,$33.34,Online Transaction,-6.45844E+18, ONLINE,,,4784,
0,2,2019,1,18,06:07,$88.49,Chip Transaction,3.52721E+18,La Verne,CA,91750,5300,
1,2,2019,4,30,04:36,$129.02,Chip Transaction,-6.09472E+18,Little Neck,NY,11363,4900,
0,3,2019,12,4,06:10,$121.46,Swipe Transaction,-7.27612E+17,Monterey Park,CA,91754,5411,"Insufficient Balance,"
528,1,2019,7,27,12:35,$45.75,Chip Transaction,6.99836E+18,Rome,Italy,,5411,
1780,1,2019,3,15,11:52,$163.05,Swipe Transaction,-2.91654E+18,Rome,Italy,,5712,
1579,2,2019,2,15,12:16,$0.84,Chip Transaction,-7.27612E+17,Rome,Italy,,5411,
240,2,2019,6,28,15:22,$35.38,Chip Transaction,6.0514E+18,Rome,Italy,,5310,
1572,3,2019,3,15,10:38,$37.75,Chip Transaction,9.05774E+18,Rome,Italy,,5311,
796,1,2019,2,14,17:32,$47.51,Swipe Transaction,3.18952E+18,Rome,Italy,,5311,
1528,2,2019,7,6,11:22,$39.55,Chip Transaction,-7.5187E+18,Rome,Italy,,5813,
1,2,2020,1,2,07:04,$122.95,Chip Transaction,-8.72734E+18,Little Neck,NY,11363,5655,
2,0,2019,10,9,09:55,$53.18,Online Transaction,-6.45844E+18, ONLINE,,,4784,
190,1,2019,2,22,16:15,$55.66,Chip Transaction,8.18129E+18,Rome,Italy,,5661,
0,3,2019,5,11,13:26,$11.38,Swipe Transaction,4.06065E+18,La Verne,CA,91750,5411,
1,2,2019,4,14,10:55,$966.04,Swipe Transaction,-2.16533E+18,Fresh Meadows,NY,11365,5311,
0,3,2019,7,27,05:56,$95.85,Swipe Transaction,4.06065E+18,La Verne,CA,91750,5411,
0,3,2019,7,28,06:27,$114.75,Swipe Transaction,2.02755E+18,Mira Loma,CA,91752,5541,
0,3,2019,4,15,13:29,$54.00,Swipe Transaction,-1.28808E+18,La Verne,CA,91750,5499,
0,3,2020,2,22,06:06,$162.27,Swipe Transaction,1.91348E+18,La Verne,CA,91750,5300,
156,0,2019,10,25,19:26,$59.85,Chip Transaction,6.0514E+18,Rome,Italy,,5310,
1353,1,2019,1,18,11:23,$-91.00,Chip Transaction,1.79919E+18,Rome,Italy,,5499,
100,3,2019,4,23,10:44,$64.99,Chip Transaction,3.18952E+18,Rome,Italy,,5311,
0,1,2019,8,7,19:10,$17.70,Chip Transaction,2.02755E+18,Mira Loma,CA,91752,5541,
1798,0,2019,4,2,17:16,$37.19,Chip Transaction,5.90183E+17,Rome,Italy,,5094,
767,0,2019,6,29,13:00,$73.99,Chip Transaction,-3.39554E+18,Rome,Italy,,5311,
2,0,2019,3,21,23:53,$1.83,Chip Transaction,6.6665E+18,West Covina,CA,91792,5499,
0,0,2019,2,21,06:39,$38.81,Chip Transaction,-7.27612E+17,Monterey Park,CA,91754,5411,
0,1,2020,2,17,07:23,$73.10,Chip Transaction,3.52721E+18,La Verne,CA,91750,5300,
0,2,2019,3,31,05:19,$123.49,Chip Transaction,3.52721E+18,La Verne,CA,91750,5300,
0,3,2019,1,4,06:51,$35.73,Swipe Transaction,-5.46792E+18,North Grafton,MA,1536,5912,
0,0,2019,4,19,06:38,$128.90,Chip Transaction,-2.45178E+17,La Verne,CA,91750,5311,
0,2,2019,10,6,06:27,$123.39,Chip Transaction,-3.45515E+16,La Verne,CA,91750,5912,
0,1,2019,4,26,10:30,$23.48,Chip Transaction,-8.68256E+16,La Verne,CA,91750,7230,
165,0,2019,5,16,12:23,$7.37,Chip Transaction,-7.27612E+17,Rome,Italy,,5411,
1689,1,2019,3,14,13:14,$381.00,Chip Transaction,-1.12121E+17,Rome,Italy,,3509,
0,3,2020,1,12,06:40,$44.83,Swipe Transaction,-5.47568E+18,Monterey Park,CA,91755,5942,
1,3,2019,9,11,14:48,$157.13,Swipe Transaction,-8.56695E+18,San Antonio,TX,78223,3640,
0,2,2019,9,8,06:34,$47.50,Chip Transaction,5.81722E+18,La Verne,CA,91750,5912,
2,0,2019,2,12,09:59,$55.73,Online Transaction,-6.45844E+18, ONLINE,,,4784,
0,3,2020,1,14,06:49,$24.28,Swipe Transaction,4.06065E+18,La Verne,CA,91750,5411,
240,2,2019,6,22,14:00,$82.47,Chip Transaction,-5.16204E+18,Rome,Italy,,5541,
0,3,2019,8,8,09:25,$114.13,Swipe Transaction,3.18952E+18,La Verne,CA,91750,5311,
0,1,2019,6,26,09:30,$67.64,Chip Transaction,-3.34594E+18,La Verne,CA,91750,7538,
1076,0,2019,2,26,11:27,$3.76,Chip Transaction,6.99836E+18,Rome,Italy,,5411,
0,0,2019,3,30,13:53,$6.96,Chip Transaction,1.91348E+18,La Verne,CA,91750,5300,
262,0,2019,4,18,17:11,$148.37,Chip Transaction,-3.15872E+18,Rome,Italy,,5812,
0,0,2019,7,5,06:35,$24.27,Chip Transaction,4.06065E+18,La Verne,CA,91750,5411,
2,0,2019,9,29,09:33,$51.08,Online Transaction,-6.45844E+18, ONLINE,,,4784,
0,3,2019,8,25,13:28,$-65.00,Swipe Transaction,2.02755E+18,Mira Loma,CA,91752,5541,
2,0,2019,7,19,04:21,$47.36,Online Transaction,-6.45844E+18, ONLINE,,,4784,
2,0,2019,6,30,07:57,$5.07,Chip Transaction,-7.80474E+18,West Covina,CA,91792,5812,
0,3,2019,10,15,06:23,$127.71,Swipe Transaction,4.06065E+18,La Verne,CA,91750,5411,
2,0,2019,3,3,14:34,$136.49,Swipe Transaction,-3.69365E+18,Alhambra,CA,91801,4814,
2,0,2019,7,23,22:11,$37.11,Chip Transaction,3.63912E+18,West Covina,CA,91792,5814,
230,1,2019,1,15,16:03,$10.24,Chip Transaction,9.05774E+18,Rome,Italy,,5311,
597,0,2019,10,11,12:07,$174.48,Chip Transaction,-1.6423E+18,Rome,Italy,,5912,
1364,2,2019,5,9,12:23,$76.00,Chip Transaction,1.79919E+18,Rome,Italy,,5499,
1,3,2019,3,11,11:00,$45.86,Chip Transaction,-3.22224E+18,Little Neck,NY,11363,5651,
1,2,2019,10,29,13:31,$104.16,Chip Transaction,-6.73834E+18,Corona,NY,11368,7538,
0,3,2019,9,10,13:50,$75.85,Swipe Transaction,4.06065E+18,La Verne,CA,91750,5411,
1,4,2019,10,6,06:54,$8.67,Chip Transaction,-4.79124E+18,Little Neck,NY,11363,5921,
1419,3,2019,3,26,15:48,$42.39,Chip Transaction,-5.16204E+18,Rome,Italy,,5541,
556,0,2019,8,13,18:08,$72.87,Chip Transaction,-7.27612E+17,Rome,Italy,,5411,
2,0,2019,9,27,23:16,$2.09,Chip Transaction,6.6665E+18,West Covina,CA,91792,5499,
0,2,2019,3,25,18:47,$17.65,Chip Transaction,-2.45178E+17,La Verne,CA,91750,5311,
2,0,2019,7,15,23:55,$2.32,Chip Transaction,6.6665E+18,West Covina,CA,91792,5499,
81,2,2019,5,17,15:18,$90.03,Chip Transaction,4.57388E+18,Rome,Italy,,5045,
1508,4,2019,6,11,18:49,$0.95,Chip Transaction,4.57388E+18,Rome,Italy,,5045,
262,0,2019,4,26,13:28,$33.53,Chip Transaction,-3.39554E+18,Rome,Italy,,5311,
1,1,2019,5,1,08:27,$135.14,Chip Transaction,-5.16204E+18,Little Neck,NY,11363,5541,
2,1,2019,1,1,05:08,$44.44,Online Transaction,-6.45844E+18, ONLINE,,,4784,
1260,2,2019,7,9,12:41,$2.94,Chip Transaction,3.18952E+18,Rome,Italy,,5311,
0,2,2019,12,24,06:01,$129.85,Chip Transaction,5.81722E+18,La Verne,CA,91750,5912,
0,2,2019,7,15,17:39,$7.28,Online Transaction,-5.21142E+17, ONLINE,,,5815,
1,1,2019,8,7,19:20,$349.00,Swipe Transaction,6.63005E+18,Ogdensburg,NJ,7439,7011,
1917,0,2019,3,28,15:41,$3.07,Chip Transaction,-7.5187E+18,Rome,Italy,,5813,
1237,0,2019,10,8,17:15,$28.07,Chip Transaction,9.05774E+18,Rome,Italy,,5311,
1798,0,2019,3,19,17:31,$8.49,Chip Transaction,-2.45178E+17,Rome,Italy,,5311,
579,1,2019,3,16,15:40,$76.00,Chip Transaction,-1.28808E+18,Rome,Italy,,5499,
1558,2,2019,5,14,12:06,$127.45,Chip Transaction,-8.40529E+18,Rome,Italy,,5651,
0,0,2019,4,30,07:12,$120.00,Chip Transaction,-4.28247E+18,Mira Loma,CA,91752,4829,"Bad PIN,"
1,4,2019,10,8,13:18,$0.79,Chip Transaction,-5.47568E+18,Rego Park,NY,11374,5942,
0,2,2019,12,1,06:44,$36.60,Chip Transaction,5.81722E+18,La Verne,CA,91750,5912,
0,0,2019,6,10,13:24,$11.68,Chip Transaction,-5.0235E+18,Mira Loma,CA,91752,5812,
0,2,2019,11,25,07:56,$582.26,Chip Transaction,3.95215E+18,La Verne,CA,91750,7538,
1641,1,2019,5,30,10:50,$10.82,Chip Transaction,-8.83014E+18,Rome,Italy,,5211,
1,3,2019,9,6,18:24,$87.86,Chip Transaction,-5.65725E+18,Little Neck,NY,11363,5411,
745,1,2019,10,10,15:49,$0.01,Swipe Transaction,6.99836E+18,Rome,Italy,,5411,
0,1,2019,3,20,20:23,$92.40,Chip Transaction,-4.50054E+18,La Verne,CA,91750,5814,
1,2,2019,8,27,10:57,$13.73,Swipe Transaction,-6.73026E+18,Little Neck,NY,11363,7210,
1425,7,2019,7,12,10:58,$0.29,Chip Transaction,-4.75206E+18,Rome,Italy,,4214,
0,1,2019,7,30,13:21,$98.00,Chip Transaction,2.02755E+18,Mira Loma,CA,91752,5541,
0,3,2019,4,28,07:25,$40.40,Swipe Transaction,5.81722E+18,La Verne,CA,91750,5912,
1018,0,2019,7,2,16:34,$512.13,Chip Transaction,3.18952E+18,Rome,Italy,,5311,
1,4,2019,2,23,19:01,$16.20,Chip Transaction,2.88124E+18,Little Neck,NY,11363,7832,
1844,2,2019,10,10,14:21,$21.79,Chip Transaction,-3.15872E+18,Rome,Italy,,5812,
2,0,2019,1,3,14:46,$52.95,Online Transaction,-6.45844E+18, ONLINE,,,4784,
2,0,2019,4,5,07:10,$37.90,Chip Transaction,-3.26567E+18,West Covina,CA,91792,7832,
278,1,2019,4,23,15:08,$38.45,Chip Transaction,6.0514E+18,Rome,Italy,,5310,
740,1,2019,4,27,10:36,$87.10,Chip Transaction,7.48862E+18,Rome,Italy,,5651,
1166,0,2019,6,21,14:32,$59.40,Chip Transaction,6.0514E+18,Rome,Italy,,5310,
0,3,2019,1,25,06:16,$141.78,Swipe Transaction,5.81722E+18,La Verne,CA,91750,5912,
2,0,2019,4,18,04:45,$48.54,Online Transaction,-6.45844E+18, ONLINE,,,4784,
1,3,2019,11,7,20:38,$28.52,Chip Transaction,2.13217E+18,Little Neck,NY,11363,5813,
1400,0,2019,4,20,19:18,$52.23,Chip Transaction,-7.27612E+17,Rome,Italy,,5411,
1212,5,2019,3,8,16:30,$1.77,Swipe Transaction,2.02755E+18,Rome,Italy,,5541,
0,0,2019,3,26,07:01,$38.82,Chip Transaction,-5.47568E+18,Monterey Park,CA,91755,5942,
1207,0,2019,10,12,17:52,$33.44,Chip Transaction,-1.6423E+18,Rome,Italy,,5912,"Bad PIN,"
2,0,2019,5,3,07:30,$7.84,Chip Transaction,-6.03533E+18,Alhambra,CA,91801,5812,
0,0,2019,12,18,20:32,$69.29,Swipe Transaction,-1.60579E+18,La Verne,CA,91750,5812,
1,1,2019,7,4,04:50,$112.27,Chip Transaction,-6.09472E+18,Little Neck,NY,11363,4900,
2,0,2019,3,7,14:37,$45.51,Online Transaction,-6.45844E+18, ONLINE,,,4784,
1231,1,2019,10,5,14:20,$52.96,Chip Transaction,6.0514E+18,Rome,Italy,,5310,
2,1,2019,1,8,04:57,$49.86,Online Transaction,-6.45844E+18, ONLINE,,,4784,
0,0,2019,5,9,13:25,$-95.00,Chip Transaction,2.02755E+18,Mira Loma,CA,91752,5541,
1455,1,2019,1,25,16:55,$139.96,Chip Transaction,6.66197E+18,Rome,Italy,,5211,
1,3,2019,8,12,19:28,$57.30,Chip Transaction,-7.61276E+18,Ogdensburg,NJ,7439,5812,
1006,1,2019,2,14,13:22,$160.00,Chip Transaction,-6.16179E+18,Rome,Italy,,3389,
205,2,2019,10,5,11:09,$4.45,Chip Transaction,-7.27612E+17,Rome,Italy,,5411,
1505,1,2019,8,29,17:27,$81.86,Chip Transaction,-8.83014E+18,Rome,Italy,,5211,
908,1,2019,10,3,11:18,$2.00,Chip Transaction,6.99836E+18,Rome,Italy,,5411,
2,0,2019,6,16,10:24,$46.33,Online Transaction,-6.45844E+18, ONLINE,,,4784,
0,0,2019,8,26,06:31,$36.72,Chip Transaction,-5.47568E+18,Monterey Park,CA,91755,5942,
370,0,2019,10,1,19:51,$38.59,Chip Transaction,5.90183E+17,Rome,Italy,,5094,
0,3,2019,2,15,06:18,$111.06,Swipe Transaction,-2.45178E+17,La Verne,CA,91750,5311,
2,0,2019,5,10,23:59,$1.99,Chip Transaction,-6.57101E+18,Niagara Falls,NY,14303,5499,
2,0,2019,3,25,05:18,$23.91,Online Transaction,-6.45844E+18, ONLINE,,,4784,
1064,6,2019,10,17,18:13,$106.48,Chip Transaction,-8.40529E+18,Rome,Italy,,5651,
628,0,2019,7,23,15:49,$16.80,Chip Transaction,5.50735E+18,Rome,Italy,,4121,
0,3,2019,1,24,06:15,$137.82,Swipe Transaction,1.91348E+18,La Verne,CA,91750,5300,
0,2,2019,4,22,20:15,$85.01,Chip Transaction,-5.0235E+18,Mira Loma,CA,91752,5812,
0,3,2019,7,22,06:46,$39.75,Swipe Transaction,-5.47568E+18,Monterey Park,CA,91755,5942,
1473,1,2019,1,1,13:28,$26.77,Chip Transaction,-8.80451E+18,Rome,Italy,,5712,
466,1,2019,8,3,13:05,$38.86,Chip Transaction,3.18952E+18,Rome,Italy,,5311,
946,2,2019,5,4,10:56,$19.00,Chip Transaction,6.99836E+18,Rome,Italy,,5411,
0,0,2019,10,10,06:28,$148.97,Chip Transaction,1.91348E+18,La Verne,CA,91750,5300,
0,1,2019,1,17,13:28,$81.49,Chip Transaction,-1.28808E+18,La Verne,CA,91750,5499,
0,3,2020,2,15,06:37,$101.53,Swipe Transaction,-2.45178E+17,La Verne,CA,91750,5311,
2,0,2019,1,19,17:10,$44.38,Chip Transaction,-4.16511E+18,West Covina,CA,91792,7538,
2,0,2019,12,2,14:54,$46.17,Online Transaction,-6.45844E+18, ONLINE,,,4784,
1,1,2019,1,20,12:38,$114.95,Chip Transaction,-3.22076E+18,South Ozone Park,NY,11420,5311,
0,3,2020,2,12,13:55,$208.55,Swipe Transaction,1.7153E+18,New York,NY,10128,3722,
2,0,2019,4,12,06:46,$11.15,Chip Transaction,6.04253E+18,West Covina,CA,91792,5912,
2,0,2019,3,21,04:16,$19.03,Chip Transaction,-8.97455E+18,San Francisco,CA,94103,5813,
1327,3,2019,3,25,11:51,$-284.00,Chip Transaction,1.90253E+17,Rome,Italy,,3359,
0,3,2019,12,26,17:49,$17.71,Swipe Transaction,5.81722E+18,La Verne,CA,91750,5912,
764,1,2019,1,8,16:57,$55.73,Chip Transaction,-8.40529E+18,Rome,Italy,,5651,
822,3,2019,7,30,11:41,$4.32,Chip Transaction,-6.16179E+18,Rome,Italy,,3389,
193,2,2019,7,19,18:05,$4.77,Chip Transaction,6.0514E+18,Rome,Italy,,5310,
1,3,2019,5,5,12:39,$12.89,Chip Transaction,-5.65725E+18,Little Neck,NY,11363,5411,
478,0,2019,10,22,12:42,$126.12,Chip Transaction,-2.45178E+17,Rome,Italy,,5311,
0,1,2019,9,21,06:42,$40.21,Chip Transaction,5.81722E+18,La Verne,CA,91750,5912,
0,1,2019,1,3,09:34,$47.73,Chip Transaction,-6.73834E+18,North Oxford,MA,1537,7538,
0,3,2019,8,25,13:09,$65.00,Swipe Transaction,2.02755E+18,Mira Loma,CA,91752,5541,
1,4,2020,1,26,06:56,$18.05,Chip Transaction,-5.16204E+18,Little Neck,NY,11363,5541,
1324,0,2019,5,30,16:34,$8.05,Chip Transaction,-3.15872E+18,Rome,Italy,,5812,
0,3,2019,2,1,13:49,$60.75,Online Transaction,-7.42109E+18, ONLINE,,,5311,
2,0,2019,4,24,13:16,$13.85,Chip Transaction,-3.89612E+17,West Covina,CA,91792,7230,
0,2,2019,12,1,20:13,$55.41,Chip Transaction,-5.0235E+18,Mira Loma,CA,91752,5812,
0,1,2019,1,17,13:29,$87.00,Chip Transaction,-1.28808E+18,La Verne,CA,91750,5499,
1,1,2020,1,26,05:29,$177.75,Chip Transaction,-6.09472E+18,Little Neck,NY,11363,4900,"Insufficient Balance,"
866,0,2019,8,2,18:20,$25.41,Chip Transaction,-7.5187E+18,Rome,Italy,,5813,
2,0,2019,2,24,17:10,$50.59,Chip Transaction,-3.34594E+18,West Covina,CA,91792,7538,
1,3,2019,1,31,05:24,$22.93,Online Transaction,6.45521E+18, ONLINE,,,5815,
0,2,2020,2,26,13:24,$6.00,Chip Transaction,5.2051E+18,New York,NY,10128,5812,
2,0,2019,2,8,14:41,$53.97,Online Transaction,-6.45844E+18, ONLINE,,,4784,
126,0,2019,8,10,16:22,$9.20,Chip Transaction,6.0514E+18,Rome,Italy,,5310,
1572,3,2019,3,7,18:42,$61.27,Chip Transaction,3.41453E+18,Rome,Italy,,5651,
1,1,2019,6,15,13:27,$90.60,Chip Transaction,6.12657E+18,Little Neck,NY,11363,7538,
1,2,2019,5,30,13:07,$13.75,Chip Transaction,-5.16204E+18,Little Neck,NY,11363,5541,
162,2,2019,7,5,10:38,$118.52,Swipe Transaction,4.8349E+17,Rome,Italy,,3504,
2,0,2019,1,7,07:55,$7.58,Swipe Transaction,2.02755E+18,West Covina,CA,91792,5541,
0,1,2019,10,18,06:26,$135.03,Chip Transaction,-4.33423E+18,Highland Park,MI,48203,5541,
0,1,2019,9,18,06:56,$31.77,Chip Transaction,4.06065E+18,La Verne,CA,91750,5411,
1551,2,2019,8,3,15:25,$4.54,Chip Transaction,-1.6423E+18,Rome,Italy,,5912,
2,0,2019,4,14,14:13,$52.99,Online Transaction,-6.45844E+18, ONLINE,,,4784,
1,2,2019,3,12,13:00,$0.84,Chip Transaction,-5.47568E+18,Rego Park,NY,11374,5942,
1607,3,2019,10,22,13:37,$145.66,Chip Transaction,4.57388E+18,Rome,Italy,,5045,
1304,4,2019,3,30,16:25,$58.44,Chip Transaction,6.0514E+18,Rome,Italy,,5310,
0,0,2020,1,31,12:42,$73.42,Chip Transaction,-7.14667E+18,Monterey Park,CA,91755,5970,
2,0,2019,5,20,04:15,$18.23,Chip Transaction,8.5104E+18,Niagara Falls,NY,14303,5813,
583,2,2019,5,7,15:59,$23.69,Chip Transaction,5.90183E+17,Rome,Italy,,5094,
1,3,2019,2,2,09:28,$6.22,Chip Transaction,9.70328E+16,Oakland Gardens,NY,11364,5411,
1617,2,2019,10,22,17:26,$2.73,Chip Transaction,-8.40529E+18,Rome,Italy,,5651,
0,3,2019,2,15,16:52,$25.71,Online Transaction,4.24134E+18, ONLINE,,,4814,
256,0,2019,7,2,15:28,$75.00,Chip Transaction,-5.16204E+18,Rome,Italy,,5541,
0,0,2019,1,18,07:52,$37.96,Chip Transaction,5.81722E+18,La Verne,CA,91750,5912,
1,4,2019,4,4,10:39,$30.84,Chip Transaction,6.4899E+18,Little Neck,NY,11363,5211,
1,3,2019,3,17,13:55,$95.66,Chip Transaction,-6.73834E+18,Corona,NY,11368,7538,
0,1,2019,2,3,06:46,$48.72,Chip Transaction,-3.45515E+16,La Verne,CA,91750,5912,
1571,4,2019,3,28,16:49,$6.24,Chip Transaction,-3.39554E+18,Rome,Italy,,5311,
1,1,2020,2,4,08:06,$-63.00,Chip Transaction,1.79919E+18,Little Neck,NY,11363,5499,
406,1,2019,10,11,11:06,$13.87,Chip Transaction,-1.28808E+18,Rome,Italy,,5499,
0,3,2019,5,19,06:13,$118.97,Swipe Transaction,4.06065E+18,La Verne,CA,91750,5411,"Insufficient Balance,"
1487,4,2019,5,11,12:26,$372.97,Chip Transaction,3.18952E+18,Rome,Italy,,5311,
2,0,2019,12,24,03:55,$20.87,Swipe Transaction,-1.64421E+18,West Covina,CA,91792,5813,
1191,3,2019,3,12,17:52,$1.76,Chip Transaction,6.66197E+18,Rome,Italy,,5211,
1478,3,2019,5,30,12:21,$16.79,Chip Transaction,6.99836E+18,Rome,Italy,,5411,
182,0,2019,1,8,14:50,$9.68,Chip Transaction,5.50735E+18,Rome,Italy,,4121,
0,2,2019,4,21,12:49,$80.41,Chip Transaction,-7.14667E+18,Monterey Park,CA,91755,5970,
156,0,2019,10,25,18:27,$58.60,Chip Transaction,6.99836E+18,Rome,Italy,,5411,
1558,2,2019,5,9,11:29,$136.84,Chip Transaction,2.02755E+18,Rome,Italy,,5541,
0,3,2019,10,15,16:40,$104.20,Swipe Transaction,7.55138E+18,Detroit,MI,48202,5655,
0,2,2019,11,27,06:10,$94.46,Chip Transaction,1.91348E+18,Staten Island,NY,10302,5300,
450,0,2019,3,23,12:45,$21.31,Chip Transaction,5.90183E+17,Rome,Italy,,5094,
0,1,2019,7,30,13:00,$65.69,Chip Transaction,2.02755E+18,Mira Loma,CA,91752,5541,
205,2,2019,10,5,11:03,$30.55,Chip Transaction,9.05774E+18,Rome,Italy,,5311,
182,0,2019,1,17,14:18,$69.47,Chip Transaction,6.99836E+18,Rome,Italy,,5411,
1,1,2019,1,10,09:17,$-100.00,Chip Transaction,1.79919E+18,Little Neck,NY,11363,5499,
0,1,2020,2,14,06:23,$124.40,Chip Transaction,5.81722E+18,La Verne,CA,91750,5912,
100,3,2019,3,29,11:38,$46.00,Chip Transaction,-6.16179E+18,Rome,Italy,,3389,
785,0,2019,5,30,12:58,$82.84,Chip Transaction,-1.6423E+18,Rome,Italy,,5912,
1064,6,2019,10,25,18:09,$3.53,Chip Transaction,5.50735E+18,Rome,Italy,,4121,
1,1,2019,3,23,11:05,$-344.00,Swipe Transaction,-1.12121E+17,New Britain,CT,6052,3509,
1008,4,2019,10,4,14:45,$1111.01,Chip Transaction,3.18952E+18,Rome,Italy,,5311,
1551,2,2019,7,30,19:41,$35.35,Chip Transaction,6.0514E+18,Rome,Italy,,5310,
822,3,2019,7,30,16:20,$8.59,Chip Transaction,3.18952E+18,Rome,Italy,,5311,
0,3,2019,12,27,12:13,$421.00,Swipe Transaction,-1.12121E+17,Brownsville,TX,78520,3509,
914,4,2019,1,26,13:33,$33.40,Chip Transaction,5.90183E+17,Rome,Italy,,5094,
0,3,2019,12,23,06:08,$142.86,Swipe Transaction,-3.45515E+16,La Verne,CA,91750,5912,
1781,1,2019,4,23,10:40,$127.36,Chip Transaction,6.0514E+18,Rome,Italy,,5310,
767,0,2019,6,25,12:03,$12.55,Chip Transaction,-7.14667E+18,Rome,Italy,,5970,
348,3,2019,3,28,13:38,$28.22,Chip Transaction,3.01718E+18,Rome,Italy,,5921,
1515,5,2019,4,5,15:08,$55.82,Chip Transaction,-6.16179E+18,Rome,Italy,,3389,
1,3,2019,6,7,10:04,$69.31,Chip Transaction,-5.46792E+18,Oakland Gardens,NY,11364,5912,
1885,1,2019,7,6,11:41,$113.19,Chip Transaction,-1.6423E+18,Rome,Italy,,5912,
2,0,2019,3,11,09:29,$143.19,Online Transaction,-3.28934E+18, ONLINE,,,4899,
0,0,2019,8,19,13:51,$65.03,Chip Transaction,-2.45178E+17,La Verne,CA,91750,5311,
0,3,2019,5,23,06:26,$180.00,Swipe Transaction,-4.28247E+18,Mira Loma,CA,91752,4829,
0,3,2019,3,3,09:59,$151.09,Online Transaction,-9.09268E+18, ONLINE,,,4900,
1579,2,2019,1,24,18:02,$0.38,Chip Transaction,-3.39554E+18,Rome,Italy,,5311,
1,1,2019,11,1,10:05,$87.83,Chip Transaction,1.76341E+18,Little Neck,NY,11363,5912,
0,3,2019,12,3,06:27,$114.92,Swipe Transaction,4.06065E+18,La Verne,CA,91750,5411,
0,2,2019,2,26,14:46,$131.98,Chip Transaction,6.13029E+18,La Verne,CA,91750,5651,
2,0,2019,1,4,09:42,$56.43,Online Transaction,-6.45844E+18, ONLINE,,,4784,
509,1,2019,10,8,18:54,$21.35,Swipe Transaction,6.0514E+18,Rome,Italy,,5310,
1,4,2019,8,10,15:37,$20.07,Chip Transaction,6.13521E+18,Little Neck,NY,11363,9402,
1,1,2019,2,28,10:17,$85.27,Chip Transaction,-5.47568E+18,Rego Park,NY,11374,5942,
0,3,2019,4,26,06:10,$155.21,Swipe Transaction,3.52721E+18,La Verne,CA,91750,5300,
0,1,2020,1,23,05:50,$40.64,Chip Transaction,4.72291E+18,Merced,CA,95341,5411,
1675,0,2019,10,17,18:20,$117.46,Chip Transaction,9.05774E+18,Rome,Italy,,5311,
1129,0,2019,5,23,11:25,$60.88,Chip Transaction,5.90183E+17,Rome,Italy,,5094,
1641,1,2019,5,30,10:33,$0.77,Chip Transaction,-2.45178E+17,Rome,Italy,,5311,
940,2,2019,10,12,15:07,$61.68,Chip Transaction,8.18129E+18,Rome,Italy,,5661,
1478,3,2019,5,28,14:42,$0.93,Chip Transaction,-3.39554E+18,Rome,Italy,,5311,
1049,1,2019,8,31,17:22,$79.02,Chip Transaction,-2.45178E+17,Rome,Italy,,5311,
0,2,2020,2,19,06:37,$107.83,Chip Transaction,5.81722E+18,La Verne,CA,91750,5912,
1528,2,2019,6,22,11:18,$206.26,Chip Transaction,-2.45178E+17,Rome,Italy,,5311,
2,0,2019,6,2,07:58,$5.63,Chip Transaction,-6.03533E+18,Alhambra,CA,91801,5812,
341,2,2019,4,16,11:20,$196.76,Chip Transaction,1.7153E+18,Rome,Italy,,3722,
1,2,2020,2,24,11:28,$81.65,Chip Transaction,-7.14667E+18,Jackson Heights,NY,11372,5970,
913,0,2019,2,12,15:22,$14.91,Chip Transaction,5.50735E+18,Rome,Italy,,4121,
597,0,2019,10,1,19:19,$12.88,Chip Transaction,2.02755E+18,Rome,Italy,,5541,
1,3,2019,2,13,16:53,$5.45,Swipe Transaction,-2.16533E+18,Fresh Meadows,NY,11365,5311,
0,3,2019,10,22,06:25,$115.29,Swipe Transaction,5.64126E+18,Detroit,MI,48202,5912,
0,3,2020,2,9,20:18,$126.73,Online Transaction,4.24134E+18, ONLINE,,,4814,
0,2,2019,3,7,13:45,$59.39,Chip Transaction,-5.47568E+18,Monterey Park,CA,91755,5942,
1,2,2019,6,25,10:04,$90.04,Chip Transaction,-5.65725E+18,Little Neck,NY,11363,5411,
0,2,2019,2,14,12:39,$6.36,Chip Transaction,3.52721E+18,La Verne,CA,91750,5300,
1576,3,2019,5,31,11:18,$4.47,Chip Transaction,9.05774E+18,Rome,Italy,,5311,
1,3,2019,6,20,07:57,$-96.00,Chip Transaction,1.79919E+18,Little Neck,NY,11363,5499,
1,1,2019,3,7,13:32,$102.29,Chip Transaction,-6.73834E+18,Corona,NY,11368,7538,
1163,5,2019,2,2,14:25,$1.05,Chip Transaction,-7.27612E+17,Rome,Italy,,5411,
2,0,2019,9,26,04:30,$50.03,Online Transaction,-6.45844E+18, ONLINE,,,4784,
727,1,2019,9,5,12:34,$94.37,Chip Transaction,3.41453E+18,Rome,Italy,,5651,
1,1,2019,11,15,18:21,$116.55,Chip Transaction,-5.65725E+18,Little Neck,NY,11363,5411,
0,3,2019,12,6,06:22,$60.00,Swipe Transaction,-4.28247E+18,Mira Loma,CA,91752,4829,
73,0,2019,2,2,11:33,$91.38,Swipe Transaction,-7.27612E+17,Rome,Italy,,5411,
425,2,2019,2,12,11:42,$0.64,Chip Transaction,3.18952E+18,Rome,Italy,,5311,"Bad PIN,"
0,3,2019,11,17,06:53,$105.37,Swipe Transaction,-3.45515E+16,La Verne,CA,91750,5912,
1,1,2019,11,17,06:34,$14.16,Chip Transaction,1.79919E+18,Little Neck,NY,11363,5499,
773,0,2019,1,1,17:52,$29.61,Chip Transaction,-7.5187E+18,Rome,Italy,,5813,
785,0,2019,5,21,10:48,$27.24,Chip Transaction,6.0514E+18,Rome,Italy,,5310,
2,0,2020,1,19,07:53,$8.11,Chip Transaction,3.63912E+18,West Covina,CA,91792,5814,
0,3,2019,6,1,06:39,$163.69,Swipe Transaction,-2.45178E+17,La Verne,CA,91750,5311,
0,3,2019,1,6,07:03,$106.59,Swipe Transaction,-3.3943E+18,North Grafton,MA,1536,5411,
0,3,2019,10,22,13:11,$-63.00,Swipe Transaction,-4.33423E+18,Highland Park,MI,48203,5541,
768,1,2019,4,16,17:53,$25.04,Chip Transaction,5.90183E+17,Rome,Italy,,5094,
414,3,2019,10,8,19:55,$2.67,Chip Transaction,-5.16204E+18,Rome,Italy,,5541,
2,0,2019,4,17,07:22,$9.46,Chip Transaction,-4.89106E+18,West Covina,CA,91792,5411,
0,3,2019,8,17,06:41,$80.00,Swipe Transaction,-4.28247E+18,Mira Loma,CA,91752,4829,
6,1,2019,3,21,16:58,$71.82,Chip Transaction,4.57388E+18,Rome,Italy,,5045,
0,3,2019,11,1,06:46,$28.43,Swipe Transaction,-5.47568E+18,Monterey Park,CA,91755,5942,
680,1,2019,8,6,04:22,$1.87,Chip Transaction,4.8349E+17,Rome,Italy,,3504,
1064,6,2019,10,25,13:41,$-382.00,Chip Transaction,-3.36283E+18,Rome,Italy,,7011,
365,2,2019,5,7,17:48,$105.48,Chip Transaction,6.0514E+18,Rome,Italy,,5310,
597,0,2019,9,27,14:51,$404.00,Chip Transaction,-1.12121E+17,Rome,Italy,,3509,
0,0,2019,9,1,13:24,$11.92,Chip Transaction,-4.50054E+18,La Verne,CA,91750,5814,
1006,1,2019,2,2,12:47,$64.01,Chip Transaction,6.99836E+18,Rome,Italy,,5411,
182,0,2019,1,15,11:56,$61.28,Chip Transaction,-2.45178E+17,Rome,Italy,,5311,
0,2,2020,2,27,14:41,$180.70,Chip Transaction,1.27047E+18,Waianae,HI,96792,3730,
1,3,2019,1,14,18:33,$78.02,Chip Transaction,4.31886E+18,Little Neck,NY,11363,5812,
2,0,2019,12,16,06:11,$11.44,Chip Transaction,-5.47568E+18,Spring Valley,CA,91977,5942,
1508,4,2019,6,11,17:33,$27.02,Chip Transaction,5.90183E+17,Rome,Italy,,5094,
0,1,2019,9,29,20:14,$132.98,Chip Transaction,8.38425E+17,Mira Loma,CA,91752,4814,
1798,0,2019,3,23,13:05,$24.73,Chip Transaction,3.18952E+18,Rome,Italy,,5311,
1,1,2019,1,28,06:41,$70.01,Chip Transaction,-8.40529E+18,Jackson Heights,NY,11372,5651,
1996,3,2019,6,28,14:38,$164.05,Chip Transaction,-8.80451E+18,Rome,Italy,,5712,
0,2,2019,6,22,20:14,$108.53,Online Transaction,4.24134E+18, ONLINE,,,4814,
1323,1,2019,2,14,19:27,$18.78,Chip Transaction,-8.80451E+18,Rome,Italy,,5712,
322,1,2019,5,25,15:02,$38.40,Chip Transaction,-8.40529E+18,Rome,Italy,,5651,
2,0,2019,8,15,04:49,$29.01,Online Transaction,-6.45844E+18, ONLINE,,,4784,
1178,1,2019,9,6,16:58,$6.95,Chip Transaction,3.18952E+18,Rome,Italy,,5311,
882,0,2019,1,31,15:28,$4.96,Chip Transaction,-3.39554E+18,Rome,Italy,,5311,
1234,3,2019,10,15,11:54,$48.76,Chip Transaction,3.18952E+18,Rome,Italy,,5311,
1478,3,2019,5,24,10:37,$105.59,Chip Transaction,5.90183E+17,Rome,Italy,,5094,
1607,4,2019,10,1,16:44,$5.78,Chip Transaction,-7.27612E+17,Rome,Italy,,5411,
2,0,2019,4,6,14:45,$40.76,Online Transaction,-6.45844E+18, ONLINE,,,4784,
1,1,2020,1,23,10:32,$1242.76,Chip Transaction,-2.91654E+18,Fresh Meadows,NY,11365,5712,
1425,7,2019,7,11,12:19,$66.23,Chip Transaction,9.05774E+18,Rome,Italy,,5311,
0,3,2019,9,26,06:15,$28.81,Swipe Transaction,-7.27612E+17,Monterey Park,CA,91754,5411,
182,0,2019,1,25,17:44,$433.44,Chip Transaction,-2.91654E+18,Rome,Italy,,5712,
413,0,2019,10,22,11:28,$101.42,Swipe Transaction,-2.45178E+17,Rome,Italy,,5311,
2,0,2019,12,16,15:08,$58.04,Online Transaction,-6.45844E+18, ONLINE,,,4784,
901,1,2019,4,20,19:14,$3.44,Chip Transaction,-8.80451E+18,Rome,Italy,,5712,
0,2,2019,12,13,21:04,$151.73,Chip Transaction,-3.45515E+16,La Verne,CA,91750,5912,
190,2,2019,8,29,16:06,$88.67,Chip Transaction,5.90183E+17,Rome,Italy,,5094,
796,1,2019,2,15,15:24,$132.76,Swipe Transaction,6.0514E+18,Rome,Italy,,5310,
0,3,2019,1,5,06:27,$75.36,Swipe Transaction,7.52243E+18,Princeton,MA,1541,5411,
0,1,2019,10,30,06:08,$160.00,Chip Transaction,-4.28247E+18,Mira Loma,CA,91752,4829,
597,0,2019,10,12,15:59,$1.74,Chip Transaction,3.18952E+18,Rome,Italy,,5311,
1,1,2019,9,19,08:17,$-77.00,Chip Transaction,-5.16204E+18,Little Neck,NY,11363,5541,
0,3,2019,3,4,06:13,$114.79,Swipe Transaction,2.02755E+18,Mira Loma,CA,91752,5541,"Insufficient Balance,"
748,1,2019,4,4,12:21,$129.83,Chip Transaction,9.05774E+18,Rome,Italy,,5311,
1324,0,2019,6,20,12:17,$110.98,Chip Transaction,-8.40529E+18,Rome,Italy,,5651,
0,2,2019,8,14,21:36,$22.24,Chip Transaction,-3.26567E+18,Monterey Park,CA,91754,7832,
0,0,2019,7,12,06:50,$53.79,Chip Transaction,-3.45515E+16,La Verne,CA,91750,5912,
0,1,2019,11,14,13:08,$55.66,Chip Transaction,-1.28808E+18,La Verne,CA,91750,5499,
509,1,2019,1,9,12:01,$-183.00,Swipe Transaction,-1.12121E+17,Rome,Italy,,3509,
1,2,2019,2,28,13:42,$106.74,Chip Transaction,-3.49962E+18,Little Neck,NY,11363,7538,
1977,0,2019,10,10,14:32,$307.15,Chip Transaction,1.7153E+18,Rome,Italy,,3722,
1528,2,2019,6,21,16:07,$352.50,Chip Transaction,-8.80451E+18,Rome,Italy,,5712,
283,0,2019,7,6,18:15,$53.33,Chip Transaction,-5.16204E+18,Rome,Italy,,5541,"Bad PIN,"
1689,2,2019,1,19,14:07,$74.90,Chip Transaction,6.99836E+18,Rome,Italy,,5411,
2,0,2019,2,25,09:35,$52.94,Online Transaction,-6.45844E+18, ONLINE,,,4784,
0,3,2019,1,20,06:43,$40.23,Swipe Transaction,-3.45515E+16,La Verne,CA,91750,5912,
2,0,2020,1,24,14:26,$25.21,Online Transaction,-6.45844E+18, ONLINE,,,4784,
1324,0,2019,6,13,16:40,$7.97,Chip Transaction,7.06958E+18,Rome,Italy,,5812,
822,3,2019,7,23,11:09,$33.98,Chip Transaction,3.01718E+18,Rome,Italy,,5921,
1476,0,2019,2,16,12:07,$16.76,Chip Transaction,-1.28808E+18,Rome,Italy,,5499,
2,0,2019,11,5,04:38,$69.78,Online Transaction,-6.45844E+18, ONLINE,,,4784,
0,3,2019,8,17,13:01,$-88.00,Swipe Transaction,-1.28808E+18,La Verne,CA,91750,5499,
1298,2,2019,9,7,11:28,$110.15,Swipe Transaction,-7.80705E+18,Rome,Italy,,3684,
913,1,2019,5,2,17:38,$59.72,Swipe Transaction,9.05774E+18,Rome,Italy,,5311,
156,0,2019,10,4,17:46,$15.02,Chip Transaction,6.99836E+18,Rome,Italy,,5411,
1364,2,2019,5,14,17:18,$5.48,Chip Transaction,-7.5187E+18,Rome,Italy,,5813,
1,1,2020,1,20,13:11,$0.37,Chip Transaction,4.93736E+18,Little Neck,NY,11363,5300,
2,0,2019,10,20,14:58,$42.66,Online Transaction,-6.45844E+18, ONLINE,,,4784,
1169,4,2019,8,16,16:28,$22.65,Chip Transaction,5.50735E+18,Rome,Italy,,4121,
1675,0,2019,10,19,14:22,$201.00,Chip Transaction,1.90253E+17,Rome,Italy,,3359,
1,2,2019,7,2,18:01,$111.87,Chip Transaction,9.70328E+16,Oakland Gardens,NY,11364,5411,
0,3,2019,3,28,06:03,$184.24,Swipe Transaction,2.02755E+18,Mira Loma,CA,91752,5541,
946,1,2019,6,1,14:18,$16.17,Chip Transaction,-4.75206E+18,Rome,Italy,,4214,
0,3,2019,4,26,06:55,$27.65,Swipe Transaction,4.06065E+18,La Verne,CA,91750,5411,
0,1,2019,6,23,10:14,$74.96,Chip Transaction,-3.34594E+18,La Verne,CA,91750,7538,
230,1,2019,1,12,13:55,$74.17,Chip Transaction,5.90183E+17,Rome,Italy,,5094,
531,2,2019,7,11,11:11,$206.43,Chip Transaction,-2.45178E+17,Rome,Italy,,5311,
1,1,2019,1,4,18:43,$62.36,Chip Transaction,-5.0235E+18,Little Neck,NY,11363,5812,
0,3,2019,7,21,05:55,$133.07,Swipe Transaction,-2.45178E+17,La Verne,CA,91750,5311,
193,2,2019,7,23,13:30,$15.41,Chip Transaction,2.02755E+18,Rome,Italy,,5541,
1,2,2019,3,11,12:44,$30.90,Chip Transaction,3.9499E+18,Oakland Gardens,NY,11364,7349,
2,0,2019,12,6,06:31,$15.41,Chip Transaction,6.04253E+18,West Covina,CA,91792,5912,
1166,0,2019,6,18,15:48,$76.13,Chip Transaction,9.05774E+18,Rome,Italy,,5311,
740,1,2019,4,20,12:15,$98.04,Chip Transaction,-8.90095E+18,Rome,Italy,,5621,
1675,0,2019,10,12,18:38,$639.28,Chip Transaction,3.18952E+18,Rome,Italy,,5311,
2,0,2019,2,20,04:36,$46.43,Online Transaction,-6.45844E+18, ONLINE,,,4784,
1885,1,2019,8,13,15:41,$489.00,Chip Transaction,-1.12121E+17,Rome,Italy,,3509,
1,2,2019,3,19,12:20,$226.88,Chip Transaction,8.37923E+18,Little Neck,NY,11363,8931,
2,0,2019,12,1,07:44,$8.32,Chip Transaction,4.72291E+18,Alhambra,CA,91801,5411,
2,0,2019,7,3,15:15,$-303.00,Chip Transaction,3.99132E+18,Staten Island,NY,10304,3405,
410,1,2019,9,6,13:46,$5.50,Chip Transaction,5.50735E+18,Rome,Italy,,4121,
509,1,2019,1,3,17:43,$21.43,Swipe Transaction,-1.6423E+18,Rome,Italy,,5912,
2,0,2019,4,4,07:16,$38.59,Chip Transaction,1.43225E+18,Alhambra,CA,91803,7832,
570,0,2019,10,19,18:13,$55.28,Chip Transaction,3.41453E+18,Rome,Italy,,5651,
1734,5,2019,7,12,16:41,$180.11,Chip Transaction,-5.16204E+18,Rome,Italy,,5541,
1405,1,2019,5,16,11:37,$0.49,Chip Transaction,6.99836E+18,Rome,Italy,,5411,
802,2,2019,4,11,13:34,$62.30,Chip Transaction,-8.90095E+18,Rome,Italy,,5621,
156,0,2019,10,25,18:25,$84.89,Chip Transaction,8.18129E+18,Rome,Italy,,5661,
914,4,2019,1,22,16:53,$82.70,Chip Transaction,-8.40529E+18,Rome,Italy,,5651,
1,2,2019,6,24,13:32,$93.85,Chip Transaction,-3.49962E+18,Little Neck,NY,11363,7538,
1576,3,2019,5,17,18:06,$123.07,Chip Transaction,6.0514E+18,Rome,Italy,,5310,
605,5,2019,2,23,11:49,$11.56,Chip Transaction,4.57388E+18,Rome,Italy,,5045,
2,0,2019,7,23,13:44,$43.46,Online Transaction,-6.45844E+18, ONLINE,,,4784,
0,2,2019,6,6,06:14,$26.23,Chip Transaction,5.81722E+18,La Verne,CA,91750,5912,
1,1,2019,7,2,08:00,$-84.00,Chip Transaction,-5.16204E+18,Little Neck,NY,11363,5541,
1419,3,2019,3,23,19:16,$218.31,Chip Transaction,-7.80705E+18,Rome,Italy,,3684,
796,1,2019,2,14,11:28,$38.30,Swipe Transaction,6.99836E+18,Rome,Italy,,5411,
1103,1,2019,3,15,19:25,$0.41,Chip Transaction,-5.16204E+18,Rome,Italy,,5541,
0,2,2019,5,11,06:57,$35.96,Chip Transaction,4.06065E+18,La Verne,CA,91750,5411,
230,1,2019,1,26,13:27,$0.15,Chip Transaction,-2.45178E+17,Rome,Italy,,5311,
0,2,2019,3,8,17:37,$4.45,Online Transaction,-5.21142E+17, ONLINE,,,5815,
0,3,2019,8,28,06:00,$133.68,Swipe Transaction,2.02755E+18,Mira Loma,CA,91752,5541,
1,2,2019,5,20,08:13,$-88.00,Chip Transaction,1.79919E+18,Little Neck,NY,11363,5499,
0,3,2019,7,19,06:11,$136.65,Swipe Transaction,-3.45515E+16,La Verne,CA,91750,5912,
1,4,2019,1,28,13:14,$0.61,Chip Transaction,-3.22224E+18,Little Neck,NY,11363,5651,
0,3,2019,10,19,06:32,$25.87,Swipe Transaction,5.64126E+18,Detroit,MI,48202,5912,
230,1,2019,1,10,19:38,$32.60,Chip Transaction,-7.5187E+18,Rome,Italy,,5813,
0,0,2019,7,16,13:50,$3.81,Swipe Transaction,3.56025E+17,La Verne,CA,91750,5921,
0,3,2019,1,11,06:17,$165.62,Swipe Transaction,9.05774E+18,Sterling,MA,1564,5311,
1780,3,2019,6,15,12:17,$168.78,Swipe Transaction,-7.27612E+17,Rome,Italy,,5411,
1103,1,2019,3,21,12:49,$3.41,Chip Transaction,6.0514E+18,Rome,Italy,,5310,
0,3,2019,3,8,06:14,$199.07,Swipe Transaction,1.91348E+18,La Verne,CA,91750,5300,
0,0,2019,7,20,06:15,$147.63,Online Transaction,-7.42109E+18, ONLINE,,,5311,
1780,1,2019,3,7,12:06,$65.08,Swipe Transaction,-7.5187E+18,Rome,Italy,,5813,
1743,0,2019,1,29,12:12,$165.94,Chip Transaction,6.99836E+18,Rome,Italy,,5411,
0,2,2019,9,25,16:49,$17.24,Chip Transaction,3.52721E+18,La Verne,CA,91750,5300,
1683,1,2019,10,3,11:21,$194.20,Chip Transaction,6.66197E+18,Rome,Italy,,5211,
1487,0,2019,8,2,15:55,$193.41,Chip Transaction,8.40186E+18,Rome,Italy,,3006,
0,3,2019,7,5,06:02,$124.96,Swipe Transaction,-3.45515E+16,La Verne,CA,91750,5912,
0,3,2019,4,12,13:29,$154.21,Online Transaction,-9.09268E+18, ONLINE,,,4900,
0,0,2019,1,12,05:54,$132.82,Chip Transaction,1.91348E+18,Sturbridge,MA,1566,5300,
487,2,2019,4,16,19:56,$51.00,Chip Transaction,-1.28808E+18,Rome,Italy,,5499,
579,1,2019,3,19,15:10,$41.36,Chip Transaction,9.05774E+18,Rome,Italy,,5311,
50,2,2019,4,20,14:29,$6.98,Chip Transaction,7.48862E+18,Rome,Italy,,5651,
2,0,2019,12,8,17:11,$50.32,Chip Transaction,-3.34594E+18,West Covina,CA,91792,7538,
1234,3,2019,10,22,16:24,$36.94,Chip Transaction,3.18952E+18,Rome,Italy,,5311,
1,2,2019,8,20,19:02,$120.67,Chip Transaction,-6.09472E+18,Little Neck,NY,11363,4900,
0,3,2019,10,18,16:55,$127.83,Swipe Transaction,6.09869E+18,Detroit,MI,48202,5300,
745,1,2019,10,8,18:39,$0.14,Swipe Transaction,6.99836E+18,Rome,Italy,,5411,
0,2,2019,6,3,13:11,$9.89,Swipe Transaction,-1.60579E+18,La Verne,CA,91750,5812,
1178,1,2019,9,17,18:13,$54.86,Chip Transaction,2.02755E+18,Rome,Italy,,5541,
1166,0,2019,6,28,11:13,$138.88,Chip Transaction,-3.39554E+18,Rome,Italy,,5311,
1487,0,2019,8,10,18:32,$41.91,Chip Transaction,-1.6423E+18,Rome,Italy,,5912,
0,3,2019,3,28,15:19,$142.08,Swipe Transaction,4.8349E+17,Indio,CA,92202,3504,
1,4,2020,1,17,13:00,$16.09,Chip Transaction,9.70328E+16,Oakland Gardens,NY,11364,5411,
176,2,2019,10,1,15:10,$23.24,Chip Transaction,-7.5187E+18,Rome,Italy,,5813,
0,3,2019,10,30,06:27,$128.79,Swipe Transaction,5.81722E+18,La Verne,CA,91750,5912,
0,3,2019,6,13,13:23,$202.17,Online Transaction,-9.09268E+18, ONLINE,,,4900,
100,3,2019,3,28,12:01,$37.40,Chip Transaction,-1.12121E+17,Rome,Italy,,3509,
1234,3,2019,10,8,15:14,$53.05,Chip Transaction,-7.27612E+17,Rome,Italy,,5411,
2,0,2019,9,12,06:54,$15.95,Chip Transaction,-5.86136E+18,West Covina,CA,91792,5912,
1477,2,2019,3,21,14:51,$111.32,Chip Transaction,-5.67429E+18,Rome,Italy,,5733,
1477,2,2019,8,1,11:19,$3.24,Chip Transaction,-6.01867E+18,Rome,Italy,,5947,
377,2,2019,9,5,12:45,$65.29,Chip Transaction,-2.45178E+17,Rome,Italy,,5311,
0,2,2019,3,28,19:55,$178.14,Online Transaction,4.24134E+18, ONLINE,,,4814,
2,0,2019,11,11,07:17,$8.12,Chip Transaction,-4.89106E+18,West Covina,CA,91792,5411,
1,3,2019,3,26,14:44,$86.32,Chip Transaction,-8.62285E+18,Little Neck,NY,11363,5261,
0,2,2019,4,18,09:01,$113.55,Chip Transaction,3.52721E+18,La Verne,CA,91750,5300,
190,2,2019,8,24,14:52,$0.46,Chip Transaction,-7.14667E+18,Rome,Italy,,5970,
1641,1,2019,6,4,17:26,$47.04,Chip Transaction,-8.83014E+18,Rome,Italy,,5211,
628,0,2019,7,19,10:41,$0.49,Chip Transaction,6.99836E+18,Rome,Italy,,5411,
0,3,2019,2,7,06:23,$156.76,Swipe Transaction,-7.27612E+17,Monterey Park,CA,91754,5411,
1414,0,2019,3,2,10:57,$100.61,Chip Transaction,2.91975E+18,Rome,Italy,,5932,
1,1,2019,4,10,13:53,$86.84,Chip Transaction,6.12657E+18,Little Neck,NY,11363,7538,
2,0,2020,1,16,15:49,$60.00,Chip Transaction,-4.28247E+18,Chula Vista,CA,91910,4829,
0,0,2019,9,18,06:13,$141.05,Chip Transaction,-7.27612E+17,Monterey Park,CA,91754,5411,
441,0,2019,6,22,14:04,$44.61,Chip Transaction,3.18952E+18,Rome,Italy,,5311,
1,2,2019,7,2,13:34,$105.37,Chip Transaction,-6.73834E+18,Corona,NY,11368,7538,
283,0,2019,7,26,13:38,$20.28,Chip Transaction,7.06958E+18,Rome,Italy,,5812,"Bad PIN,"
1958,4,2019,2,23,13:16,$0.36,Chip Transaction,-8.83014E+18,Rome,Italy,,5211,
1237,0,2019,10,15,13:50,$1.43,Chip Transaction,3.18952E+18,Rome,Italy,,5311,
126,0,2019,8,22,14:45,$23.01,Chip Transaction,-3.39554E+18,Rome,Italy,,5311,
1,3,2019,9,25,06:30,$77.50,Chip Transaction,6.69846E+18,Fresh Meadows,NY,11366,4814,
0,2,2019,5,31,13:06,$69.32,Chip Transaction,-1.28808E+18,La Verne,CA,91750,5499,
1,3,2019,1,7,06:38,$63.05,Chip Transaction,-5.90412E+18,Flushing,NY,11367,5719,
2,0,2019,2,17,14:36,$44.68,Online Transaction,-6.45844E+18, ONLINE,,,4784,
0,0,2019,8,3,09:31,$59.24,Chip Transaction,3.95215E+18,La Verne,CA,91750,7538,
829,3,2019,1,12,15:55,$182.50,Chip Transaction,7.48862E+18,Rome,Italy,,5651,
785,0,2019,5,25,12:55,$25.40,Chip Transaction,-6.16179E+18,Rome,Italy,,3389,
1993,1,2019,6,14,15:07,$162.00,Chip Transaction,-1.12121E+17,Rome,Italy,,3509,"Bad PIN,"
413,1,2019,4,11,17:27,$0.54,Chip Transaction,-7.27612E+17,Rome,Italy,,5411,
0,3,2019,6,23,05:50,$120.44,Swipe Transaction,5.81722E+18,La Verne,CA,91750,5912,
2,0,2019,7,26,06:30,$46.55,Swipe Transaction,2.02755E+18,West Covina,CA,91792,5541,
0,0,2019,11,11,13:19,$-62.00,Chip Transaction,-1.28808E+18,San Diego,CA,92153,5499,
0,3,2019,10,12,11:56,$44.92,Swipe Transaction,3.52721E+18,La Verne,CA,91750,5300,
0,2,2020,2,1,06:13,$133.61,Chip Transaction,-2.45178E+17,La Verne,CA,91750,5311,
1780,1,2019,3,8,17:44,$26.77,Swipe Transaction,6.0514E+18,Rome,Italy,,5310,
0,2,2019,7,23,06:32,$41.93,Chip Transaction,-7.27612E+17,Monterey Park,CA,91754,5411,
1581,1,2019,6,13,15:13,$10.74,Chip Transaction,6.99836E+18,Rome,Italy,,5411,
0,1,2019,4,22,07:12,$162.31,Chip Transaction,3.52721E+18,La Verne,CA,91750,5300,
866,0,2019,8,3,11:57,$357.00,Chip Transaction,-7.80705E+18,Rome,Italy,,3684,
1790,0,2019,3,15,14:19,$1.66,Chip Transaction,6.0514E+18,Rome,Italy,,5310,
0,3,2019,8,16,06:26,$76.16,Swipe Transaction,2.02755E+18,Mira Loma,CA,91752,5541,
2,0,2020,2,9,05:57,$13.99,Chip Transaction,4.72291E+18,Alhambra,CA,91801,5411,
1996,3,2019,6,27,15:08,$50.21,Chip Transaction,6.66197E+18,Rome,Italy,,5211,
0,3,2019,8,19,05:50,$129.71,Swipe Transaction,-7.27612E+17,Monterey Park,CA,91754,5411,
2,0,2020,1,5,14:35,$39.52,Online Transaction,-6.45844E+18, ONLINE,,,4784,
2,0,2019,5,26,16:22,$11.44,Chip Transaction,8.7556E+17,West Covina,CA,91792,5921,
0,3,2019,12,16,13:48,$880.51,Swipe Transaction,1.83964E+18,Walnut,CA,91789,3000,
0,0,2019,1,29,06:56,$131.32,Chip Transaction,5.81722E+18,La Verne,CA,91750,5912,
579,1,2019,3,14,14:20,$642.93,Chip Transaction,-8.80451E+18,Rome,Italy,,5712,
0,3,2019,2,25,14:14,$8.16,Swipe Transaction,5.81722E+18,La Verne,CA,91750,5912,
509,1,2019,1,4,17:55,$4.65,Swipe Transaction,-3.39554E+18,Rome,Italy,,5311,
0,3,2019,6,5,08:24,$31.28,Swipe Transaction,-7.27612E+17,Monterey Park,CA,91754,5411,
0,0,2020,2,9,20:09,$65.90,Chip Transaction,-4.50054E+18,La Verne,CA,91750,5814,"Insufficient Balance,"
802,2,2019,4,4,18:39,$59.36,Chip Transaction,6.99836E+18,Rome,Italy,,5411,
2,0,2019,12,3,07:01,$42.04,Chip Transaction,-3.26567E+18,West Covina,CA,91792,7832,
0,2,2019,5,18,09:24,$43.75,Chip Transaction,-3.34594E+18,La Verne,CA,91750,7538,
866,1,2019,5,18,17:34,$115.77,Chip Transaction,-1.12121E+17,Rome,Italy,,3509,
1,2,2019,7,14,14:20,$-104.00,Chip Transaction,4.55289E+18,Oakland,CA,94606,3596,
0,3,2019,8,7,06:53,$51.07,Swipe Transaction,4.06065E+18,La Verne,CA,91750,5411,
882,0,2019,2,5,10:56,$2.94,Chip Transaction,-2.45178E+17,Rome,Italy,,5311,
0,3,2019,6,2,05:56,$147.09,Swipe Transaction,4.06065E+18,La Verne,CA,91750,5411,
156,0,2019,9,21,19:05,$6.77,Chip Transaction,-4.75206E+18,Rome,Italy,,4214,
1926,4,2019,5,30,14:54,$79.15,Chip Transaction,4.57388E+18,Rome,Italy,,5045,
0,3,2019,12,6,06:23,$159.94,Swipe Transaction,4.06065E+18,La Verne,CA,91750,5411,
1,1,2019,10,6,18:29,$55.84,Chip Transaction,-5.16204E+18,Little Neck,NY,11363,5541,
1353,1,2019,1,25,17:00,$6.50,Chip Transaction,9.05774E+18,Rome,Italy,,5311,
0,3,2020,1,27,06:08,$144.83,Swipe Transaction,3.52721E+18,La Verne,CA,91750,5300,
0,0,2019,10,3,06:57,$44.61,Chip Transaction,4.06065E+18,La Verne,CA,91750,5411,
1419,3,2019,3,21,18:29,$25.43,Chip Transaction,-1.6423E+18,Rome,Italy,,5912,
0,3,2019,6,4,06:48,$35.29,Swipe Transaction,-5.47568E+18,Monterey Park,CA,91755,5942,
1201,3,2019,5,23,14:03,$219.00,Swipe Transaction,-7.80705E+18,Rome,Italy,,3684,
727,1,2019,9,3,11:24,$24.32,Chip Transaction,-3.39554E+18,Rome,Italy,,5311,
256,0,2019,6,29,14:29,$420.00,Chip Transaction,1.7153E+18,Rome,Italy,,3722,
1191,3,2019,3,19,14:50,$234.00,Chip Transaction,1.90253E+17,Rome,Italy,,3359,
1734,5,2019,7,5,17:44,$78.30,Chip Transaction,-1.6423E+18,Rome,Italy,,5912,
410,1,2019,9,10,18:22,$8.04,Chip Transaction,6.99836E+18,Rome,Italy,,5411,
2,0,2019,5,24,23:47,$1.85,Chip Transaction,6.6665E+18,West Covina,CA,91792,5499,
0,0,2019,6,23,06:18,$106.25,Chip Transaction,2.02755E+18,Mira Loma,CA,91752,5541,
2,0,2020,2,4,23:33,$1.98,Chip Transaction,6.6665E+18,West Covina,CA,91792,5499,
632,2,2019,10,10,12:31,$0.11,Chip Transaction,-7.27612E+17,Rome,Italy,,5411,
0,1,2019,1,29,06:54,$45.35,Chip Transaction,-5.47568E+18,Monterey Park,CA,91755,5942,
1304,4,2019,3,26,14:26,$393.88,Chip Transaction,4.8349E+17,Rome,Italy,,3504,
1546,2,2019,3,21,18:17,$56.72,Chip Transaction,9.05774E+18,Rome,Italy,,5311,
1,1,2019,5,12,04:59,$-483.00,Chip Transaction,4.8349E+17,Montgomery,AL,36105,3504,
1,2,2019,4,20,18:01,$108.86,Swipe Transaction,-2.16533E+18,Fresh Meadows,NY,11365,5311,
1353,1,2019,1,31,14:18,$1.12,Chip Transaction,6.0514E+18,Rome,Italy,,5310,
1,2,2019,7,21,15:36,$13.16,Chip Transaction,6.13521E+18,Little Neck,NY,11363,9402,
634,5,2019,10,15,13:07,$13.17,Chip Transaction,6.09856E+18,Rome,Italy,,4214,
0,3,2019,10,21,13:27,$62.00,Swipe Transaction,-4.33423E+18,Highland Park,MI,48203,5541,
2,0,2019,6,29,05:00,$52.11,Online Transaction,-6.45844E+18, ONLINE,,,4784,
1,2,2019,6,30,08:09,$-100.00,Chip Transaction,1.79919E+18,Little Neck,NY,11363,5499,
620,1,2019,8,8,12:38,$9.14,Chip Transaction,-5.16204E+18,Rome,Italy,,5541,
2,0,2019,2,13,06:49,$48.66,Chip Transaction,1.11113E+18,West Covina,CA,91792,5300,
1450,0,2019,10,12,13:42,$21.92,Chip Transaction,3.18952E+18,Rome,Italy,,5311,
556,0,2019,7,23,10:50,$82.05,Chip Transaction,6.99836E+18,Rome,Italy,,5411,"Insufficient Balance,"
1164,0,2019,4,27,17:31,$76.68,Chip Transaction,7.48862E+18,Rome,Italy,,5651,
2,0,2019,2,9,23:40,$2.20,Chip Transaction,6.6665E+18,West Covina,CA,91792,5499,
1076,0,2019,2,22,12:15,$80.39,Chip Transaction,-2.45178E+17,Rome,Italy,,5311,
1945,1,2019,10,1,16:12,$0.53,Chip Transaction,6.0514E+18,Rome,Italy,,5310,
0,2,2019,9,7,21:25,$41.76,Chip Transaction,7.94533E+18,La Verne,CA,91750,4900,
0,1,2019,2,15,06:49,$41.84,Chip Transaction,-5.47568E+18,Monterey Park,CA,91755,5942,
813,4,2019,2,12,18:55,$54.26,Chip Transaction,1.90253E+17,Rome,Italy,,3359,
1414,0,2019,3,8,12:22,$-397.00,Chip Transaction,4.8349E+17,Rome,Italy,,3504,
1,2,2020,2,14,13:18,$17.82,Chip Transaction,4.31886E+18,Little Neck,NY,11363,5812,
1996,3,2019,6,22,19:15,$8.12,Chip Transaction,2.02755E+18,Rome,Italy,,5541,
2,0,2019,9,24,06:52,$40.49,Chip Transaction,-3.26567E+18,West Covina,CA,91792,7832,
1,4,2019,8,19,10:18,$38.34,Chip Transaction,-7.14667E+18,Jackson Heights,NY,11372,5970,
413,1,2019,4,12,13:50,$71.09,Chip Transaction,9.05774E+18,Rome,Italy,,5311,
0,2,2019,1,22,13:04,$-79.00,Chip Transaction,-1.28808E+18,La Verne,CA,91750,5499,
1,3,2019,4,3,05:33,$13.01,Chip Transaction,1.79919E+18,Little Neck,NY,11363,5499,
1,2,2019,9,23,08:24,$99.00,Chip Transaction,1.79919E+18,Little Neck,NY,11363,5499,
299,0,2019,1,11,19:28,$138.94,Chip Transaction,9.05774E+18,Rome,Italy,,5311,
680,1,2019,8,2,14:17,$13.28,Chip Transaction,-7.27612E+17,Rome,Italy,,5411,
0,0,2019,9,6,06:47,$54.20,Chip Transaction,-5.47568E+18,Monterey Park,CA,91755,5942,
1,4,2020,2,3,13:03,$51.55,Online Transaction,4.24134E+18, ONLINE,,,4814,
1,1,2019,2,6,19:10,$77.63,Chip Transaction,4.7517E+18,San Antonio,TX,78251,5814,
193,2,2019,7,9,10:31,$1.79,Chip Transaction,6.0514E+18,Rome,Italy,,5310,
0,2,2019,11,12,06:31,$138.22,Chip Transaction,1.91348E+18,Cabazon,CA,92230,5300,
1,2,2020,1,26,05:16,$145.23,Chip Transaction,-6.09472E+18,Little Neck,NY,11363,4900,
2,0,2019,12,27,07:24,$44.03,Chip Transaction,-3.26567E+18,West Covina,CA,91792,7832,
829,3,2019,1,17,13:30,$251.61,Chip Transaction,-1.6423E+18,Rome,Italy,,5912,
1581,1,2019,6,15,14:58,$-96.00,Chip Transaction,2.02755E+18,Rome,Italy,,5541,
0,3,2019,10,17,20:23,$48.50,Swipe Transaction,-5.09543E+18,Detroit,MI,48202,5812,
748,1,2019,4,5,19:25,$69.60,Chip Transaction,3.18952E+18,Rome,Italy,,5311,
0,2,2019,7,23,09:50,$53.31,Chip Transaction,-3.34594E+18,La Verne,CA,91750,7538,
1006,1,2019,2,16,17:24,$543.66,Chip Transaction,3.18952E+18,Rome,Italy,,5311,
1,4,2019,1,25,11:30,$15.88,Swipe Transaction,-6.73026E+18,Little Neck,NY,11363,7210,
0,0,2019,12,1,13:33,$46.47,Chip Transaction,6.66197E+18,Ontario,CA,91761,5211,
341,2,2019,5,10,13:01,$2.44,Chip Transaction,6.0514E+18,Rome,Italy,,5310,
2,0,2019,8,15,06:56,$13.80,Chip Transaction,-5.47568E+18,Spring Valley,CA,91977,5942,
1709,2,2019,5,2,12:08,$159.46,Swipe Transaction,9.05774E+18,Rome,Italy,,5311,
0,3,2019,1,31,06:08,$162.21,Swipe Transaction,-7.27612E+17,Monterey Park,CA,91754,5411,
1780,3,2019,6,13,14:26,$9.04,Swipe Transaction,-7.27612E+17,Rome,Italy,,5411,
1551,2,2019,8,13,13:44,$8.42,Chip Transaction,1.79919E+18,Rome,Italy,,5499,
740,1,2019,4,27,19:00,$17.89,Chip Transaction,-2.45178E+17,Rome,Italy,,5311,
0,0,2019,12,12,06:27,$101.50,Chip Transaction,3.52721E+18,La Verne,CA,91750,5300,
914,4,2019,1,25,16:30,$1.65,Chip Transaction,-3.15872E+18,Rome,Italy,,5812,
1,2,2019,9,23,08:20,$-99.00,Chip Transaction,1.79919E+18,Little Neck,NY,11363,5499,
176,2,2019,10,3,13:30,$17.33,Chip Transaction,5.50735E+18,Rome,Italy,,4121,
1,2,2019,8,11,18:34,$185.06,Chip Transaction,-1.00748E+18,Marysville,OH,43040,3780,"Insufficient Balance,"
908,1,2019,10,5,17:02,$145.00,Chip Transaction,1.90253E+17,Rome,Italy,,3359,
0,3,2019,3,30,06:29,$131.04,Swipe Transaction,-7.27612E+17,Monterey Park,CA,91754,5411,
1473,1,2019,1,1,12:15,$1.19,Chip Transaction,6.34125E+18,Rome,Italy,,7210,
2,0,2019,4,19,23:05,$1.78,Chip Transaction,6.6665E+18,West Covina,CA,91792,5499,
0,2,2020,1,30,21:54,$37.84,Swipe Transaction,-6.73317E+18,Mira Loma,CA,91752,7832,
1958,4,2019,2,22,16:55,$229.00,Chip Transaction,-6.16179E+18,Rome,Italy,,3389,
425,2,2019,3,12,16:50,$87.05,Chip Transaction,6.0514E+18,Rome,Italy,,5310,
1122,1,2019,10,3,15:58,$63.97,Chip Transaction,9.05774E+18,Rome,Italy,,5311,
1,2,2019,3,21,18:59,$48.80,Chip Transaction,8.04867E+18,Moretown,VT,5660,5812,
901,0,2019,5,9,17:39,$57.97,Swipe Transaction,-3.39554E+18,Rome,Italy,,5311,
1006,1,2019,2,15,14:40,$98.52,Chip Transaction,9.05774E+18,Rome,Italy,,5311,
0,3,2020,1,21,20:12,$187.31,Swipe Transaction,8.38425E+17,Mira Loma,CA,91752,4814,
1,3,2019,6,9,06:34,$13.64,Chip Transaction,1.79919E+18,Little Neck,NY,11363,5499,
1178,1,2019,8,31,14:37,$0.45,Chip Transaction,7.48862E+18,Rome,Italy,,5651,
773,0,2019,1,3,15:21,$111.61,Chip Transaction,2.02755E+18,Rome,Italy,,5541,
1933,2,2019,8,8,19:30,$6.19,Swipe Transaction,-3.39554E+18,Rome,Italy,,5311,
1167,5,2019,3,14,09:21,$-205.00,Chip Transaction,4.8349E+17,Rome,Italy,,3504,
882,0,2019,2,2,12:10,$2.67,Chip Transaction,-4.75206E+18,Rome,Italy,,4214,
2,0,2019,1,5,06:40,$10.75,Chip Transaction,-4.89106E+18,West Covina,CA,91792,5411,
0,2,2019,11,19,06:35,$22.74,Chip Transaction,-3.45515E+16,La Verne,CA,91750,5912,
1169,4,2019,8,20,16:18,$10.02,Chip Transaction,-7.5187E+18,Rome,Italy,,5813,
1725,0,2019,8,2,13:54,$71.28,Chip Transaction,9.05774E+18,Rome,Italy,,5311,
0,2,2020,2,12,06:08,$134.96,Chip Transaction,1.91348E+18,La Verne,CA,91750,5300,
0,3,2020,1,15,06:11,$37.41,Swipe Transaction,4.06065E+18,La Verne,CA,91750,5411,
71,1,2019,10,8,11:03,$269.65,Chip Transaction,-1.6423E+18,Rome,Italy,,5912,
1398,0,2019,3,8,12:37,$2.12,Chip Transaction,6.99836E+18,Rome,Italy,,5411,
0,3,2020,1,31,06:50,$108.07,Swipe Transaction,1.91348E+18,La Verne,CA,91750,5300,
2,0,2019,6,20,23:46,$1.75,Chip Transaction,6.6665E+18,West Covina,CA,91792,5499,
773,0,2019,1,3,13:00,$451.00,Chip Transaction,1.7153E+18,Rome,Italy,,3722,
2,0,2019,2,3,06:58,$10.54,Chip Transaction,-4.89106E+18,West Covina,CA,91792,5411,
1,1,2019,10,17,10:20,$85.11,Chip Transaction,-5.47568E+18,Rego Park,NY,11374,5942,
1,2,2019,5,20,08:09,$91.06,Chip Transaction,1.79919E+18,Little Neck,NY,11363,5499,
1958,0,2019,7,25,16:04,$33.11,Chip Transaction,3.18952E+18,Rome,Italy,,5311,
1977,0,2019,10,22,19:11,$92.19,Chip Transaction,-8.90095E+18,Rome,Italy,,5621,
1062,6,2019,8,1,19:33,$3.09,Chip Transaction,7.48862E+18,Rome,Italy,,5651,
81,2,2019,5,17,15:19,$19.55,Chip Transaction,-7.27612E+17,Rome,Italy,,5411,
509,1,2019,1,3,18:42,$38.84,Swipe Transaction,-4.50054E+18,Rome,Italy,,5814,
1,2,2019,1,20,10:45,$895.15,Chip Transaction,-2.91654E+18,Fresh Meadows,NY,11365,5712,
126,0,2019,8,17,13:03,$188.37,Chip Transaction,6.0514E+18,Rome,Italy,,5310,
41,1,2019,8,22,12:49,$4.30,Chip Transaction,-3.15872E+18,Rome,Italy,,5812,
611,0,2019,1,18,15:17,$0.73,Chip Transaction,9.05774E+18,Rome,Italy,,5311,
781,0,2019,10,25,12:16,$44.33,Chip Transaction,-2.45178E+17,Rome,Italy,,5311,
1,2,2019,8,30,21:11,$32.31,Chip Transaction,2.13217E+18,Little Neck,NY,11363,5813,
0,3,2019,8,14,20:21,$95.72,Swipe Transaction,-4.50054E+18,La Verne,CA,91750,5814,
729,6,2019,10,25,15:19,$32.19,Chip Transaction,6.0514E+18,Rome,Italy,,5310,
1,2,2019,6,22,13:03,$0.65,Chip Transaction,1.10189E+18,Little Neck,NY,11363,5310,
1,2,2019,11,2,08:46,$-66.00,Chip Transaction,-5.16204E+18,Little Neck,NY,11363,5541,
1528,2,2019,7,11,18:41,$1.64,Chip Transaction,-1.6423E+18,Rome,Italy,,5912,
0,2,2019,5,20,06:01,$80.19,Chip Transaction,-2.45178E+17,La Verne,CA,91750,5311,
182,0,2019,1,26,12:53,$-86.00,Chip Transaction,-5.16204E+18,Rome,Italy,,5541,
0,3,2019,4,5,06:14,$127.78,Swipe Transaction,4.06065E+18,La Verne,CA,91750,5411,
1,1,2019,7,29,13:56,$74.93,Chip Transaction,6.12657E+18,Little Neck,NY,11363,7538,
0,0,2019,12,25,06:19,$104.39,Chip Transaction,3.52721E+18,La Verne,CA,91750,5300,
1780,1,2019,3,12,17:48,$29.79,Swipe Transaction,-5.16204E+18,Rome,Italy,,5541,
0,3,2019,4,10,21:44,$21.25,Swipe Transaction,-5.41338E+18,La Verne,CA,91750,5813,
1780,1,2019,3,15,14:41,$63.34,Swipe Transaction,-8.40529E+18,Rome,Italy,,5651,
0,2,2019,2,19,13:36,$65.52,Chip Transaction,8.08093E+18,Monterey Park,CA,91754,5310,
0,3,2019,7,27,13:53,$68.98,Swipe Transaction,1.87845E+18,La Verne,CA,91750,5310,
1231,1,2019,9,28,17:59,$20.17,Chip Transaction,5.50735E+18,Rome,Italy,,4121,"Bad PIN,"
81,2,2019,5,17,10:57,$360.55,Chip Transaction,6.66197E+18,Rome,Italy,,5211,
1,1,2020,1,23,06:31,$101.83,Swipe Transaction,-2.16533E+18,Fresh Meadows,NY,11365,5311,
176,2,2019,10,1,15:04,$5.49,Chip Transaction,-2.45178E+17,Rome,Italy,,5311,
126,0,2019,8,22,11:42,$26.01,Chip Transaction,3.18952E+18,Rome,Italy,,5311,
0,3,2019,2,18,21:55,$30.36,Swipe Transaction,-5.41338E+18,La Verne,CA,91750,5813,
1089,0,2019,6,13,19:30,$2.25,Chip Transaction,6.0514E+18,Rome,Italy,,5310,
2,0,2019,11,8,08:40,$50.56,Online Transaction,-6.45844E+18, ONLINE,,,4784,
548,0,2019,8,24,13:26,$82.32,Chip Transaction,-8.83014E+18,Rome,Italy,,5211,
0,0,2019,12,8,20:29,$84.38,Chip Transaction,-5.0235E+18,San Diego,CA,92108,5812,
531,2,2019,8,3,08:17,$-405.00,Chip Transaction,-3.36283E+18,Rome,Italy,,7011,
2,0,2019,7,15,07:25,$45.99,Chip Transaction,1.43225E+18,Alhambra,CA,91803,7832,
1002,1,2019,6,25,13:57,$163.73,Chip Transaction,-3.15872E+18,Rome,Italy,,5812,
1776,2,2019,1,25,16:52,$7.75,Chip Transaction,6.99836E+18,Rome,Italy,,5411,
1781,1,2019,5,16,13:26,$32.69,Chip Transaction,-7.27612E+17,Rome,Italy,,5411,
0,1,2019,9,27,06:52,$36.59,Chip Transaction,-3.45515E+16,La Verne,CA,91750,5912,
1,1,2019,8,10,18:03,$97.02,Chip Transaction,1.76341E+18,Little Neck,NY,11363,5912,
98,3,2019,1,11,15:19,$9.45,Chip Transaction,-3.39554E+18,Rome,Italy,,5311,
2,0,2019,1,29,08:28,$7.21,Chip Transaction,3.63912E+18,West Covina,CA,91792,5814,
2,0,2020,2,13,15:30,$20.00,Chip Transaction,-4.28247E+18,Chula Vista,CA,91910,4829,
0,0,2019,5,7,06:04,$129.49,Chip Transaction,4.06065E+18,La Verne,CA,91750,5411,
1249,3,2019,6,27,17:35,$10.62,Chip Transaction,-3.39554E+18,Rome,Italy,,5311,
2,0,2019,2,15,15:36,$40.00,Chip Transaction,-4.28247E+18,Chula Vista,CA,91910,4829,
0,2,2019,1,26,13:59,$12.14,Chip Transaction,4.06065E+18,La Verne,CA,91750,5411,
0,1,2019,9,13,09:44,$64.92,Chip Transaction,3.95215E+18,La Verne,CA,91750,7538,
1364,2,2019,5,2,12:44,$623.75,Chip Transaction,3.18952E+18,Rome,Italy,,5311,
0,3,2019,8,25,06:15,$161.04,Swipe Transaction,2.02755E+18,Mira Loma,CA,91752,5541,
0,3,2019,4,12,19:36,$159.52,Swipe Transaction,8.38425E+17,Mira Loma,CA,91752,4814,
0,1,2019,6,27,05:48,$107.03,Chip Transaction,-3.45515E+16,La Verne,CA,91750,5912,
0,3,2019,7,21,06:08,$128.24,Swipe Transaction,-2.45178E+17,La Verne,CA,91750,5311,
0,3,2020,1,9,20:59,$46.96,Online Transaction,5.80513E+18, ONLINE,,,7349,
1206,0,2019,8,24,12:04,$384.00,Chip Transaction,-6.16179E+18,Rome,Italy,,3389,
1844,2,2019,10,15,13:23,$55.35,Chip Transaction,-1.6423E+18,Rome,Italy,,5912,
796,1,2019,2,14,11:20,$17.38,Swipe Transaction,6.0514E+18,Rome,Italy,,5310,
0,3,2019,7,7,06:37,$31.16,Swipe Transaction,5.81722E+18,La Verne,CA,91750,5912,
1,4,2020,1,15,13:26,$0.66,Chip Transaction,-3.22224E+18,Little Neck,NY,11363,5651,
1607,3,2019,10,18,16:54,$21.33,Chip Transaction,9.05774E+18,Rome,Italy,,5311,
0,0,2019,10,4,06:54,$38.71,Chip Transaction,-5.47568E+18,Monterey Park,CA,91755,5942,
1,1,2019,8,19,15:21,$217.94,Chip Transaction,-3.22076E+18,South Ozone Park,NY,11420,5311,
1231,1,2019,10,3,19:48,$133.81,Chip Transaction,6.0514E+18,Rome,Italy,,5310,
6,1,2019,3,12,13:55,$0.09,Chip Transaction,3.18952E+18,Rome,Italy,,5311,
901,1,2019,4,12,11:22,$23.03,Chip Transaction,3.18952E+18,Rome,Italy,,5311,
0,3,2019,7,23,06:11,$135.79,Swipe Transaction,1.91348E+18,La Verne,CA,91750,5300,
517,3,2019,4,18,16:57,$38.44,Chip Transaction,9.05774E+18,Rome,Italy,,5311,
1320,5,2019,8,2,15:48,$34.57,Chip Transaction,3.01718E+18,Rome,Italy,,5921,
1,1,2020,2,7,13:25,$0.60,Chip Transaction,1.10189E+18,Little Neck,NY,11363,5310,
1,4,2019,7,19,11:28,$14.39,Swipe Transaction,-6.73026E+18,Little Neck,NY,11363,7210,
605,5,2019,3,1,15:18,$0.70,Chip Transaction,3.18952E+18,Rome,Italy,,5311,
0,0,2019,3,4,14:48,$78.23,Chip Transaction,-3.03858E+17,La Verne,CA,91750,5251,
1366,1,2019,5,31,16:42,$89.34,Chip Transaction,-1.6423E+18,Rome,Italy,,5912,
0,3,2019,2,3,13:08,$49.02,Swipe Transaction,2.02755E+18,Mira Loma,CA,91752,5541,
2,0,2020,2,4,07:43,$8.72,Chip Transaction,-4.89106E+18,West Covina,CA,91792,5411,
1,1,2019,7,13,13:56,$76.31,Chip Transaction,-6.73834E+18,Pequannock,NJ,7440,7538,
1,1,2019,1,26,13:09,$0.79,Chip Transaction,9.70328E+16,Oakland Gardens,NY,11364,5411,
6,1,2019,3,9,16:38,$7.23,Chip Transaction,5.50735E+18,Rome,Italy,,4121,
204,1,2019,5,16,13:37,$48.38,Chip Transaction,-2.45178E+17,Rome,Italy,,5311,
2,0,2019,2,5,06:38,$12.64,Chip Transaction,-5.86136E+18,West Covina,CA,91792,5912,
0,1,2019,1,7,09:31,$56.58,Chip Transaction,-6.73834E+18,North Oxford,MA,1537,7538,
2,0,2019,2,15,14:55,$51.44,Online Transaction,-6.45844E+18, ONLINE,,,4784,
2,0,2019,9,9,23:57,$1.85,Chip Transaction,6.6665E+18,West Covina,CA,91792,5499,
0,2,2019,7,14,06:50,$41.55,Chip Transaction,-5.47568E+18,Monterey Park,CA,91755,5942,
2,0,2019,10,28,09:41,$48.17,Online Transaction,-6.45844E+18, ONLINE,,,4784,
278,1,2019,4,4,15:07,$143.50,Chip Transaction,4.57388E+18,Rome,Italy,,5045,
0,2,2019,10,24,13:23,$10.80,Chip Transaction,4.72291E+18,Highland Park,MI,48203,5411,
1249,3,2019,6,29,16:59,$0.85,Chip Transaction,3.41453E+18,Rome,Italy,,5651,
946,2,2019,5,14,15:33,$12.02,Chip Transaction,5.50735E+18,Rome,Italy,,4121,
643,0,2019,4,6,12:39,$169.68,Chip Transaction,6.99836E+18,Rome,Italy,,5411,
1,1,2019,10,14,10:29,$66.90,Chip Transaction,1.91348E+18,Fresh Meadows,NY,11366,5300,
0,3,2020,1,5,20:18,$78.33,Swipe Transaction,5.2051E+18,San Antonio,TX,78259,5812,
1,3,2019,10,6,13:01,$56.50,Chip Transaction,6.69846E+18,Fresh Meadows,NY,11366,4814,
1983,4,2019,8,13,16:47,$39.13,Chip Transaction,6.66197E+18,Rome,Italy,,5211,
432,2,2019,5,21,16:49,$722.85,Chip Transaction,-8.80451E+18,Rome,Italy,,5712,
156,0,2019,9,21,10:53,$3.38,Chip Transaction,3.18952E+18,Rome,Italy,,5311,
0,0,2019,11,11,13:04,$49.32,Chip Transaction,-1.28808E+18,San Diego,CA,92153,5499,
1,2,2020,2,18,08:26,$-88.00,Chip Transaction,1.79919E+18,Little Neck,NY,11363,5499,
0,3,2019,6,20,06:16,$58.26,Swipe Transaction,-3.45515E+16,La Verne,CA,91750,5912,
162,2,2019,6,25,13:00,$21.45,Swipe Transaction,6.0514E+18,Rome,Italy,,5310,"Bad PIN,"
2,0,2019,2,8,14:25,$131.21,Chip Transaction,-9.0416E+17,West Covina,CA,91792,8099,
2,0,2020,2,5,04:14,$12.32,Swipe Transaction,-1.64421E+18,West Covina,CA,91792,5813,
0,3,2019,8,28,06:39,$48.30,Swipe Transaction,-3.45515E+16,La Verne,CA,91750,5912,
0,1,2020,2,21,06:11,$117.58,Chip Transaction,-2.45178E+17,La Verne,CA,91750,5311,
299,0,2019,1,3,17:15,$19.60,Chip Transaction,5.50735E+18,Rome,Italy,,4121,
1477,2,2019,3,22,16:31,$5.85,Chip Transaction,-5.16204E+18,Rome,Italy,,5541,
824,0,2019,2,7,12:12,$5.13,Chip Transaction,4.57388E+18,Rome,Italy,,5045,"Bad PIN,"
1877,1,2019,8,30,18:31,$114.10,Chip Transaction,7.48862E+18,Rome,Italy,,5651,
0,3,2019,11,13,19:19,$-316.00,Swipe Transaction,1.7153E+18,San Diego,CA,92154,3722,
2,0,2019,10,27,14:31,$52.72,Online Transaction,-6.45844E+18, ONLINE,,,4784,
2,0,2019,9,27,04:53,$25.75,Online Transaction,-6.45844E+18, ONLINE,,,4784,
0,3,2019,2,1,13:25,$12.01,Swipe Transaction,4.06065E+18,La Verne,CA,91750,5411,
1,2,2019,6,30,17:52,$79.31,Chip Transaction,-5.0235E+18,Little Neck,NY,11363,5812,
0,0,2019,8,18,06:29,$124.36,Chip Transaction,1.91348E+18,La Verne,CA,91750,5300,
341,2,2019,4,11,17:07,$25.25,Chip Transaction,-1.6423E+18,Rome,Italy,,5912,
620,1,2019,8,8,12:57,$57.00,Chip Transaction,-5.16204E+18,Rome,Italy,,5541,
882,0,2019,1,31,19:35,$64.05,Chip Transaction,-8.40529E+18,Rome,Italy,,5651,
1731,0,2019,8,15,15:33,$16.25,Chip Transaction,6.99836E+18,Rome,Italy,,5411,
0,1,2020,2,7,06:12,$123.01,Chip Transaction,-7.27612E+17,Monterey Park,CA,91754,5411,
531,2,2019,7,19,17:20,$34.86,Chip Transaction,1.7153E+18,Rome,Italy,,3722,
1178,1,2019,9,24,11:42,$99.66,Chip Transaction,6.0514E+18,Rome,Italy,,5310,
0,3,2019,4,2,06:02,$100.00,Swipe Transaction,-4.28247E+18,Banning,CA,92220,4829,
